id,czech,translation,pronunciation,audio,sequence,level_id,part_id,language_id
10990,angličtina,English,ˈɪŋɡlɪʃ,english,1,1,,1
10991,ano,yes,jˈɛs,yes,2,1,,1
10992,ne,no,nˈoʊ,no,3,1,,1
10993,chlapec,boy,bˈɔɪ,boy,4,1,,1
10994,dívka,girl,ɡˈɜːl,girl,5,1,,1
10995,bratr,brother,bɹˈʌðɚ,brother,6,1,,1
10996,sestra,sister,sˈɪstɚ,sister,7,1,,1
10997,matka,mother,mˈʌðɚ,mother,8,1,,1
10998,otec,father,fˈɑːðɚ,father,9,1,,1
10999,pes,dog,dˈɑːɡ,dog,10,1,,1
11000,kočka,cat,kˈæt,cat,11,1,,1
11001,auto,car,kˈɑːɹ,car,12,1,,1
11002,dům,house,hˈaʊs,house,13,1,,1
11003,hračka,toy,tˈɔɪ,toy,14,1,,1
11004,jíst,eat,ˈiːt,eat,15,1,,1
11005,hrát,play,plˈeɪ,play,16,1,,1
11006,pít,drink,dɹˈɪŋk,drink,17,1,,1
11007,mít rád,like,lˈaɪk,like,18,1,,1
11008,číst,read,ɹˈiːd,read,19,1,,1
11009,učit se,learn,lˈɜːn,learn,20,1,,1
11010,škola,school,skˈuːl,school,21,1,,1
11011,kniha,book,bˈʊk,book,22,1,,1
11012,s,with,wˈɪð,with,23,1,,1
11013,všechno,all,ˈɔːl,all,24,1,,1
11014,a,and,ˈænd,and,25,1,,1
11015,muž,man,mˈæn,man,26,1,,1
11016,žena,woman,wˈʊmən,woman,27,1,,1
11017,kamarád,friend,fɹˈɛnd,friend,28,1,,1
11018,snadný,easy,ˈiːzi,easy,29,1,,1
10978,tvrdý,hard,hˈɑːɹd,hard,30,1,,1
11019,malý,small,smˈɔːl,small,31,1,,1
11020,velký,big,bˈɪɡ,big,32,1,,1
11021,den,day,dˈeɪ,day,33,1,,1
11022,konec,end,ˈɛnd,end,34,1,,1
11023,rodina,family,fˈæmɪli,family,35,1,,1
11024,domov,home,hˈoʊm,home,36,1,,1
11025,jméno,name,nˈeɪm,name,37,1,,1
11026,lidé,people,pˈiːpəl,people,38,1,,1
11027,mluvit,speak,spˈiːk,speak,39,1,,1
11028,zeptat se,ask,ˈæsk,ask,40,1,,1
11029,oko,eye,ˈaɪ,eye,41,1,,1
11030,dítě,child,tʃˈaɪld,child,42,1,,1
11031,syn,son,sˈʌn,son,43,1,,1
11032,dcera,daughter,dˈɔːɾɚ,daughter,44,1,,1
11033,strýc,uncle,ˈʌŋkəl,uncle,45,1,,1
11034,teta,aunt,ˈænt,aunt,46,1,,1
11035,dědeček,grandfather,ɡɹˈændfɑːðɚ,grandfather,47,1,,1
11036,babička,grandmother,ɡɹˈændmʌðɚ,grandmother,48,1,,1
11037,vnuk,grandson,ɡɹˈændsʌn,grandson,49,1,,1
11038,vnučka,granddaughter,ɡɹˈændɔːɾɚ,granddaughter,50,1,,1
11039,sestřenice,cousin,kˈʌzən,cousin,51,1,,1
11040,bratranec,cousin,kˈʌzən,cousin,52,1,,1
11041,synovec,nephew,nˈɛfjuː,nephew,53,1,,1
11042,neteř,niece,nˈiːs,niece,54,1,,1
11043,ráno,morning,mˈɔːɹnɪŋ,morning,55,1,,1
11044,poledne,noon,nˈuːn,noon,56,1,,1
11045,odpoledne,afternoon,ˌæftɚnˈuːn,afternoon,57,1,,1
11046,večer,evening,ˈiːvnɪŋ,evening,58,1,,1
11047,noc,night,nˈaɪt,night,59,1,,1
11048,půlnoc,midnight,mˈɪdnaɪt,midnight,60,1,,1
11049,rodič,parent,pˈɛɹənt,parent,61,1,,1
11050,jít,go,ɡˈoʊ,go,62,1,,1
11051,být,be,bˈiː,be,63,1,,1
11052,dělat,do,dˈuː,do,64,1,,1
11053,mít,have,hˈæv,have,65,1,,1
11054,otevřít,open,ˈoʊpən,open,66,1,,1
11055,otázka,question,kwˈɛstʃən,question,67,1,,1
11056,místnost,room,ɹˈuːm,room,68,1,,1
11057,říct,say,sˈeɪ,say,69,1,,1
11058,začít,start,stˈɑːɹt,start,70,1,,1
11059,dnes,today,tədˈeɪ,today,71,1,,1
11060,práce,work,wˈɜːk,work,72,1,,1
11061,pracovat,work,wˈɜːk,work,73,1,,1
11062,slovo,word,wˈɜːd,word,74,1,,1
11063,pomoc,help,hˈɛlp,help,75,1,,1
11064,pomáhat,help,hˈɛlp,help,76,1,,1
11065,židle,chair,tʃˈɛɹ,chair,77,1,,1
11066,znát,know,nˈoʊ,know,78,1,,1
11067,nový,new,nˈuː,new,79,1,,1
11068,papír,paper,pˈeɪpɚ,paper,80,1,,1
11069,prosím,please,plˈiːz,please,81,1,,1
11070,bohatý,rich,ɹˈɪtʃ,rich,82,1,,1
11071,ukázat,show,ʃˈoʊ,show,83,1,,1
11073,vždy,always,ˈɔːlweɪz,always,84,1,,1
11074,tělo,body,bˈɑːdi,body,85,1,,1
11075,opatrný,careful,kˈɛɹfəl,careful,86,1,,1
11076,plakat,cry,kɹˈaɪ,cry,87,1,,1
11077,dveře,door,dˈɔːɹ,door,88,1,,1
11078,všechno,everything,ˈɛvɹɪθˌɪŋ,everything,89,1,,1
11079,obličej,face,fˈeɪs,face,90,1,,1
11080,pokud,if,ˈɪf,if,91,1,,1
11081,mnoho,many,mˈɛni,many,92,1,,1
11082,pero,pen,pˈɛn,pen,93,1,,1
11083,pondělí,monday,mˈʌndeɪ,monday,94,1,,1
11085,úterý,tuesday,tˈuːzdeɪ,tuesday,95,1,,1
11086,středa,wednesday,wˈɛnzdeɪ,wednesday,96,1,,1
11087,čtvrtek,thursday,θˈɜːzdeɪ,thursday,97,1,,1
11088,pátek,friday,fɹˈaɪdeɪ,friday,98,1,,1
11089,sobota,saturday,sˈæɾɚdˌeɪ,saturday,99,1,,1
11090,neděle,sunday,sˈʌndeɪ,sunday,100,1,,1
11091,místo,place,plˈeɪs,place,101,1,,1
11092,silnice,road,ɹˈoʊd,road,102,1,,1
11093,zastavit,stop,stˈɑːp,stop,103,1,,1
11094,student,student,stˈuːdənt,student,104,1,,1
11095,chtít,want,wˈɔnt,want,105,1,,1
11096,odpověď,answer,ˈænsɚ,answer,106,1,,1
11097,jasný,clear,klˈɪɹ,clear,107,1,,1
11098,kancelář,office,ˈɑːfɪs,office,108,1,,1
11631,země,country,kˈʌntɹi,country,109,1,,1
11100,pohovka,sofa,sˈoʊfə,sofa,110,1,,1
11101,voda,water,wˈɔːɾɚ,water,111,1,,1
11102,hotel,hotel,hoʊtˈɛl,hotel,112,1,,1
11103,žíznivý,thirsty,θˈɜːsti,thirsty,113,1,,1
11104,tanec,dance,dˈæns,dance,114,1,,1
11105,každý,each,ˈiːtʃ,each,115,1,,1
11106,práce,job,dʒˈɑːb,job,116,1,,1
11107,život,life,lˈaɪf,life,117,1,,1
11108,zeď,wall,wˈɔːl,wall,118,1,,1
11109,více,more,mˈɔːɹ,more,119,1,,1
11110,park,park,pˈɑːɹk,park,120,1,,1
11111,osoba,person,pˈɜːsən,person,121,1,,1
11112,připravený,ready,ɹˈɛdi,ready,122,1,,1
11113,brzy,soon,sˈuːn,soon,123,1,,1
11114,že,that,ðˈæt,that,124,1,,1
11115,schopen,able,ˈeɪbəl,able,125,1,,1
11116,před,before,bᵻfˈɔːɹ,before,126,1,,1
11117,ale,but,bˈʌt,but,127,1,,1
11118,kuchyně,kitchen,kˈɪtʃən,kitchen,128,1,,1
11168,kino,cinema,sˈɪnəmə,cinema,129,1,,1
11119,čistý,clean,klˈiːn,clean,130,1,,1
11120,podlaha,floor,flˈɔːɹ,floor,131,1,,1
11121,blízko,close,klˈoʊs,close,132,1,,1
11122,snít,dream,dɹˈiːm,dream,133,1,,1
11123,taška,bag,bˈæɡ,bag,134,1,,1
11124,jídlo,food,fˈuːd,food,135,1,,1
11125,zahrada,garden,ɡˈɑːɹdən,garden,136,1,,1
11126,ruka,hand,hˈænd,hand,137,1,,1
11127,uvnitř,inside,ɪnsˈaɪd,inside,138,1,,1
11128,teď,now,nˈaʊ,now,139,1,,1
11129,nebo,or,ˈɔːɹ,or,140,1,,1
11130,obrázek,picture,pˈɪktʃɚ,picture,141,1,,1
11131,řeka,river,ɹˈɪvɚ,river,142,1,,1
11132,loď,ship,ʃˈɪp,ship,143,1,,1
11133,obchod,shop,ʃˈɑːp,shop,144,1,,1
11134,sedět,sit,sˈɪt,sit,145,1,,1
11135,stůl,table,tˈeɪbəl,table,146,1,,1
11136,velmi,very,vˈɛɹi,very,147,1,,1
11137,psát,write,ɹˈaɪt,write,148,1,,1
11138,vzduch,air,ˈɛɹ,air,149,1,,1
11139,černý,black,blˈæk,black,150,1,,1
11140,stanice,station,stˈeɪʃən,station,151,1,,1
11141,z,from,fɹˈʌm,from,152,1,,1
11142,dobré,good,ɡˈʊd,good,153,1,,1
11143,hlava,head,hˈɛd,head,154,1,,1
11144,sýr,cheese,tʃˈiːz,cheese,155,1,,1
11145,knihovna,library,lˈaɪbɹɛɹi,library,156,1,,1
11146,důležitý,important,ɪmpˈɔːɹtənt,important,157,1,,1
11147,země,land,lˈænd,land,158,1,,1
11148,peníze,money,mˈʌni,money,159,1,,1
11149,platit,pay,pˈeɪ,pay,160,1,,1
11150,problém,problem,pɹˈɑːbləm,problem,161,1,,1
11151,běh,run,ɹˈʌn,run,162,1,,1
11152,stejný,same,sˈeɪm,same,163,1,,1
11153,vidět,see,sˈiː,see,164,1,,1
11154,poslat,send,sˈɛnd,send,165,1,,1
11155,věc,thing,θˈɪŋ,thing,166,1,,1
11156,jakýkoliv,any,ˈɛni,any,167,1,,1
11157,jako,as,ˈæz,as,168,1,,1
11158,lepší,better,bˈɛɾɚ,better,169,1,,1
11159,studený,cold,kˈoʊld,cold,170,1,,1
11160,jízdní kolo,bike,bˈaɪk,bike,171,1,,1
11161,přijít,come,kˈʌm,come,172,1,,1
11162,police,shelf,ʃˈɛlf,shelf,173,1,,1
11163,leden,January,dʒˈænjuːˌɛɹi,january,174,1,,1
11164,únor,February,fˈɛbɹuːˌɛɹi,february,175,1,,1
11165,březen,March,mˈɑːɹtʃ,march,176,1,,1
11166,duben,April,ˈeɪpɹəl,april,177,1,,1
11167,květen,May,mˈeɪ,may,178,1,,1
11170,červen,June,dʒˈuːn,june,179,1,,1
11171,červenec,July,dʒuːlˈaɪ,july,180,1,,1
11172,srpen,August,ˈɔːɡəst,august,181,1,,1
11173,září,September,sɛptˈɛmbɚ,september,182,1,,1
11174,říjen,October,ɑːktˈoʊbɚ,october,183,1,,1
11175,listopad,November,noʊvˈɛmbɚ,november,184,1,,1
11176,prosinec,December,dᵻsˈɛmbɚ,december,185,1,,1
11177,lékař,doctor,dˈɑːktɚ,doctor,186,1,,1
11178,trh,market,mˈɑːɹkɪt,market,187,1,,1
11179,najít,find,fˈaɪnd,find,188,1,,1
11180,koš,basket,bˈæskɪt,basket,189,1,,1
11181,hra,game,ɡˈeɪm,game,190,1,,1
11182,idea,idea,aɪdˈiə,idea,191,1,,1
11183,laskavý,kind,kˈaɪnd,kind,192,1,,1
11184,žít,live,lˈaɪv,live,193,1,,1
11185,udělat,make,mˈeɪk,make,194,1,,1
11186,mír,peace,pˈiːs,peace,195,1,,1
11187,oblíbený,popular,pˈɑːpjʊlɚ,popular,196,1,,1
11188,pravý,right,ɹˈaɪt,right,197,1,,1
11189,tak,so,sˈoʊ,so,198,1,,1
11190,některé,some,sˈʌm,some,199,1,,1
10790,tam,there,ðˈɛɹ,there,200,1,,1
11192,čekat,wait,wˈeɪt,wait,201,1,,1
11193,znovu,again,ɐɡˈɛn,again,202,1,,1
11194,zpět,back,bˈæk,back,203,1,,1
11195,mohl,could,kˈʊd,could,204,1,,1
11196,dokument,document,dˈɑːkjuːmənt,document,205,1,,1
11197,vejce,egg,ˈɛɡ,egg,206,1,,1
11198,oheň,fire,fˈaɪɚ,fire,207,1,,1
11199,dát,give,ɡˈɪv,give,208,1,,1
11260,šance,chance,tʃˈæns,chance,209,1,,1
11200,informace,information,ˌɪnfɚmˈeɪʃən,information,210,1,,1
11201,světlo,light,lˈaɪt,light,211,1,,1
11202,může,may,mˈeɪ,may,212,1,,1
11203,často,often,ˈɔfən,often,213,1,,1
11204,upřednostňovat,prefer,pɹɪfˈɜː,prefer,214,1,,1
11261,položit,put,pˈʊt,put,215,1,,1
11205,červený,red,ɹˈɛd,red,216,1,,1
11206,jaro,spring,spɹˈɪŋ,spring,217,1,,1
11207,léto,summer,sˈʌmɚ,summer,218,1,,1
11208,podzim,autumn,ˈɔːɾʌm,autumn,219,1,,1
11209,zima,winter,wˈɪntɚ,winter,220,1,,1
11210,kámen,stone,stˈoʊn,stone,221,1,,1
11211,takový,such,sˈʌtʃ,such,222,1,,1
11212,myslet,think,θˈɪŋk,think,223,1,,1
11213,rozumět,understand,ˌʌndɚstˈænd,understand,224,1,,1
11214,navštívit,visit,vˈɪzɪt,visit,225,1,,1
11262,okolo,around,ɚɹˈaʊnd,around,226,1,,1
11215,nejlepší,best,bˈɛst,best,227,1,,1
11216,v pořádku,ok,ˌoʊkˈeɪ,ok,228,1,,1
11217,volat,call,kˈɔːl,call,229,1,,1
11263,sekat,cut,kˈʌt,cut,230,1,,1
11218,film,movie,mˈuːvi,movie,231,1,,1
11219,večeře,dinner,dˈɪnɚ,dinner,232,1,,1
11220,dolů,down,dˈaʊn,down,233,1,,1
11221,vysvětlit,explain,ɛksplˈeɪn,explain,234,1,,1
11222,dostat,get,ɡˈɛt,get,235,1,,1
11223,zajímavý,interesting,ˈɪntɹɛstɪŋ,interesting,236,1,,1
11224,dlouhý,long,lˈɔŋ,long,237,1,,1
11225,pohyb,move,mˈuːv,move,238,1,,1
11479,učit (někoho),teach,tˈiːtʃ,teach,239,1,,1
11226,studium,study,stˈʌdi,study,240,1,,1
11227,matematika,math,mˈæθ,math,241,1,,1
11228,ven,out,ˈaʊt,out,242,1,,1
11229,stránka,page,pˈeɪdʒ,page,243,1,,1
11230,dosáhnout,reach,ɹˈiːtʃ,reach,244,1,,1
11231,odpočívat,rest,ɹˈɛst,rest,245,1,,1
11232,sada,set,sˈɛt,set,246,1,,1
11233,měl by,should,ʃˈʊd,should,247,1,,1
11234,stát,stand,stˈænd,stand,248,1,,1
11235,čas,time,tˈaɪm,time,249,1,,1
11236,spěchat,hurry,hˈɜːɹi,hurry,250,1,,1
11237,nahoru,up,ˈʌp,up,251,1,,1
11238,věk,age,ˈeɪdʒ,age,252,1,,1
11239,protože,because,bɪkˈʌz,because,253,1,,1
11240,fotoaparát,camera,kˈæmɹə,camera,254,1,,1
11241,město,city,sˈɪɾi,city,255,1,,1
11242,šaty,dress,dɹˈɛs,dress,256,1,,1
11243,svobodný,free,fɹˈiː,free,257,1,,1
11244,nemocný,ill,ˈɪl,ill,258,1,,1
11245,starý,old,ˈoʊld,old,259,1,,1
11246,policie,police,pəlˈiːs,police,260,1,,1
11247,pamatovat si,remember,ɹᵻmˈɛmbɚ,remember,261,1,,1
11248,kilometr,kilometer,kɪlˈɑːmɪɾɚ,kilometer,262,1,,1
11249,ulice,street,stɹˈiːt,street,263,1,,1
11250,učitel,teacher,tˈiːtʃɚ,teacher,264,1,,1
11251,hlas,voice,vˈɔɪs,voice,265,1,,1
11252,také,also,ˈɔːlsoʊ,also,266,1,,1
11253,třída,class,klˈæs,class,267,1,,1
11254,obtížný,difficult,dˈɪfɪkəlt,difficult,268,1,,1
11255,řídit,drive,dɹˈaɪv,drive,269,1,,1
11256,skvělý,great,ɡɹˈeɪt,great,270,1,,1
11257,šťastný,happy,hˈæpi,happy,271,1,,1
11258,změna,change,tʃˈeɪndʒ,change,272,1,,1
11259,šťáva,juice,dʒˈuːs,juice,273,1,,1
11264,potkat,meet,mˈiːt,meet,274,1,,1
11265,potřebovat,need,nˈiːd,need,275,1,,1
11266,hezký,pretty,pɹˈɪɾi,pretty,276,1,,1
11267,docela,quite,kwˈaɪt,quite,277,1,,1
11268,skutečný,real,ɹˈiːəl,real,278,1,,1
11269,smutný,sad,sˈæd,sad,279,1,,1
11270,káva,coffee,kˈɔfi,coffee,280,1,,1
11271,zpívat,sing,sˈɪŋ,sing,281,1,,1
11272,píseň,song,sˈɔŋ,song,282,1,,1
11273,oběd,lunch,lˈʌntʃ,lunch,283,1,,1
11274,každý,every,ˈɛvɹi,every,284,1,,1
11275,hvězda,star,stˈɑːɹ,star,285,1,,1
11276,brát,take,tˈeɪk,take,286,1,,1
11277,akce,action,ˈækʃən,action,287,1,,1
9529,čaj,tea,tˈiː,tea,288,1,,1
10791,sám,alone,ɐlˈoʊn,alone,289,1,,1
11279,snídaně,breakfast,bɹˈɛkfəst,breakfast,290,1,,1
11280,pokračovat,continue,kəntˈɪnjuː,continue,291,1,,1
11281,mrtvý,dead,dˈɛd,dead,292,1,,1
11282,užívat si,enjoy,ɛndʒˈɔɪ,enjoy,293,1,,1
11283,plný,full,fˈʊl,full,294,1,,1
11278,chodidlo,foot,fˈʊt,foot,295,1,,1
11284,míč,ball,bˈɔːl,ball,296,1,,1
11285,fotbal,football,fˈʊtbɔːl,football,297,1,,1
11286,košíková,basketball,bˈæskɪtbˌɔːl,basketball,298,1,,1
11287,cesta,journey,dʒˈɜːni,journey,299,1,,1
11288,hodně,much,mˈʌtʃ,much,300,1,,1
11350,nic,nothing,nˈʌθɪŋ,nothing,301,1,,1
11289,telefon,phone,fˈoʊn,phone,302,1,,1
11290,cena,price,pɹˈaɪs,price,303,1,,1
11291,výsledek,result,ɹɪzˈʌlt,result,304,1,,1
11292,slunce,sun,sˈʌn,sun,305,1,,1
11351,říci (někomu),tell,tˈɛl,tell,306,1,,1
11293,vyhlídka,view,vjˈuː,view,307,1,,1
11294,proti,against,ɐɡˈɛnst,against,308,1,,1
11295,autobus,bus,bˈʌs,bus,309,1,,1
11296,společnost,company,kˈʌmpəni,company,310,1,,1
11297,poušť,desert,dˈɛzɚt,desert,311,1,,1
11298,květina,flower,flˈaʊɚ,flower,312,1,,1
11299,zelený,green,ɡɹˈiːn,green,313,1,,1
11300,kostel,church,tʃˈɜːtʃ,church,314,1,,1
11301,možný,possible,pˈɑːsᵻbəl,possible,315,1,,1
11302,nemožný,impossible,ɪmpˈɑːsᵻbəl,impossible,316,1,,1
11303,odejít,leave,lˈiːv,leave,317,1,,1
10452,měsíc (kalendářní),month,mˈʌnθ,month,318,1,,1
11304,plán,plan,plˈæn,plan,319,1,,1
11305,šetřit,save,sˈeɪv,save,321,1,,1
11306,moře,sea,sˈiː,sea,322,1,,1
11307,něco,something,sˈʌmθɪŋ,something,323,1,,1
11308,společně,together,təɡˈɛðɚ,together,324,1,,1
11309,cokoliv,anything,ˈɛnɪθˌɪŋ,anything,325,1,,1
11310,armáda,army,ˈɑːɹmi,army,326,1,,1
11311,špatný,bad,bˈæd,bad,327,1,,1
11312,ne,not,nˈɑːt,not,328,1,,1
11313,pokrýt,cover,kˈʌvɚ,cover,329,1,,1
11314,poslouchat,listen,lˈɪsən,listen,330,1,,1
11315,kultura,culture,kˈʌltʃɚ,culture,331,1,,1
11316,rozhodnutí,decision,dᵻsˈɪʒən,decision,332,1,,1
11317,příběh,story,stˈɔːɹi,story,333,1,,1
11318,příklad,example,ɛɡzˈæmpəl,example,334,1,,1
11319,cítit,feel,fˈiːl,feel,335,1,,1
11320,jak,how,hˈaʊ,how,336,1,,1
11321,ostrov,island,ˈaɪlənd,island,337,1,,1
11322,člen,member,mˈɛmbɚ,member,338,1,,1
11323,další,next,nˈɛkst,next,339,1,,1
11324,rychlý,fast,fˈæst,fast,340,1,,1
11325,pozice,position,pəzˈɪʃən,position,342,1,,1
11326,přítomný,present,pɹˈɛzənt,present,343,1,,1
11327,sledovat,watch,wˈɑːtʃ,watch,344,1,,1
11328,záznam,record,ɹˈɛkɚd,record,345,1,,1
11329,spánek,sleep,slˈiːp,sleep,346,1,,1
11330,sladký,sweet,swˈiːt,sweet,347,1,,1
11331,zkusit,try,tɹˈaɪ,try,348,1,,1
11332,svět,world,wˈɜːld,world,349,1,,1
11333,poté,after,ˈæftɚ,after,350,1,,1
11334,postel,bed,bˈɛd,bed,351,1,,1
11335,koupit,buy,bˈaɪ,buy,352,1,,1
11336,chytit,catch,kˈætʃ,catch,353,1,,1
11337,roh,corner,kˈɔːɹnɚ,corner,354,1,,1
11338,vzdálenost,distance,dˈɪstəns,distance,355,1,,1
11339,vzdělání,education,ˌɛdʒuːkˈeɪʃən,education,356,1,,1
11340,zde,here,hˈɪɹ,here,357,1,,1
11341,zájem,interest,ˈɪntɹɛst,interest,358,1,,1
11342,dopis,letter,lˈɛɾɚ,letter,359,1,,1
11343,nikdy,never,nˈɛvɚ,never,360,1,,1
11344,část,part,pˈɑːɹt,part,361,1,,1
11346,president,president,pɹˈɛzɪdənt,president,362,1,,1
11352,kulatý,round,ɹˈaʊnd,round,363,1,,1
11347,několik,several,sˈɛvɹəl,several,364,1,,1
11348,zvuk,sound,sˈaʊnd,sound,365,1,,1
11353,mluvit (k někomu),talk,tˈɔːk,talk,366,1,,1
11349,týden,week,wˈiːk,week,367,1,,1
11355,téměř,almost,ˈɔːlmoʊst,almost,368,1,,1
9530,chléb,bread,bɹˈɛd,bread,369,1,,1
11356,ovládání,control,kəntɹˈoʊl,control,370,1,,1
11480,drahý (o někom),dear,dˈɪɹ,dear,371,1,,1
10810,několik,few,fjˈuː,few,372,1,,1
11357,zlato,gold,ɡˈoʊld,gold,373,1,,1
11358,šéf,chief,tʃˈiːf,chief,374,1,,1
11359,pozvat,invite,ɪnvˈaɪt,invite,375,1,,1
11360,pozdě,late,lˈeɪt,late,376,1,,1
11361,nejvíce,most,mˈoʊst,most,377,1,,1
11362,jen,only,ˈoʊnli,only,378,1,,1
11363,produkt,product,pɹˈɑːdʌkt,product,379,1,,1
11364,veřejný,public,pˈʌblɪk,public,380,1,,1
11365,obdržet,receive,ɹᵻsˈiːv,receive,381,1,,1
11366,omlouvám se,sorry,sˈɑːɹi,sorry,382,1,,1
11367,silný,strong,stɹˈɔŋ,strong,383,1,,1
11517,pak,then,ðˈɛn,then,384,1,,1
11519,"také, příliš",too,tˈuː,too,385,1,,1
11368,cesta,way,wˈeɪ,way,386,1,,1
11369,přes,across,əkɹˈɑːs,across,387,1,,1
11370,umění,art,ˈɑːɹt,art,388,1,,1
11371,donést,bring,bɹˈɪŋ,bring,389,1,,1
11372,nosit,carry,kˈæɹi,carry,390,1,,1
11373,potvrdit,confirm,kənfˈɜːm,confirm,391,1,,1
11374,umřít,die,dˈaɪ,die,392,1,,1
11375,skupina,group,ɡɹˈuːp,group,393,1,,1
11518,doufat,hope,hˈoʊp,hope,394,1,,1
11376,průmysl,industry,ˈɪndʌstɹi,industry,395,1,,1
11377,dívat se,look,lˈʊk,look,396,1,,1
11378,muset,must,mˈʌst,must,397,1,,1
11379,vlastní,own,ˈoʊn,own,398,1,,1
11380,osobní,personal,pˈɜːsənəl,personal,399,1,,1
11381,důvod,reason,ɹˈiːzən,reason,400,1,,1
11382,služba,service,sˈɜːvɪs,service,401,1,,1
11383,bude,shall,ʃˈæl,shall,402,1,,1
11384,zůstat,stay,stˈeɪ,stay,403,1,,1
11385,manželka,wife,wˈaɪf,wife,404,1,,1
11521,pryč,away,ɐwˈeɪ,away,405,1,,1
11386,krásný,beautiful,bjˈuːɾifəl,beautiful,406,1,,1
11387,pečovat,care,kˈɛɹ,care,407,1,,1
11388,cena,cost,kˈɔst,cost,408,1,,1
11520,hluboký,deep,dˈiːp,deep,409,1,,1
11389,dost,enough,ɪnˈʌf,enough,410,1,,1
11390,boj,fight,fˈaɪt,fight,411,1,,1
11391,garáž,garage,ɡɚɹˈɑːʒ,garage,412,1,,1
11392,dovnitř,into,ˈɪntʊ,into,413,1,,1
11522,nechat si,keep,kˈiːp,keep,414,1,,1
11393,minout,miss,mˈɪs,miss,415,1,,1
11394,jiný,other,ˈʌðɚ,other,416,1,,1
11395,hráč,player,plˈeɪɚ,player,417,1,,1
11523,spíše,rather,ɹˈæðɚ,rather,418,1,,1
11396,zůstat,remain,ɹᵻmˈeɪn,remain,419,1,,1
11397,pravda,true,tɹˈuː,true,421,1,,1
11398,použití,use,jˈuːs,use,422,1,,1
11399,kdo,who,hˈuː,who,423,1,,1
11400,již,already,ɔːlɹˈɛdi,already,424,1,,1
11401,stát se,become,bɪkˈʌm,become,425,1,,1
11402,protože,cause,kˈɔːz,cause,426,1,,1
11403,určitý,certain,sˈɜːʔn̩,certain,427,1,,1
11404,popsat,describe,dᵻskɹˈaɪb,describe,428,1,,1
11405,suchý,dry,dɹˈaɪ,dry,429,1,,1
11524,očekávat,expect,ɛkspˈɛkt,expect,430,1,,1
11429,fakt,fact,fˈækt,fact,431,1,,1
11406,zahrnovat,include,ɪŋklˈuːd,include,432,1,,1
11407,nechat,let,lˈɛt,let,433,1,,1
11408,moment,moment,mˈoʊmənt,moment,434,1,,1
11409,moc,power,pˈaʊɚ,power,435,1,,1
11410,poskytnout,provide,pɹəvˈaɪd,provide,436,1,,1
11411,zpráva,report,ɹᵻpˈɔːɹt,report,437,1,,1
11412,sedadlo,seat,sˈiːt,seat,438,1,,1
11413,jednotlivý,single,sˈɪŋɡəl,single,439,1,,1
11414,systém,system,sˈɪstəm,system,440,1,,1
11415,skrze,through,θɹˈuː,through,441,1,,1
11416,který,which,wˈɪtʃ,which,442,1,,1
11417,přátelský,friendly,fɹˈɛndli,friendly,443,1,,1
11418,modrý,blue,blˈuː,blue,444,1,,1
11419,kavárna,café,kæfˈeɪ,café,445,1,,1
11420,hodiny,clock,klˈɑːk,clock,446,1,,1
11421,barva,colour,kˈʌlɚ,colour,447,1,,1
11430,odlišný,different,dˈɪfɹənt,different,448,1,,1
11431,země,earth,ˈɜːθ,earth,449,1,,1
11477,film,film,fˈɪlm,film,450,1,,1
11488,rád,glad,ɡlˈæd,glad,451,1,,1
11490,hour,hour,ˈaʊɚ,hour,452,1,,1
11494,jen,just,dʒˈʌst,just,453,1,,1
11500,láska,love,lˈʌv,love,454,1,,1
11501,číslo,number,nˈʌmbɚ,number,455,1,,1
11503,tužka,pencil,pˈɛnsəl,pencil,456,1,,1
11505,rychlý,quick,kwˈɪk,quick,457,1,,1
11512,pršet,rain,ɹˈeɪn,rain,458,1,,1
11513,jednoduchý,simple,sˈɪmpəl,simple,459,1,,1
11514,město,town,tˈaʊn,town,460,1,,1
11515,strom,tree,tɹˈiː,tree,461,1,,1
11516,okno,window,wˈɪndoʊ,window,462,1,,1
11525,adresa,address,ɐdɹˈɛs,address,463,1,,1
11526,budova,building,bˈɪldɪŋ,building,464,1,,1
11527,počítač,computer,kəmpjˈuːɾɚ,computer,465,1,,1
11528,zkřížit,cross,kɹˈɔs,cross,466,1,,1
11529,stůl,desk,dˈɛsk,desk,467,1,,1
11530,ucho,ear,ˈɪɹ,ear,468,1,,1
11531,ryba,fish,fˈɪʃ,fish,469,1,,1
11532,sklo,glass,ɡlˈæs,glass,470,1,,1
11533,led,ice,ˈaɪs,ice,471,1,,1
11534,klíč,key,kˈiː,key,472,1,,1
11535,minuta,minute,mˈɪnɪt,minute,473,1,,1
11536,pošta,post,pˈoʊst,post,474,1,,1
11537,skála,rock,ɹˈɑːk,rock,475,1,,1
11538,hudba,music,mjˈuːzɪk,music,476,1,,1
11539,hledání,search,sˈɜːtʃ,search,477,1,,1
11540,sport,sport,spˈɔːɹt,sport,478,1,,1
11541,údolí,valley,vˈæli,valley,479,1,,1
11542,chůze,walk,wˈɔːk,walk,480,1,,1
11543,letiště,airport,ˈɛɹpɔːɹt,airport,481,1,,1
11544,karta,card,kˈɑːɹd,card,483,1,,1
11545,centrální,central,sˈɛntɹəl,central,484,1,,1
11546,směr,direction,dᵻɹˈɛkʃən,direction,485,1,,1
11547,dolar,dollar,dˈɑːlɚ,dollar,486,1,,1
11548,ovoce,fruit,fɹˈuːt,fruit,487,1,,1
11549,dárek,gift,ɡˈɪft,gift,488,1,,1
11550,vysoký,high,hˈaɪ,high,489,1,,1
11551,choroba,illness,ˈɪlnəs,illness,490,1,,1
11552,mléko,milk,mˈɪlk,milk,491,1,,1
11553,kus,piece,pˈiːs,piece,492,1,,1
11554,chránit,protect,pɹətˈɛkt,protect,493,1,,1
11555,závod,race,ɹˈeɪs,race,494,1,,1
11556,od,since,sˈɪns,since,495,1,,1
11557,pomalý,slow,slˈoʊ,slow,496,1,,1
11558,úsměv,smile,smˈaɪl,smile,497,1,,1
11559,vstupenka,ticket,tˈɪkɪt,ticket,498,1,,1
11560,dobře,well,wˈɛl,well,499,1,,1
11561,nehoda,accident,ˈæksɪdənt,accident,500,1,,1
10796,krev,blood,blˈʌd,blood,501,2,,1
10797,během,during,dˈʊɹɹɪŋ,during,503,2,,1
10798,dokonce,even,ˈiːvən,even,504,2,,1
10799,obecný,general,dʒˈɛnɚɹəl,general,505,2,,1
10800,vybrat si,choose,tʃˈuːz,choose,506,2,,1
10801,informovat,inform,ɪnfˈɔːɹm,inform,507,2,,1
10802,málo,little,lˈɪɾəl,little,508,2,,1
10803,setkání,meeting,mˈiːɾɪŋ,meeting,509,2,,1
10804,pořadí,order,ˈɔːɹdɚ,order,510,2,,1
10805,párty,party,pˈɑːɹɾi,party,511,2,,1
10806,růžový,pink,pˈɪŋk,pink,512,2,,1
10792,odvětit,reply,ɹᵻplˈaɪ,reply,513,2,,1
10807,sníh,snow,snˈoʊ,snow,514,2,,1
10808,cukr,sugar,ʃˈʊɡɚ,sugar,515,2,,1
10809,cestovat,travel,tɹˈævəl,travel,516,2,,1
10811,virus,virus,vˈaɪɹəs,virus,517,2,,1
10812,mladý,young,jˈʌŋ,young,518,2,,1
10813,věřit,believe,bᵻlˈiːv,believe,520,2,,1
10814,oba,both,bˈoʊθ,both,521,2,,1
10815,šílený,crazy,kɹˈeɪzi,crazy,522,2,,1
10816,hrnek,cup,kˈʌp,cup,523,2,,1
10817,rozhodnout,decide,dᵻsˈaɪd,decide,524,2,,1
10818,někdy,ever,ˈɛvɚ,ever,525,2,,1
10819,pole,field,fˈiːld,field,526,2,,1
10820,srdce,heart,hˈɑːɹt,heart,527,2,,1
10821,představit si,imagine,ɪmˈædʒɪn,imagine,528,2,,1
10822,čára,line,lˈaɪn,line,529,2,,1
10823,maso,meat,mˈiːt,meat,530,2,,1
10824,přes,over,ˈoʊvɚ,over,531,2,,1
10825,táhnout,pull,pˈʊl,pull,532,2,,1
10826,prsten,ring,ɹˈɪŋ,ring,533,2,,1
10827,prodat,sell,sˈɛl,sell,534,2,,1
10828,podobný,similar,sˈɪmɪlɚ,similar,535,2,,1
10829,rychlost,speed,spˈiːd,speed,536,2,,1
10830,než,than,ðˈɐn,than,537,2,,1
10831,vaše,your,jˈʊɹ,your,538,2,,1
10832,nad,above,əbˈʌv,above,539,2,,1
10833,začít,begin,bɪɡˈɪn,begin,540,2,,1
10834,století,century,sˈɛntʃɚɹi,century,541,2,,1
10835,uvážit,consider,kənsˈɪdɚ,consider,542,2,,1
10836,nebezpečný,dangerous,dˈeɪndʒɚɹəs,dangerous,543,2,,1
10837,tmavý,dark,dˈɑːɹk,dark,544,2,,1
10838,chytrý,clever,klˈɛvɚ,clever,545,2,,1
10839,výměna,exchange,ɛkstʃˈeɪndʒ,exchange,546,2,,1
10840,vláda,government,ɡˈʌvɚnmənt,government,547,2,,1
10841,uslyšet,hear,hˈɪɹ,hear,548,2,,1
10842,skákat,jump,dʒˈʌmp,jump,549,2,,1
10843,materiál,material,mətˈɪɹiəl,material,550,2,,1
10844,blízko,near,nˈɪɹ,near,551,2,,1
10845,minulost,past,pˈæst,past,552,2,,1
10846,vyrábět,produce,pɹədˈuːs,produce,553,2,,1
10847,odstranit,remove,ɹᵻmˈuːv,remove,554,2,,1
10848,tajný,secret,sˈiːkɹᵻt,secret,555,2,,1
10849,unavený,tired,tˈaɪɚd,tired,556,2,,1
10850,televize,television,tˈɛlᵻvˌɪʒən,television,557,2,,1
10851,hodnota,value,vˈæljuː,value,558,2,,1
10852,kdy,when,wˈɛn,when,559,2,,1
10853,paže,arm,ˈɑːɹm,arm,560,2,,1
10854,za,behind,bᵻhˈaɪnd,behind,561,2,,1
10855,případ,case,kˈeɪs,case,562,2,,1
10856,shromáždit,collect,kəlˈɛkt,collect,563,2,,1
10857,kreslit,draw,dɹˈɔː,draw,564,2,,1
10858,zkoumat,examine,ɛɡzˈæmɪn,examine,565,2,,1
10859,padnout,fall,fˈɔːl,fall,566,2,,1
10860,růst,grow,ɡɹˈoʊ,grow,567,2,,1
10861,ihned,immediately,ɪmˈiːdɪətli,immediately,568,2,,1
10862,nízký,low,lˈoʊ,low,569,2,,1
10863,mysl,mind,mˈaɪnd,mind,570,2,,1
10864,vypnuto,off,ˈɔf,off,571,2,,1
10865,přihrávka,pass,pˈæs,pass,572,2,,1
10866,bota,shoe,ʃˈuː,shoe,573,2,,1
10867,hladový,hungry,hˈʌŋɡɹi,hungry,574,2,,1
10868,jistě,sure,ʃˈʊɹ,sure,575,2,,1
10869,test,test,tˈɛst,test,576,2,,1
10870,rozzuřený,angry,ˈæŋɡɹi,angry,577,2,,1
10871,znuděný,bored,bˈɔːɹd,bored,578,2,,1
10872,obvyklý,usual,jˈuːʒuːəl,usual,579,2,,1
10873,zatímco,while,wˈaɪl,while,580,2,,1
10874,před (časem),ago,ɐɡˈoʊ,ago,581,2,,1
10875,podél,along,ɐlˈɔŋ,along,582,2,,1
10876,medvěd,bear,bˈɛɹ,bear,583,2,,1
10877,podmínka,condition,kəndˈɪʃən,condition,584,2,,1
10878,přímý,direct,dᵻɹˈɛkt,direct,585,2,,1
10879,hrana,edge,ˈɛdʒ,edge,586,2,,1
10880,pokuta,fine,fˈaɪn,fine,587,2,,1
10881,půl,half,hˈæf,half,588,2,,1
10882,nadšený,excited,ɛksˈaɪɾᵻd,excited,589,2,,1
10883,kuře,chicken,tʃˈɪkɪn,chicken,590,2,,1
10884,zvýšit,increase,ˈɪŋkɹiːs,increase,591,2,,1
10885,časopis,magazine,mˌæɡɐzˈiːn,magazine,592,2,,1
10886,příroda,nature,nˈeɪtʃɚ,nature,593,2,,1
11099,talíř,plate,plˈeɪt,plate,594,2,,1
11169,chudý,poor,pˈʊɹ,poor,595,2,,1
11191,respektovat,respect,ɹᵻspˈɛkt,respect,596,2,,1
11354,ostrý,sharp,ʃˈɑːɹp,sharp,597,2,,1
10793,někdy,sometimes,sˈʌmtaɪmz,sometimes,598,2,,1
10794,stále,still,stˈɪl,still,599,2,,1
11562,vysoký,tall,tˈɔːl,tall,600,2,,1
10795,by,would,wˈʊd,would,601,2,,1
11565,přidat,add,ˈæd,add,602,2,,1
11566,mezi,among,ɐmˈʌŋ,among,603,2,,1
11567,postavený,built,bˈɪlt,built,604,2,,1
11568,společný,common,kˈɑːmən,common,605,2,,1
11569,záviset,depend,dᵻpˈɛnd,depend,606,2,,1
11570,brzy,early,ˈɜːli,early,607,2,,1
11571,restaurace,restaurant,ɹˈɛstɹɑːnt,restaurant,608,2,,1
11572,letět,fly,flˈaɪ,fly,609,2,,1
11573,stát se,happen,hˈæpən,happen,610,2,,1
11574,zkontrolovat,check,tʃˈɛk,check,611,2,,1
11632,představit (někoho),introduce,ˌɪntɹədˈuːs,introduce,612,2,,1
11575,méně,less,lˈɛs,less,613,2,,1
11576,znak,mark,mˈɑːɹk,mark,614,2,,1
11577,pacient,patient,pˈeɪʃənt,patient,615,2,,1
11578,možná,perhaps,pɚhˈæps,perhaps,616,2,,1
11579,vzestup,rise,ɹˈaɪz,rise,617,2,,1
11580,smysl,sense,sˈɛns,sense,618,2,,1
11581,krátký,short,ʃˈɔːɹt,short,619,2,,1
11582,stav,state,stˈeɪt,state,620,2,,1
11583,otočit,turn,tˈɜːn,turn,621,2,,1
11584,bude,will,wˈɪl,will,622,2,,1
11585,čin,act,ˈækt,act,623,2,,1
11586,tělocvična,gym,dʒˈɪm,gym,624,2,,1
11587,balkon,balcony,bˈælkəni,balcony,625,2,,1
11588,televize,TV,tˌiːvˈiː,tv,626,2,,1
11589,objevit se,appear,ɐpˈɪɹ,appear,627,2,,1
11590,přestávka,break,bɹˈeɪk,break,628,2,,1
11591,kurs,course,kˈɔːɹs,course,629,2,,1
11592,soud,court,kˈɔːɹt,court,630,2,,1
11633,diskutovat,discuss,dɪskˈʌs,discuss,631,2,,1
11593,účinek,effect,ɪfˈɛkt,effect,632,2,,1
9559,formulář,form,fˈɔːɹm,form,633,2,,1
11596,držet,hold,hˈoʊld,hold,634,2,,1
11597,hmyz,insect,ˈɪnsɛkt,insect,635,2,,1
11598,znamenat,mean,mˈiːn,mean,636,2,,1
11634,jednou,once,wˈʌns,once,637,2,,1
11599,účel,purpose,pˈɜːpəs,purpose,638,2,,1
11600,opravdu,really,ɹˈiəli,really,639,2,,1
11601,stavět,build,bˈɪld,build,640,2,,1
11602,projížďka,ride,ɹˈaɪd,ride,641,2,,1
11603,situace,situation,sˌɪtʃuːˈeɪʃən,situation,642,2,,1
11604,úspěch,success,səksˈɛs,success,643,2,,1
11605,ale,though,ðˈoʊ,though,644,2,,1
11606,na,upon,əpˈɑːn,upon,645,2,,1
11607,válka,war,wˈɔːɹ,war,646,2,,1
11608,zaneprázdněný,busy,bˈɪzi,busy,647,2,,1
11609,detail,detail,diːtˈeɪl,detail,648,2,,1
11610,zvláště,especially,ɪspˈɛʃəli,especially,649,2,,1
11611,dokončit,finish,fˈɪnɪʃ,finish,650,2,,1
11612,země,ground,ɡɹˈaʊnd,ground,651,2,,1
11613,prázdniny,holiday,hˈɑːlɪdˌeɪ,holiday,652,2,,1
11614,volba,choice,tʃˈɔɪs,choice,653,2,,1
11615,lekce,lesson,lˈɛsən,lesson,654,2,,1
11616,oranžový,orange,ˈɔɹɪndʒ,orange,655,2,,1
11617,dokonalý,perfect,pˈɜːfɛkt,perfect,656,2,,1
11618,žádost,request,ɹᵻkwˈɛst,request,657,2,,1
11619,roční období,season,sˈiːzən,season,658,2,,1
11620,nemocný,sick,sˈɪk,sick,659,2,,1
11621,zítra,tomorrow,təmˈɑːɹoʊ,tomorrow,660,2,,1
11622,vítáme,welcome,wˈɛlkʌm,welcome,661,2,,1
11623,včera,yesterday,jˈɛstɚdˌeɪ,yesterday,662,2,,1
11624,vařit,cook,kˈʊk,cook,663,2,,1
11625,souhlasit,agree,ɐɡɹˈiː,agree,664,2,,1
11626,most,bridge,bɹˈɪdʒ,bridge,665,2,,1
11627,koláč,cake,kˈeɪk,cake,666,2,,1
11628,zákazník,customer,kˈʌstəmɚ,customer,667,2,,1
11629,datum,date,dˈeɪt,date,668,2,,1
11630,vstoupit,enter,ˈɛntɚ,enter,669,2,,1
11635,budoucnost,future,fjˈuːtʃɚ,future,670,2,,1
11636,vlas,hair,hˈɛɹ,hair,672,2,,1
11637,obraz,image,ˈɪmɪdʒ,image,673,2,,1
11638,jazyk,language,lˈæŋɡwɪdʒ,language,674,2,,1
11639,šachy,chess,tʃˈɛs,chess,675,2,,1
11640,plavat,swim,swˈɪm,swim,676,2,,1
11641,letadlo,plane,plˈeɪn,plane,677,2,,1
11642,soukromý,private,pɹˈaɪvət,private,678,2,,1
11643,velikost,size,sˈaɪz,size,679,2,,1
11644,nebe,sky,skˈaɪ,sky,680,2,,1
11645,chytrý,smart,smˈɑːɹt,smart,681,2,,1
11646,děkovat,thank,θˈæŋk,thank,682,2,,1
11647,počasí,weather,wˈɛðɚ,weather,683,2,,1
11648,herec,actor,ˈæktɚ,actor,684,2,,1
11649,lahev,bottle,bˈɑːɾəl,bottle,685,2,,1
11718,tkanina,cloth,klˈɔθ,cloth,686,2,,1
11686,kabát,coat,kˈoʊt,coat,687,2,,1
11650,zničit,destroy,dᵻstɹˈɔɪ,destroy,688,2,,1
11651,všude,everywhere,ˈɛvɹɪwˌɛɹ,everywhere,689,2,,1
11652,prst,finger,fˈɪŋɡɚ,finger,690,2,,1
11653,průvodce,guide,ɡˈaɪd,guide,691,2,,1
11654,zlepšit,improve,ɪmpɹˈuːv,improve,692,2,,1
11655,nůž,knife,nˈaɪf,knife,693,2,,1
11656,velký,large,lˈɑːɹdʒ,large,694,2,,1
11657,chyba,mistake,mɪstˈeɪk,mistake,695,2,,1
11658,oceán,ocean,ˈoʊʃən,ocean,696,2,,1
11659,rostlina,plant,plˈænt,plant,697,2,,1
11660,opakovat,repeat,ɹᵻpˈiːt,repeat,698,2,,1
11661,sůl,salt,sˈɔlt,salt,699,2,,1
11662,zvláštní,special,spˈɛʃəl,special,700,2,,1
11663,článek,article,ˈɑːɹɾɪkəl,article,701,2,,1
11664,kost,bone,bˈoʊn,bone,702,2,,1
11665,špinavý,dirty,dˈɜːɾi,dirty,703,2,,1
11666,kromě,except,ɛksˈɛpt,except,704,2,,1
11667,slavný,famous,fˈeɪməs,famous,705,2,,1
11668,benzin,gas,ɡˈæs,gas,706,2,,1
11669,levný,cheap,tʃˈiːp,cheap,707,2,,1
11670,rozhovor,interview,ˈɪntɚvjˌuː,interview,708,2,,1
19555,měsíc (na obloze),moon,mˈuːn,moon,709,2,,1
11671,hezký,nice,nˈaɪs,nice,710,2,,1
11672,připravit,prepare,pɹɪpˈɛɹ,prepare,711,2,,1
11673,vězení,prison,pɹˈɪzən,prison,712,2,,1
11674,rýže,rice,ɹˈaɪs,rice,713,2,,1
11675,zdát se,seem,sˈiːm,seem,714,2,,1
11676,sukně,skirt,skˈɜːt,skirt,715,2,,1
11677,divný,strange,stɹˈeɪndʒ,strange,716,2,,1
11678,vlak,train,tɹˈeɪn,train,717,2,,1
11679,teplý,warm,wˈɔːɹm,warm,718,2,,1
11680,účet,account,ɐkˈaʊnt,account,719,2,,1
11681,pták,bird,bˈɜːd,bird,720,2,,1
11682,oblak,cloud,klˈaʊd,cloud,721,2,,1
11683,pohodlný,comfortable,kˈʌmftəbəl,comfortable,722,2,,1
11684,poškození,damage,dˈæmɪdʒ,damage,723,2,,1
11685,prach,dust,dˈʌst,dust,724,2,,1
9560,cvičení,exercise,ˈɛksɚsˌaɪz,exercise,725,2,,1
11687,oblíbený,favourite,fˈeɪvɹɪt,favourite,726,2,,1
11688,nemocnice,hospital,hˈɑːspɪɾəl,hospital,727,2,,1
11689,vtip,joke,dʒˈoʊk,joke,728,2,,1
11690,zpráva,message,mˈɛsɪdʒ,message,729,2,,1
11691,malovat,paint,pˈeɪnt,paint,730,2,,1
11692,vztah,relationship,ɹᵻlˈeɪʃənʃˌɪp,relationship,732,2,,1
11693,věda,science,sˈaɪəns,science,733,2,,1
11694,vážný,serious,sˈɪɹiəs,serious,734,2,,1
11695,utrácet,spend,spˈɛnd,spend,735,2,,1
11696,špatně,wrong,ɹˈɔŋ,wrong,736,2,,1
11697,množství,amount,ɐmˈaʊnt,amount,737,2,,1
11698,banka,bank,bˈæŋk,bank,738,2,,1
11699,hnědý,brown,bɹˈaʊn,brown,739,2,,1
11700,dav,crowd,kɹˈaʊd,crowd,740,2,,1
19556,dohoda,deal,dˈiːl,deal,741,2,,1
11701,motor,engine,ˈɛndʒɪn,engine,742,2,,1
11702,následovat,follow,fˈɑːloʊ,follow,743,2,,1
11703,čokoláda,chocolate,tʃˈɑːklət,chocolate,744,2,,1
11704,jednotlivý,individual,ˌɪndᵻvˈɪdʒuːəl,individual,745,2,,1
11705,levý,left,lˈɛft,left,746,2,,1
11706,jídlo,meal,mˈiːl,meal,747,2,,1
11707,olej,oil,ˈɔɪl,oil,748,2,,1
11708,bolest,pain,pˈeɪn,pain,749,2,,1
11709,pravděpodobně,probably,pɹˈɑːbəbli,probably,750,2,,1
11710,nahradit,replace,ɹᵻplˈeɪs,replace,751,2,,1
11711,společnost,society,səsˈaɪəɾi,society,752,2,,1
11712,náměstí,square,skwˈɛɹ,square,753,2,,1
11713,krok,step,stˈɛp,step,754,2,,1
11714,teplota,temperature,tˈɛmpɹɪtʃɚ,temperature,755,2,,1
11715,univerzita,university,jˌuːnɪvˈɜːsᵻɾi,university,756,2,,1
11716,přijmout,accept,ɐksˈɛpt,accept,757,2,,1
11719,postupovat,advance,ɐdvˈæns,advance,758,2,,1
11717,kapitán,captain,kˈæptɪn,captain,759,2,,1
11720,centrum,centre,sˈɛntɚ,centre,760,2,,1
11721,poptávka,demand,dᵻmˈænd,demand,761,2,,1
11722,nepřítel,enemy,ˈɛnəmi,enemy,762,2,,1
11723,továrna,factory,fˈæktɚɹi,factory,763,2,,1
11724,nelegální,illegal,ɪlˈiːɡəl,illegal,764,2,,1
11725,právo,law,lˈɔː,law,765,2,,1
11726,nos,nose,nˈoʊz,nose,766,2,,1
11727,benzin,petrol,pˈɛtɹəl,petrol,767,2,,1
11728,hrdý,proud,pɹˈaʊd,proud,768,2,,1
11729,zodpovědný,responsible,ɹᵻspˈɑːnsᵻbəl,responsible,769,2,,1
11730,obchod,store,stˈɔːɹ,store,770,2,,1
11731,úspěšný,successful,səksˈɛsfəl,successful,771,2,,1
11732,vrchol,top,tˈɑːp,top,772,2,,1
11733,vítězit,win,wˈɪn,win,773,2,,1
11734,dostupný,available,ɐvˈeɪləbəl,available,774,2,,1
11482,člun,boat,bˈoʊt,boat,775,2,,1
11735,půjčit si,borrow,bˈɑːɹoʊ,borrow,776,2,,1
11736,pobřeží,coast,kˈoʊst,coast,777,2,,1
11737,smetana,cream,kɹˈiːm,cream,778,2,,1
11738,vyjádření,expression,ɛkspɹˈɛʃən,expression,780,2,,1
11739,farma,farm,fˈɑːɹm,farm,781,2,,1
11740,historie,history,hˈɪstɚɹi,history,782,2,,1
11741,zranit,injure,ˈɪndʒɚ,injure,783,2,,1
11742,mapa,map,mˈæp,map,784,2,,1
11743,získat,obtain,əbtˈeɪn,obtain,785,2,,1
11772,pokojný,peaceful,pˈiːsfəl,peaceful,786,2,,1
11744,cvičit,practise,pɹˈæktɪs,practise,787,2,,1
11745,nedávno,recently,ɹˈiːsəntli,recently,788,2,,1
11746,tvar,shape,ʃˈeɪp,shape,789,2,,1
11747,stříbro,silver,sˈɪlvɚ,silver,790,2,,1
11748,kouřit,smoke,smˈoʊk,smoke,791,2,,1
11749,dotknout se,touch,tˈʌtʃ,touch,792,2,,1
11750,umýt,wash,wˈɑːʃ,wash,793,2,,1
11751,výhoda,advantage,ɐdvˈæntɪdʒ,advantage,794,2,,1
11752,útok,attack,ɐtˈæk,attack,795,2,,1
11753,máslo,butter,bˈʌɾɚ,butter,796,2,,1
11754,klub,club,klˈʌb,club,797,2,,1
11755,vysoká škola,college,kˈɑːlɪdʒ,college,798,2,,1
11756,stupeň,degree,dᵻɡɹˈiː,degree,799,2,,1
11773,útěk,escape,ɛskˈeɪp,escape,800,2,,1
11757,brána,gate,ɡˈeɪt,gate,801,2,,1
11758,nezávislý,independent,ˌɪndᵻpˈɛndənt,independent,802,2,,1
11759,vdát se,marry,mˈæɹi,marry,803,2,,1
11760,oženit se,marry,mˈæɹi,marry,804,2,,1
11761,předmět,object,ˈɑːbdʒɛkt,object,805,2,,1
11762,cesta,path,pˈæθ,path,806,2,,1
11763,tichý,quiet,kwˈaɪət,quiet,807,2,,1
11764,odmítnout,refuse,ɹᵻfjˈuːz,refuse,808,2,,1
11765,předmět,subject,sˈʌbdʒɛkt,subject,809,2,,1
11766,zásobování,supply,səplˈaɪ,supply,810,2,,1
11767,chutnat,taste,tˈeɪst,taste,811,2,,1
11768,obvykle,usually,jˈuːʒuːəli,usually,812,2,,1
11769,zelenina,vegetable,vˈɛdʒɪɾəbəl,vegetable,813,2,,1
11774,uspořádat,arrange,ɚɹˈeɪndʒ,arrange,814,2,,1
11775,níže,below,bᵻlˈoʊ,below,815,2,,1
11776,cigareta,cigarette,sˌɪɡɚɹˈɛt,cigarette,816,2,,1
11777,chalupa,cottage,kˈɑːɾɪdʒ,cottage,817,2,,1
11778,oddělení,department,dᵻpˈɑːɹtmənt,department,818,2,,1
11779,vydělat,earn,ˈɜːn,earn,819,2,,1
11780,čelní,front,fɹˈʌnt,front,820,2,,1
11781,jemný,gentle,dʒˈɛntəl,gentle,821,2,,1
11782,klobouk,hat,hˈæt,hat,822,2,,1
11783,nástroj,instrument,ˈɪnstɹəmənt,instrument,823,2,,1
11784,stroj,machine,məʃˈiːn,machine,824,2,,1
11785,noviny,newspaper,nˈuːzpeɪpɚ,newspaper,825,2,,1
11786,balíček,parcel,pˈɑːɹsəl,parcel,826,2,,1
11787,náboženství,religion,ɹᵻlˈɪdʒən,religion,827,2,,1
11788,oprava,repair,ɹᵻpˈɛɹ,repair,828,2,,1
11789,sloužit,serve,sˈɜːv,serve,829,2,,1
11790,rameno,shoulder,ʃˈoʊldɚ,shoulder,830,2,,1
11791,výlet,trip,tɹˈɪp,trip,831,2,,1
11792,vesnice,village,vˈɪlɪdʒ,village,832,2,,1
11793,dorazit,arrive,ɚɹˈaɪv,arrive,833,2,,1
11794,narozený,born,bˈɔːɹn,born,834,2,,1
11795,oblečení,clothes,klˈoʊðz,clothes,835,2,,1
11804,napravit,correct,kɚɹˈɛkt,correct,836,2,,1
11796,dvojitý,double,dˈʌbəl,double,837,2,,1
11797,zapomenout,forget,fɚɡˈɛt,forget,838,2,,1
11798,cíl,goal,ɡˈoʊl,goal,839,2,,1
11799,nenávidět,hate,hˈeɪt,hate,840,2,,1
11800,zabít,kill,kˈɪl,kill,841,2,,1
11801,poslední,last,lˈæst,last,842,2,,1
11802,hlavní,main,mˈeɪn,main,843,2,,1
11803,pár,pair,pˈɛɹ,pair,844,2,,1
11805,slib,promise,pɹˈɑːmɪs,promise,845,2,,1
11806,pravidelný,regular,ɹˈɛɡjʊlɚ,regular,846,2,,1
11807,někde,somewhere,sˈʌmwɛɹ,somewhere,847,2,,1
11808,prostor,space,spˈeɪs,space,848,2,,1
11809,tyto,these,ðˈiːz,these,849,2,,1
11810,užitečný,useful,jˈuːsfəl,useful,850,2,,1
11811,bez,without,wɪðˈaʊt,without,851,2,,1
11812,zvíře,animal,ˈænɪməl,animal,852,2,,1
11813,pivo,beer,bˈɪɹ,beer,853,2,,1
11814,klidný,calm,kˈɑːm,calm,854,2,,1
11815,kopírovat,copy,kˈɑːpi,copy,855,2,,1
10467,pokrm,dish,dˈɪʃ,dish,856,2,,1
11860,vyjádřit,express,ɛkspɹˈɛs,express,857,2,,1
11816,zahraniční,foreign,fˈɔːɹən,foreign,858,2,,1
11817,uhodnout,guess,ɡˈɛs,guess,859,2,,1
11818,manžel,husband,hˈʌsbənd,husband,860,2,,1
11819,ležet,lie,lˈaɪ,lie,861,2,,1
11820,můj,mine,mˈaɪn,mine,862,2,,1
11821,názor,opinion,əpˈɪniən,opinion,863,2,,1
11822,cestující,passenger,pˈæsɪndʒɚ,passenger,864,2,,1
11823,tisknout,press,pɹˈɛs,press,865,2,,1
11824,pravidlo,rule,ɹˈuːl,rule,866,2,,1
11825,znamení,sign,sˈaɪn,sign,867,2,,1
11826,podpora,support,səpˈɔːɹt,support,868,2,,1
11827,ti,those,ðˈoʊz,those,869,2,,1
11828,rok,year,jˈɪɹ,year,871,2,,1
11829,bát se,afraid,ɐfɹˈeɪd,afraid,872,2,,1
11830,deska,board,bˈɔːɹd,board,873,2,,1
11831,kruh,circle,sˈɜːkəl,circle,874,2,,1
11832,počítat,count,kˈaʊnt,count,875,2,,1
11833,smrt,death,dˈɛθ,death,876,2,,1
11834,objevit,discover,dɪskˈʌvɚ,discover,877,2,,1
11835,legrační,funny,fˈʌni,funny,878,2,,1
11836,host,guest,ɡˈɛst,guest,879,2,,1
11837,kůň,horse,hˈɔːɹs,horse,880,2,,1
11838,jezero,lake,lˈeɪk,lake,881,2,,1
11839,moderní,modern,mˈɑːdɚn,modern,882,2,,1
11840,nezbytný,necessary,nˈɛsᵻsɚɹi,necessary,883,2,,1
11841,spousta,plenty,plˈɛnti,plenty,884,2,,1
11842,zisk,profit,pɹˈɑːfɪt,profit,885,2,,1
11843,sdílet,share,ʃˈɛɹ,share,887,2,,1
11844,krást,steal,stˈiːl,steal,888,2,,1
11845,důvěřovat,trust,tɹˈʌst,trust,889,2,,1
11846,přát si,wish,wˈɪʃ,wish,890,2,,1
11847,obdivovat,admire,ɐdmˈaɪɚ,admire,891,2,,1
11848,dovolit,allow,ɐlˈaʊ,allow,892,2,,1
11849,bitva,battle,bˈæɾəl,battle,893,2,,1
11850,šplhat,climb,klˈaɪm,climb,894,2,,1
11851,úplný,complete,kəmplˈiːt,complete,895,2,,1
11852,rozdělit,divide,dᵻvˈaɪd,divide,896,2,,1
11853,úsilí,effort,ˈɛfɚt,effort,897,2,,1
11854,čerstvý,fresh,fɹˈɛʃ,fresh,898,2,,1
11855,díra,hole,hˈoʊl,hole,899,2,,1
11856,skutečně,indeed,ˌɪndˈiːd,indeed,900,2,,1
11857,manželství,marriage,mˈæɹɪdʒ,marriage,901,2,,1
11858,vně,outside,aʊtsˈaɪd,outside,902,2,,1
9563,příjemný,pleasant,plˈɛzənt,pleasant,903,2,,1
13426,bod,point,pˈɔɪnt,point,904,2,,1
11861,nedávný,recent,ɹˈiːsənt,recent,905,2,,1
11862,sekretářka,secretary,sˈɛkɹətɹi,secretary,906,2,,1
11863,měkký,soft,sˈɔft,soft,907,2,,1
11864,třetí,third,θˈɜːd,third,908,2,,1
11865,různé,various,vˈɛɹiəs,various,909,2,,1
11866,dobrodružství,adventure,ɐdvˈɛntʃɚ,adventure,910,2,,1
11867,dno,bottom,bˈɑːɾəm,bottom,912,2,,1
11868,mince,coin,kˈɔɪn,coin,913,2,,1
11943,pohodlí,comfort,kˈʌmfɚt,comfort,914,2,,1
11869,kapka,drop,dɹˈɑːp,drop,915,2,,1
11870,rovný,equal,ˈiːkwəl,equal,916,2,,1
11871,puška,gun,ɡˈʌn,gun,917,2,,1
11872,inteligentní,intelligent,ɪntˈɛlɪdʒənt,intelligent,918,2,,1
11873,připojit se,join,dʒˈɔɪn,join,919,2,,1
11874,smát se,laugh,lˈæf,laugh,920,2,,1
11875,střed,middle,mˈɪdəl,middle,921,2,,1
11944,provést,perform,pɚfˈɔːɹm,perform,922,2,,1
11876,obyčejný,plain,plˈeɪn,plain,923,2,,1
11877,řada,row,ɹˈoʊ,row,924,2,,1
11878,voják,soldier,sˈoʊldʒɚ,soldier,925,2,,1
11879,povrch,surface,sˈɜːfɪs,surface,926,2,,1
11880,tlustý,thick,θˈɪk,thick,927,2,,1
11881,až,until,ʌntˈɪl,until,928,2,,1
11882,divoký,wild,wˈaɪld,wild,929,2,,1
11883,pokoušet se,attempt,ɐtˈɛmpt,attempt,930,2,,1
11884,účtenka,bill,bˈɪl,bill,931,2,,1
11885,dýchat,breathe,bɹˈiːð,breathe,932,2,,1
11886,bránit,defend,dᵻfˈɛnd,defend,933,2,,1
11887,tlustý,fat,fˈæt,fat,934,2,,1
11888,šedý,grey,ɡɹˈeɪ,grey,935,2,,1
11889,horký,hot,hˈɑːt,hot,936,2,,1
11945,znak,character,kˈæɹɪktɚ,character,937,2,,1
11890,importovat,import,ɪmpˈɔːɹt,import,938,2,,1
11891,ztratit,lose,lˈuːz,lose,939,2,,1
11892,hora,mountain,mˈaʊntɪn,mountain,940,2,,1
11893,operace,operation,ˌɑːpɚɹˈeɪʃən,operation,941,2,,1
11894,odměna,prize,pɹˈaɪz,prize,942,2,,1
11895,risk,risk,ɹˈɪsk,risk,943,2,,1
11896,bezpečný,safe,sˈeɪf,safe,944,2,,1
11897,náhle,suddenly,sˈʌdənli,suddenly,945,2,,1
11898,oblek,suit,sˈuːt,suit,946,2,,1
11899,typ,type,tˈaɪp,type,947,2,,1
11900,dřevo,wood,wˈʊd,wood,948,2,,1
11901,oblast,area,ˈɛɹiə,area,949,2,,1
11902,spící,asleep,ɐslˈiːp,asleep,950,2,,1
11903,koupel,bath,bˈæθ,bath,951,2,,1
11946,nedbalý,careless,kˈɛɹləs,careless,952,2,,1
11904,zpoždění,delay,dᵻlˈeɪ,delay,953,2,,1
11905,událost,event,ᵻvˈɛnt,event,954,2,,1
11906,skrýt,hide,hˈaɪd,hide,955,2,,1
11907,řetěz,chain,tʃˈeɪn,chain,956,2,,1
11908,mezinárodní,international,ˌɪntɚnˈæʃənəl,international,957,2,,1
11909,shoda,match,mˈætʃ,match,958,2,,1
11910,nervózní,nervous,nˈɜːvəs,nervous,959,2,,1
11911,litovat,pity,pˈɪɾi,pity,960,2,,1
11912,dokázat,prove,pɹˈuːv,prove,961,2,,1
11913,zvýšit,raise,ɹˈeɪz,raise,962,2,,1
11914,zavřít,shut,ʃˈʌt,shut,963,2,,1
11915,čichat,smell,smˈɛl,smell,964,2,,1
11916,rovný,straight,stɹˈeɪt,straight,965,2,,1
11947,obchodovat,trade,tɹˈeɪd,trade,966,2,,1
11917,rozmanitost,variety,vɚɹˈaɪəɾi,variety,967,2,,1
11918,přiznat,admit,ɐdmˈɪt,admit,968,2,,1
11919,navštěvovat,attend,ɐtˈɛnd,attend,969,2,,1
11920,uhlí,coal,kˈoʊl,coal,971,2,,1
11921,skládat se,consist,kənsˈɪst,consist,972,2,,1
11922,prohlásit,declare,dᵻklˈɛɹ,declare,973,2,,1
11923,přesný,exact,ɛɡzˈækt,exact,974,2,,1
11924,rolník,farmer,fˈɑːɹmɚ,farmer,975,2,,1
11925,namísto,instead,ɪnstˈɛd,instead,976,2,,1
11926,kožená bunda,jacket,dʒˈækɪt,jacket,977,2,,1
11072,noha,leg,lˈɛɡ,leg,978,2,,1
11927,kov,metal,mˈɛɾəl,metal,979,2,,1
11976,opačný,opposite,ˈɑːpəzˌɪt,opposite,980,2,,1
11928,libra,pound,pˈaʊnd,pound,981,2,,1
11929,rolovat,roll,ɹˈoʊl,roll,982,2,,1
11930,skóre,score,skˈɔːɹ,score,983,2,,1
11931,střílet,shoot,ʃˈuːt,shoot,984,2,,1
11932,projev,speech,spˈiːtʃ,speech,985,2,,1
11933,toaleta,toilet,tˈɔɪlɪt,toilet,986,2,,1
11934,čí,whose,hˈuːz,whose,987,2,,1
11935,postoj,attitude,ˈæɾɪtˌuːd,attitude,988,2,,1
11594,odvážný,brave,bɹˈeɪv,brave,989,2,,1
11936,obsahovat,contain,kəntˈeɪn,contain,990,2,,1
11937,pochybnost,doubt,dˈaʊt,doubt,991,2,,1
11983,zkušenost,experience,ɛkspˈiəɹɪəns,experience,992,2,,1
11984,plochý,flat,flˈæt,flat,993,2,,1
11985,těžký,heavy,hˈɛvi,heavy,995,2,,1
11986,účtovat,charge,tʃˈɑːɹdʒ,charge,996,2,,1
11987,železo,iron,ˈaɪɚn,iron,997,2,,1
11988,lék,medicine,mˈɛdəsən,medicine,998,2,,1
11989,hluk,noise,nˈɔɪz,noise,999,2,,1
11990,politika,politics,pˈɑːlətˌɪks,politics,1000,2,,1
11991,lít,pour,pˈɔːɹ,pour,1001,2,,1
11992,spěchat,rush,ɹˈʌʃ,rush,1002,2,,1
11993,hladký,smooth,smˈuːð,smooth,1003,2,,1
11994,šířit,spread,spɹˈɛd,spread,1004,2,,1
11995,navrhnout,suggest,sədʒˈɛst,suggest,1005,2,,1
11996,problém,trouble,tɹˈʌbəl,trouble,1006,2,,1
11997,průměrný,average,ˈævɹɪdʒ,average,1007,2,,1
11998,patřit,belong,bᵻlˈɔŋ,belong,1008,2,,1
11999,jistě,certainly,sˈɜːʔn̩li,certainly,1009,2,,1
13427,zločin,crime,kɹˈaɪm,crime,1010,2,,1
12000,povinnost,duty,dˈuːɾi,duty,1011,2,,1
12001,buď,either,ˈiːðɚ,either,1012,2,,1
12002,neuspět,fail,fˈeɪl,fail,1013,2,,1
12003,zdraví,health,hˈɛlθ,health,1014,2,,1
12004,vliv,influence,ˈɪnfluːəns,influence,1015,2,,1
12005,vedoucí,leader,lˈiːdɚ,leader,1016,2,,1
12006,opatření,measure,mˈɛʒɚ,measure,1017,2,,1
12007,nabídka,offer,ˈɔfɚ,offer,1018,2,,1
12008,hromada,pile,pˈaɪl,pile,1019,2,,1
12009,hrubý,rough,ɹˈʌf,rough,1021,2,,1
12010,série,series,sˈɪɹiz,series,1022,2,,1
12011,zkazit,spoil,spˈɔɪl,spoil,1023,2,,1
12012,skvrna,spot,spˈɑːt,spot,1024,2,,1
12013,tenký,thin,θˈɪn,thin,1025,2,,1
12014,hlasovat,vote,vˈoʊt,vote,1026,2,,1
12015,téma,topic,tˈɑːpɪk,topic,1027,2,,1
12016,dotek,touch,tˈʌtʃ,touch,1028,2,,1
12017,výhra,win,wˈɪn,win,1029,2,,1
11938,proč,why,wˈaɪ,why,1130,2,,1
18290,jehož,whose,hˈuːz,whose,1131,2,,1
18291,bílit,white,wˈaɪt,white,1132,2,,1
18292,bílý,white,wˈaɪt,white,1133,2,,1
18293,jaký,which,wˈɪtʃ,which,1134,2,,1
18294,vítr,wind,wˈɪnd,wind,1135,2,,1
18295,když,when,wˈɛn,when,1136,2,,1
18296,kolo,wheel,wˈiːl,wheel,1137,2,,1
18297,jaký,what,wˈʌt,what,1138,2,,1
18298,co,what,wˈʌt,what,1139,2,,1
18299,byli,were,wˈɜː,were,1140,2,,1
18300,studna,well,wˈɛl,well,1141,2,,1
18301,vítejte,welcome,wˈɛlkʌm,welcome,1142,2,,1
18302,víkend,weekend,wˈiːkɛnd,weekend,1143,2,,1
18303,nosit (oblečení),wear,wˈɛɹ,wear,1144,2,,1
18304,zoo,zoo,zˈuː,zoo,1145,2,,1
18305,tvůj,your,jˈʊɹ,your,1146,2,,1
18306,ty sám,yourself,jɔːɹsˈɛlf,yourself,1147,2,,1
18307,vy,you,jˈuː,you,1148,2,,1
18308,jogurt,yoghurt,jˈoʊɡɚt,yoghurt,1149,2,,1
18309,ještě,yet,jˈɛt,yet,1150,2,,1
18310,žlutý,yellow,jˈɛloʊ,yellow,1151,2,,1
18311,yard,yard,jˈɑːɹd,yard,1152,2,,1
18312,napsat,write,ɹˈaɪt,write,1153,2,,1
18313,spisovatel,writer,ɹˈaɪɾɚ,writer,1154,2,,1
18314,by dělal,would,wˈʊd,would,1155,2,,1
18315,starost,worry,wˈʌɹi,worry,1156,2,,1
18316,pracovník,worker,wˈɜːkɚ,worker,1157,2,,1
11484,báječný,wonderful,wˈʌndɚfəl,wonderful,1158,2,,1
18317,deštník,umbrella,ʌmbɹˈɛlə,umbrella,1159,2,,1
18318,škaredý,ugly,ˈʌɡli,ugly,1160,2,,1
18319,zatočit,turn,tˈɜːn,turn,1161,2,,1
18320,obrat,turn,tˈɜːn,turn,1162,2,,1
18321,krocan,turkey,tˈɜːki,turkey,1163,2,,1
18322,roura,tube,tˈuːb,tube,1164,2,,1
18323,pokus,try,tɹˈaɪ,try,1165,2,,1
18324,věrný,true,tɹˈuː,true,1166,2,,1
18465,nákladní auto,truck,tɹˈʌk,truck,1167,2,,1
11939,věž,tower,tˈaʊɚ,tower,1168,2,,1
11940,ručník,towel,tˈaʊəl,towel,1169,2,,1
11941,košile,shirt,ʃˈɜːt,shirt,1170,2,,1
11942,tričko,T-shirt,tˈiːʃˈɜːt,tshirt,1171,2,,1
12018,podtrhnout,underline,ˌʌndɚlˈaɪn,underline,1172,2,,1
12019,hodinky,watch,wˈɑːtʃ,watch,1173,2,,1
12020,praní,wash,wˈɑːʃ,wash,1174,2,,1
12021,teplo,warm,wˈɔːɹm,warm,1175,2,,1
12022,chodit,walk,wˈɔːk,walk,1176,2,,1
12023,probudit,wake,wˈeɪk,wake,1177,2,,1
12024,číšník,waiter,wˈeɪɾɚ,waiter,1178,2,,1
12025,servírka,waitress,wˈeɪtɹəs,waitress,1179,2,,1
12026,hlasování,vote,vˈoʊt,vote,1180,2,,1
12027,volejbal,volleyball,vˈɑːlɪbˌɔːl,volleyball,1181,2,,1
12028,návštívit,visit,vˈɪzɪt,visit,1182,2,,1
12029,návštěva,visit,vˈɪzɪt,visit,1183,2,,1
12030,video,video,vˈɪdɪoʊ,video,1184,2,,1
12031,zeleniny,vegetable,vˈɛdʒɪɾəbəl,vegetable,1185,2,,1
12032,váza,vase,vˈeɪs,vase,1186,2,,1
12033,dovolená,vacation,veɪkˈeɪʃən,vacation,1187,2,,1
12034,použít,use,jˈuːs,use,1188,2,,1
12035,nás,us,ˈʌs,us,1189,2,,1
12036,nějaký,some,sˈʌm,some,1190,2,,1
12037,vyřešit,solve,sˈɑːlv,solve,1191,2,,1
12038,sociální,social,sˈoʊʃəl,social,1192,2,,1
12039,piknik,picnic,pˈɪknɪk,picnic,1193,2,,1
12040,vybrat,pick,pˈɪk,pick,1194,2,,1
12041,klavír,piano,piˈænoʊ,piano,1195,2,,1
12042,fotografie,photo,fˈoʊɾoʊ,photo,1196,2,,1
12043,mazlíček,pet,pˈɛt,pet,1197,2,,1
12044,období,period,pˈiəɹɪəd,period,1198,2,,1
12045,prase,pig,pˈɪɡ,pig,1199,2,,1
12046,platba,pay,pˈeɪ,pay,1200,2,,1
12047,večírek,party,pˈɑːɹɾi,party,1201,2,,1
12048,partner,partner,pˈɑːɹtnɚ,partner,1202,2,,1
12049,pardon,pardon,pˈɑːɹdən,pardon,1203,2,,1
12050,odstavec,paragraph,pˈæɹəɡɹˌæf,paragraph,1204,2,,1
12051,kalhoty,pants,pˈænts,pants,1205,2,,1
12052,princ,prince,pɹˈɪns,prince,1206,2,,1
12053,princezna,princess,pɹˈɪnsɛs,princess,1207,2,,1
12054,pěkný,pretty,pɹˈɪɾi,pretty,1208,2,,1
12055,současnost,present,pɹˈɛzənt,present,1209,2,,1
12056,modlit se,pray,pɹˈeɪ,pray,1210,2,,1
12057,trénovat,practise,pɹˈæktɪs,practise,1211,2,,1
12065,procvičovat,practice,pɹˈæktɪs,practice,1212,2,,1
12058,zveřejnit,post,pˈoʊst,post,1213,2,,1
12059,plakát,poster,pˈoʊstɚ,poster,1214,2,,1
12060,pizza,pizza,pˈiːtsə,pizza,1215,2,,1
12061,bouchnout,pop,pˈɑːp,pop,1216,2,,1
12062,znečištění,pollution,pəlˈuːʃən,pollution,1217,2,,1
12063,báseň,poem,pˈoʊᵻm,poem,1219,2,,1
12064,kapsa,pocket,pˈɑːkɪt,pocket,1220,2,,1
12066,potěšení,pleasure,plˈɛʒɚ,pleasure,1221,2,,1
12067,rovina,plane,plˈeɪn,plane,1222,2,,1
12068,palác,palace,pˈælɪs,palace,1223,2,,1
12069,nátěr,paint,pˈeɪnt,paint,1224,2,,1
12070,malování,painting,pˈeɪntɪŋ,painting,1225,2,,1
12071,obraz,painting,pˈeɪntɪŋ,painting,1226,2,,1
12072,z,of,ˈʌv,of,1227,2,,1
12073,hodin,o'clock,əklˈɑːk,oclock,1228,2,,1
12074,zdravotní sestra,nurse,nˈɜːs,nurse,1229,2,,1
12075,poznamenat,note,nˈoʊt,note,1231,2,,1
12076,poznámka,note,nˈoʊt,note,1232,2,,1
12077,notebook,notebook,nˈoʊtbʊk,notebook,1233,2,,1
12078,vypnuto,off,ˈɔf,off,1234,2,,1
12079,žádný,no,nˈoʊ,no,1235,2,,1
11481,milý,nice,nˈaɪs,nice,1236,2,,1
12080,zprávy,news,nˈuːz,news,1237,2,,1
12081,soused,neighbour,nˈeɪbɚ,neighbour,1238,2,,1
12082,důstojník,officer,ˈɑːfɪsɚ,officer,1239,2,,1
12083,strana,page,pˈeɪdʒ,page,1240,2,,1
12084,odpoledne,PM,pˌiːˈɛm,pm,1241,2,,1
12085,vlastnit,own,ˈoʊn,own,1242,2,,1
12086,majitel,owner,ˈoʊnɚ,owner,1243,2,,1
12087,strana,side,sˈaɪd,side,1244,2,,1
12088,venku,outside,aʊtsˈaɪd,outside,1245,2,,1
12089,náš,our,ˈaʊɚ,our,1246,2,,1
12090,naše,ours,aʊˈɚz,ours,1247,2,,1
12091,objednávka,order,ˈɔːɹdɚ,order,1248,2,,1
12092,pomerančový,orange,ˈɔɹɪndʒ,orange,1249,2,,1
12093,opera,opera,ˈɑːpɚɹə,opera,1250,2,,1
12094,otevřeno,open,ˈoʊpən,open,1251,2,,1
12095,pouze,only,ˈoʊnli,only,1252,2,,1
12096,na,on,ˈɔn,on,1253,2,,1
12097,olympiády,Olympics,əlˈɪmpɪks,olympics,1254,2,,1
12098,okej,okay,oʊkˈeɪ,okay,1255,2,,1
12099,program,programme,pɹˈoʊɡɹæm,programme,1256,2,,1
12100,fialová,purple,pˈɜːpəl,purple,1257,2,,1
12101,plachý,shy,ʃˈaɪ,shy,1259,2,,1
12102,sprcha,shower,ʃˈaʊɚ,shower,1260,2,,1
12103,šou,show,ʃˈoʊ,show,1261,2,,1
12104,by měl,should,ʃˈʊd,should,1262,2,,1
12105,krátit,short,ʃˈɔːɹt,short,1263,2,,1
12106,nakupování,shopping,ʃˈɑːpɪŋ,shopping,1264,2,,1
12107,bota,shoe,ʃˈuː,shoe,1265,2,,1
12108,třepat,shake,ʃˈeɪk,shake,1266,2,,1
12109,sestavit,set,sˈɛt,set,1267,2,,1
12110,věta,sentence,sˈɛntəns,sentence,1268,2,,1
12111,já,self,sˈɛlf,self,1269,2,,1
12112,pohled,sight,sˈaɪt,sight,1270,2,,1
18550,fotbal,soccer,sˈɑːkɚ,soccer,1271,2,,1
12113,zasněžený,snowy,snˈoʊi,snowy,1272,2,,1
12114,had,snake,snˈeɪk,snake,1273,2,,1
12115,kouř,smoke,smˈoʊk,smoke,1274,2,,1
12116,kouření,smoking,smˈoʊkɪŋ,smoking,1275,2,,1
12117,kovář,smith,smˈɪθ,smith,1276,2,,1
12118,vůně,smell,smˈɛl,smell,1277,2,,1
12119,dovednost,skill,skˈɪl,skill,1278,2,,1
12120,místo,site,sˈaɪt,site,1279,2,,1
12121,Pane,sir,sˈɜː,sir,1280,2,,1
12122,zpěvák,singer,sˈɪŋɚ,singer,1281,2,,1
12123,spát,sleep,slˈiːp,sleep,1282,2,,1
12124,sekce,section,sˈɛkʃən,section,1283,2,,1
12125,stuha,ribbon,ɹˈɪbən,ribbon,1284,2,,1
12126,recenze,review,ɹᵻvjˈuː,review,1285,2,,1
12127,zpravodaj,reporter,ɹᵻpˈɔːɹɾɚ,reporter,1286,2,,1
12128,nemovitý,real,ɹˈiːəl,real,1287,2,,1
12129,připraveno,ready,ɹˈɛdi,ready,1288,2,,1
12130,čtenář,reader,ɹˈiːdɚ,reader,1289,2,,1
12131,krysa,rat,ɹˈæt,rat,1290,2,,1
12132,déšť,rain,ɹˈeɪn,rain,1291,2,,1
12133,deštivý,rainy,ɹˈeɪni,rainy,1292,2,,1
12134,králičí,rabbit,ɹˈæbɪt,rabbit,1293,2,,1
12135,klid,quiet,kwˈaɪət,quiet,1294,2,,1
12136,rychle,quickly,kwˈɪkli,quickly,1295,2,,1
12137,zpochybňovat,question,kwˈɛstʃən,question,1296,2,,1
12138,čtvrtletí,quarter,kwˈɔːɹɾɚ,quarter,1297,2,,1
12139,čtení,reading,ɹˈiːdɪŋ,reading,1298,2,,1
12140,vydatný,rich,ɹˈɪtʃ,rich,1299,2,,1
12141,jízda,ride,ɹˈaɪd,ride,1300,2,,1
12142,jezdit,ride,ɹˈaɪd,ride,1301,2,,1
12143,vědec,scientist,sˈaɪəntɪst,scientist,1302,2,,1
12144,říci,say,sˈeɪ,say,1303,2,,1
12145,pila,saw,sˈɔː,saw,1304,2,,1
12146,uložit,save,sˈeɪv,save,1305,2,,1
12147,sendvič,sandwich,sˈændwɪtʃ,sandwich,1306,2,,1
12148,prodej,sale,sˈeɪl,sale,1307,2,,1
12149,salát,salad,sˈæləd,salad,1308,2,,1
12150,plachta,sail,sˈeɪl,sail,1309,2,,1
12151,námořník,sailor,sˈeɪlɚ,sailor,1310,2,,1
12152,běžet,run,ɹˈʌn,run,1311,2,,1
12153,pravítko,ruler,ɹˈuːlɚ,ruler,1312,2,,1
12157,neurvalý,rude,ɹˈuːd,rude,1313,2,,1
12154,řádek,row,ɹˈoʊ,row,1314,2,,1
12155,růže,rose,ɹˈoʊz,rose,1315,2,,1
12156,úloha,role,ɹˈoʊl,role,1316,2,,1
12158,správný,right,ɹˈaɪt,right,1317,2,,1
12159,právo,right,ɹˈaɪt,right,1318,2,,1
12160,tlačit,push,pˈʊʃ,push,1319,2,,1
12161,víčko,cap,kˈæp,cap,1320,2,,1
12162,album,album,ˈælbəm,album,1321,2,,1
12163,přinést,bring,bɹˈɪŋ,bring,1322,2,,1
12164,základna,base,bˈeɪs,base,1324,2,,1
12165,baseball,baseball,bˈeɪsbɔːl,baseball,1325,2,,1
12166,jasný,bright,bɹˈaɪt,bright,1326,2,,1
12167,rozzlobený,angry,ˈæŋɡɹi,angry,1327,2,,1
12168,zástěra,apron,ˈeɪpɹən,apron,1328,2,,1
12169,blok,block,blˈɑːk,block,1329,2,,1
12170,košík,basket,bˈæskɪt,basket,1331,2,,1
12171,basketball,basketball,bˈæskɪtbˌɔːl,basketball,1332,2,,1
12172,netopýr,bat,bˈæt,bat,1333,2,,1
12173,podnikání,business,bˈɪznəs,business,1334,2,,1
12174,mezi,between,bᵻtwˈiːn,between,1335,2,,1
12175,přítel,boyfriend,bˈɔɪfɹɛnd,boyfriend,1336,2,,1
12176,narození,birth,bˈɜːθ,birth,1337,2,,1
12177,obě,both,bˈoʊθ,both,1338,2,,1
12178,zlomit,break,bɹˈeɪk,break,1339,2,,1
12179,zlomený,broken,bɹˈoʊkən,broken,1340,2,,1
12180,zvonek,bell,bˈɛl,bell,1341,2,,1
12181,motýl,butterfly,bˈʌɾɚflˌaɪ,butterfly,1342,2,,1
12182,láhev,bottle,bˈɑːɾəl,bottle,1344,2,,1
12183,rána,blow,blˈoʊ,blow,1345,2,,1
12184,daleko,far away,ɐwˈeɪ,away,1346,2,,1
12185,miska,bowl,bˈoʊl,bowl,1348,2,,1
12186,mozek,brain,bɹˈeɪn,brain,1350,2,,1
12187,štětec,brush,bɹˈʌʃ,brush,1351,2,,1
12188,jsou,are,ˈɑːɹ,are,1352,2,,1
12189,hamburger,burger,bˈɜːɡɚ,burger,1353,2,,1
12190,pláž,beach,bˈiːtʃ,beach,1354,2,,1
12191,aktivita,activity,æktˈɪvᵻɾi,activity,1355,2,,1
12192,fazole,bean,bˈiːn,bean,1356,2,,1
12241,kdokoliv,anybody,ˈɛnɪbˌɑːdi,anybody,1357,2,,1
12193,zadní,back,bˈæk,back,1358,2,,1
12194,podpořit,back,bˈæk,back,1359,2,,1
12195,sušenka,biscuit,bˈɪskɪt,biscuit,1360,2,,1
12196,narozeniny,birthday,bˈɜːθdeɪ,birthday,1362,2,,1
12197,(neurčitý člen),an,ˈæn,an,1364,2,,1
12198,očernit,black,blˈæk,black,1365,2,,1
12199,kdokoliv,anyone,ˈɛnɪwˌʌn,anyone,1366,2,,1
12200,bojí se,afraid,ɐfɹˈeɪd,afraid,1367,2,,1
12201,hovězí,beef,bˈiːf,beef,1368,2,,1
12202,jediný,alone,ɐlˈoʊn,alone,1369,2,,1
12203,včela,bee,bˈiː,bee,1370,2,,1
12242,jízdní kolo,bicycle,bˈaɪsɪkəl,bicycle,1371,2,,1
12204,vše,all,ˈɔːl,all,1372,2,,1
12205,tlačítko,button,bˈʌʔn̩,button,1373,2,,1
11770,celý,all,ˈɔːl,all,1374,2,,1
12206,v pořádku,all right,ˈɔːl ɹˈaɪt,all_right,1375,2,,1
12207,koupelna,bathroom,bˈæθɹuːm,bathroom,1376,2,,1
12208,ložnice,bedroom,bˈɛdɹuːm,bedroom,1377,2,,1
12209,prázdný,blank,blˈæŋk,blank,1378,2,,1
12210,přibližně,around,ɚɹˈaʊnd,around,1379,2,,1
12243,děťátko,baby,bˈeɪbi,baby,1380,2,,1
12211,nakoupit,buy,bˈaɪ,buy,1382,2,,1
12212,vědro,bucket,bˈʌkɪt,bucket,1383,2,,1
12213,jakmile,as,ˈæz,as,1384,2,,1
12214,tyč,bar,bˈɑːɹ,bar,1385,2,,1
12215,dort,cake,kˈeɪk,cake,1386,2,,1
12216,pod,below,bᵻlˈoʊ,below,1387,2,,1
9566,letoun,aeroplane,ˈɛɹəplˌeɪn,aeroplane,1388,2,,1
12217,může,can,kˈæn,can,1389,2,,1
12218,bonbón,candy,kˈændi,candy,1390,2,,1
12219,skladovat,store,stˈɔːɹ,store,1391,2,,1
12220,knihkupectví,bookstore,bˈʊkstɔːɹ,bookstore,1392,2,,1
12221,banán,banana,bɐnˈænə,banana,1393,2,,1
12222,paže,arm,ˈɑːɹm,arm,1394,2,,1
12223,o,about,ɐbˈaʊt,about,1395,2,,1
12224,kapela,band,bˈænd,band,1396,2,,1
12225,probudit,awake,ɐwˈeɪk,awake,1397,2,,1
12226,volání,call,kˈɔːl,call,1398,2,,1
12227,více než,above,əbˈʌv,above,1399,2,,1
12228,výše,above,əbˈʌv,above,1400,2,,1
12229,okolo,about,ɐbˈaʊt,about,1401,2,,1
12230,přístav,port,pˈɔːɹt,port,1402,2,,1
12231,nudný,boring,bˈɔːɹɪŋ,boring,1403,2,,1
12232,podle,by,bˈaɪ,by,1404,2,,1
12233,sbohem,bye,bˈaɪ,bye,1405,2,,1
12234,požádat,ask,ˈæsk,ask,1406,2,,1
12235,tábor,camp,kˈæmp,camp,1407,2,,1
12236,dopoledne,AM,ˈæm,am,1408,2,,1
12237,odpovědět,answer,ˈænsɚ,answer,1409,2,,1
12238,kartáčovat,brush,bɹˈʌʃ,brush,1410,2,,1
12239,stadión,stadium,stˈeɪdiəm,stadium,1411,2,,1
12240,přejít,cross,kɹˈɔs,cross,1412,2,,1
12244,práce,labour,lˈeɪbɚ,labour,1413,2,,1
12325,schod,stair,stˈɛɹ,stair,1414,2,,1
12245,kříž,cross,kɹˈɔs,cross,1415,2,,1
12246,levný,inexpensive,ˌɪnɛkspˈɛnsɪv,inexpensive,1416,2,,1
12247,kritizovat,criticise,kɹˈɪɾɪsˌaɪz,criticise,1417,2,,1
12248,role (např. papíru),roll,ɹˈoʊl,roll,1418,2,,1
12249,křupavý,crisp,kɹˈɪsp,crisp,1419,2,,1
12250,souprava,kit,kˈɪt,kit,1420,2,,1
12251,opékat,roast,ɹˈoʊst,roast,1421,2,,1
12252,pár,couple,kˈʌpəl,couple,1423,2,,1
12253,naznačit,indicate,ˈɪndᵻkˌeɪt,indicate,1424,2,,1
12254,klepání,knock,nˈɑːk,knock,1425,2,,1
12255,haraburdí,junk,dʒˈʌŋk,junk,1426,2,,1
12256,plavba,cruise,kɹˈuːz,cruise,1427,2,,1
12257,razítko,stamp,stˈæmp,stamp,1428,2,,1
12258,juniorský,junior,dʒˈuːnjɚ,junior,1429,2,,1
12259,strategie,strategy,stɹˈæɾədʒi,strategy,1430,2,,1
12260,strava,diet,dˈaɪət,diet,1431,2,,1
12261,koruna,crown,kɹˈaʊn,crown,1432,2,,1
12262,poklop,cover,kˈʌvɚ,cover,1433,2,,1
12263,zemřít,die,dˈaɪ,die,1434,2,,1
12264,nést,bear,bˈɛɹ,bear,1435,2,,1
12265,nedostatek,lack,lˈæk,lack,1436,2,,1
12266,přeplněný,crowded,kɹˈaʊdᵻd,crowded,1437,2,,1
12267,kilometr,kilometre,kˈɪləmˌiːɾɚ,kilometre,1438,2,,1
12326,provázek,string,stɹˈɪŋ,string,1439,2,,1
12327,síla,strength,stɹˈɛŋθ,strength,1440,2,,1
12268,znalost,knowledge,nˈɑːlɪdʒ,knowledge,1441,2,,1
12269,tvůrčí,creative,kɹiːˈeɪɾɪv,creative,1442,2,,1
12270,nezávislost,independence,ˌɪndᵻpˈɛndəns,independence,1443,2,,1
12271,deník,diary,dˈaɪɚɹi,diary,1444,2,,1
12272,vytvořit,create,kɹiːˈeɪt,create,1445,2,,1
12273,cizinec,stranger,stɹˈeɪndʒɚ,stranger,1446,2,,1
12274,laskavě,kindly,kˈaɪndli,kindly,1447,2,,1
12275,personál,staff,stˈæf,staff,1448,2,,1
12276,kilo,kilo,kˈiːloʊ,kilo,1449,2,,1
12277,kilogram,kilogramme,kˈɪləɡɹˌæm,kilogramme,1450,2,,1
12278,krém,cream,kɹˈiːm,cream,1451,2,,1
12279,šílený,crazy,kɹˈeɪzi,crazy,1452,2,,1
12280,silně,strongly,stɹˈɔŋli,strongly,1453,2,,1
12281,druh,kind,kˈaɪnd,kind,1454,2,,1
12282,stávka,strike,stɹˈaɪk,strike,1455,2,,1
12328,uvnitř budovy,indoor,ˈɪndɔːɹ,indoor,1456,2,,1
12329,oloupit,rob,ɹˈɑːb,rob,1458,2,,1
12283,rozvíjet,develop,dɪvˈɛləp,develop,1459,2,,1
12284,kriket,cricket,kɹˈɪkɪt,cricket,1460,2,,1
12285,rozvinutý,developed,dɪvˈɛləpt,developed,1461,2,,1
12286,loupež,robbery,ɹˈɑːbɚɹi,robbery,1462,2,,1
12287,zabiják,killer,kˈɪlɚ,killer,1463,2,,1
12288,království,kingdom,kˈɪŋdəm,kingdom,1464,2,,1
12289,červenka,robin,ɹˈɑːbɪn,robin,1465,2,,1
12290,venkov,countryside,kˈʌntɹɪsˌaɪd,countryside,1466,2,,1
12291,struktura,structure,stɹˈʌktʃɚ,structure,1467,2,,1
12292,stvoření,creature,kɹˈiːtʃɚ,creature,1468,2,,1
12293,krása,beauty,bjˈuːɾi,beauty,1469,2,,1
12294,tvořivost,creativity,kɹiːˌeɪtˈɪvᵻɾi,creativity,1470,2,,1
12295,diamant,diamond,dˈaɪəmənd,diamond,1471,2,,1
12296,hlubina,deep,dˈiːp,deep,1472,2,,1
12297,socha,statue,stˈætʃuː,statue,1473,2,,1
12298,rozprava,debate,dᵻbˈeɪt,debate,1474,2,,1
12299,brouk,bug,bˈʌɡ,bug,1475,2,,1
12300,odejít do důchodu,retire,ɹᵻtˈaɪɚ,retire,1476,2,,1
12301,v důchodu,retired,ɹᵻtˈaɪɚd,retired,1477,2,,1
12302,rytmus,rhythm,ɹˈɪðəm,rhythm,1479,2,,1
12303,denní světlo,daylight,dˈeɪlaɪt,daylight,1480,2,,1
12304,ocenit,appreciate,ɐpɹˈiːʃɪˌeɪt,appreciate,1481,2,,1
12305,místo toho,instead,ɪnstˈɛd,instead,1482,2,,1
12306,jmenovat (do funkce),appoint,ɐpˈɔɪnt,appoint,1483,2,,1
12307,jmenování,appointment,ɐpˈɔɪntmənt,appointment,1484,2,,1
12308,okamžitý,instant,ˈɪnstənt,instant,1485,2,,1
12309,žaludek,stomach,stˈʌmək,stomach,1486,2,,1
12310,bolest břicha,stomachache,stˈʌməkˌeɪk,stomachache,1487,2,,1
12311,bytost,being,bˈiːɪŋ,being,1488,2,,1
12330,vynalézt,invent,ɪnvˈɛnt,invent,1489,2,,1
12312,vynález,invention,ɪnvˈɛnʃən,invention,1490,2,,1
12313,návrat,return,ɹᵻtˈɜːn,return,1491,2,,1
12314,hluboce,deeply,dˈiːpli,deeply,1493,2,,1
12315,ukrást,steal,stˈiːl,steal,1494,2,,1
12316,vykročit,step,stˈɛp,step,1495,2,,1
12317,v pořádku,alright,ɔːlɹˈaɪt,alright,1496,2,,1
12318,zajímat,interest,ˈɪntɹɛst,interest,1497,2,,1
12319,břicho,belly,bˈɛli,belly,1498,2,,1
12320,steak,steak,stˈeɪk,steak,1499,2,,1
12321,uvést,state,stˈeɪt,state,1500,2,,1
12322,prohlášení,statement,stˈeɪtmənt,statement,1501,2,,1
12323,odhalit,reveal,ɹᵻvˈiːl,reveal,1502,2,,1
12324,inteligence,intelligence,ɪntˈɛlɪdʒəns,intelligence,1503,2,,1
12332,unie,union,jˈuːniən,union,1504,2,,1
12333,shledání,reunion,ɹˌiːjˈuːniən,reunion,1505,2,,1
12331,vpadnout,invade,ɪnvˈeɪd,invade,1506,2,,1
12334,naplánovat,budget,bˈʌdʒɪt,budget,1508,2,,1
12335,vrátit,return,ɹᵻtˈɜːn,return,1509,2,,1
12336,žárovka,bulb,bˈʌlb,bulb,1510,2,,1
12337,nebezpečí,danger,dˈeɪndʒɚ,danger,1511,2,,1
12338,inspirovat,inspire,ɪnspˈaɪɚ,inspire,1512,2,,1
12339,inspirace,inspiration,ˌɪnspɚɹˈeɪʃən,inspiration,1513,2,,1
12340,žebrat,beg,bˈɛɡ,beg,1514,2,,1
12341,sporák,stove,stˈoʊv,stove,1515,2,,1
12342,popis,description,dᵻskɹˈɪpʃən,description,1516,2,,1
12343,prokletí,curse,kˈɜːs,curse,1517,2,,1
12344,kari,curry,kˈɜːɹi,curry,1519,2,,1
12345,dříve než,before,bᵻfˈɔːɹ,before,1520,2,,1
12346,vnitřní,inner,ˈɪnɚ,inner,1521,2,,1
12347,přímý,straight,stɹˈeɪt,straight,1522,2,,1
12348,kroužek,ring,ɹˈɪŋ,ring,1523,2,,1
12349,skříň,cupboard,kˈʌbəd,cupboard,1524,2,,1
12350,radost,joy,dʒˈɔɪ,joy,1525,2,,1
12351,byl,been,bˈɪn,been,1526,2,,1
12352,dezert,dessert,dɪzˈɜːt,dessert,1527,2,,1
12353,aplikovat,apply,ɐplˈaɪ,apply,1528,2,,1
12354,problém,issue,ˈɪʃuː,issue,1529,2,,1
12355,tanečník,dancer,dˈænsɚ,dancer,1530,2,,1
12356,stát,state,stˈeɪt,state,1531,2,,1
12357,chovat se,behave,bᵻhˈeɪv,behave,1532,2,,1
12358,chování,behaviour,bᵻhˈeɪvjɚ,behaviour,1533,2,,1
12359,zubař,dentist,dˈɛntɪst,dentist,1534,2,,1
12360,přehrada,dam,dˈæm,dam,1535,2,,1
12361,sám,itself,ɪtsˈɛlf,itself,1536,2,,1
12362,denní,daily,dˈeɪli,daily,1537,2,,1
12363,zvyk,custom,kˈʌstəm,custom,1538,2,,1
12364,jezdit na kole,cycle,sˈaɪkəl,cycle,1539,2,,1
12365,cyklistika,cycling,sˈaɪklɪŋ,cycling,1540,2,,1
12366,začátek,beginning,bɪɡˈɪnɪŋ,beginning,1541,2,,1
12367,bouře,storm,stˈɔːɹm,storm,1542,2,,1
12368,odpověď,response,ɹᵻspˈɑːns,response,1544,2,,1
12369,obchodní dům,department store,dᵻpˈɑːɹtmənt stˈɔːɹ,department_store,1545,2,,1
12370,začátečník,beginner,bɪɡˈɪnɚ,beginner,1546,2,,1
12371,želé,jelly,dʒˈɛli,jelly,1547,2,,1
12372,džem,jam,dʒˈæm,jam,1548,2,,1
12373,znamenat,signify,sˈɪɡnᵻfˌaɪ,signify,1549,2,,1
12374,významný,significant,sɪɡnˈɪfɪkənt,significant,1550,2,,1
12375,úspěšně,successfully,səksˈɛsfəli,successfully,1551,2,,1
12376,náklady,cost,kˈɔst,cost,1552,2,,1
12377,ztracený,lost,lˈɔst,lost,1553,2,,1
12378,úděl,lot,lˈɑːt,lot,1554,2,,1
12379,hlasitý,loud,lˈaʊd,loud,1555,2,,1
12380,hlasitě,loudly,lˈaʊdli,loudly,1556,2,,1
12381,polykat,swallow,swˈɔloʊ,swallow,1557,2,,1
12382,vodítko,clue,klˈuː,clue,1558,2,,1
12383,klaun,clown,klˈaʊn,clown,1559,2,,1
12384,potit,sweat,swˈɛt,sweat,1560,2,,1
12385,svetr,sweater,swˈɛɾɚ,sweater,1561,2,,1
12386,kabina,cab,kˈæb,cab,1562,2,,1
11485,výhodná koupě,bargain,bˈɑːɹɡɪn,bargain,1563,2,,1
12387,naštěstí,luckily,lˈʌkili,luckily,1564,2,,1
12388,pravidelně,regularly,ɹˈɛɡjʊlɚli,regularly,1565,2,,1
12389,ulička,aisle,ˈaɪəl,aisle,1566,2,,1
12390,cvaknutí,click,klˈɪk,click,1567,2,,1
12391,miláček,sweetheart,swˈiːthɑːɹt,sweetheart,1569,2,,1
12392,úředník,clerk,klˈɜːk,clerk,1570,2,,1
12393,klon,clone,klˈoʊn,clone,1571,2,,1
12454,uvolněný,loose,lˈuːs,loose,1572,2,,1
12394,přežít,survive,sɚvˈaɪv,survive,1573,2,,1
12395,spáchat,commit,kəmˈɪt,commit,1574,2,,1
12396,závazek,commitment,kəmˈɪtmənt,commitment,1575,2,,1
12397,litr,litre,lˈiːɾɚ,litre,1576,2,,1
9570,surfovat,surf,sˈɜːf,surf,1577,2,,1
12398,surfování,surfing,sˈɜːfɪŋ,surfing,1578,2,,1
12399,propuštění,release,ɹᵻlˈiːs,release,1579,2,,1
12400,relaxovat,relax,ɹᵻlˈæks,relax,1580,2,,1
12401,uvolněný,relaxed,ɹᵻlˈækst,relaxed,1581,2,,1
12402,vtipný,comic,kˈɑːmɪk,comic,1582,2,,1
12403,komik,comic,kˈɑːmɪk,comic,1583,2,,1
12404,příjmení,surname,sˈɜːneɪm,surname,1584,2,,1
12405,živý,lively,lˈaɪvli,lively,1587,2,,1
12406,podnikatelka,businesswoman,bˈɪznəswˌʊmən,businesswoman,1588,2,,1
12407,zatížení,load,lˈoʊd,load,1589,2,,1
12408,hřeben,comb,kˈoʊm,comb,1590,2,,1
12409,místní,local,lˈoʊkəl,local,1591,2,,1
12410,sloupec,column,kˈɑːlʌm,column,1592,2,,1
12411,barvitý,colourful,kˈʌlɚfəl,colourful,1593,2,,1
12412,překvapení,surprise,sɚpɹˈaɪz,surprise,1594,2,,1
12413,překvapený,surprised,sɚpɹˈaɪzd,surprised,1595,2,,1
12414,překvapující,surprising,sɚpɹˈaɪzɪŋ,surprising,1596,2,,1
12415,zámek,lock,lˈɑːk,lock,1597,2,,1
12416,logika,logic,lˈɑːdʒɪk,logic,1598,2,,1
12417,logický,logical,lˈɑːdʒɪkəl,logical,1599,2,,1
12418,cola,cola,kˈoʊlə,cola,1600,2,,1
18771,poplach,alarm,ɐlˈɑːɹm,alarm,1601,3,,1
18772,litovat,regret,ɹᵻɡɹˈɛt,regret,1602,3,,1
18773,výbor,committee,kəmˈɪɾi,committee,1603,3,,1
18774,jasně,clearly,klˈɪɹli,clearly,1604,3,,1
18775,nákupní centrum,mall,mˈɔːl,mall,1605,3,,1
18776,spravovat,manage,mˈænɪdʒ,manage,1606,3,,1
18777,manažer,manager,mˈænɪdʒɚ,manager,1607,3,,1
18778,truhla,chest,tʃˈɛst,chest,1608,3,,1
18779,symfonie,symphony,sˈɪmfəni,symphony,1609,3,,1
18780,způsob,manner,mˈænɚ,manner,1610,3,,1
11486,šek,cheque,tʃˈɛk,cheque,1611,3,,1
18781,lednička,refrigerator,ɹᵻfɹˈɪdʒɚɹˌeɪɾɚ,refrigerator,1612,3,,1
18782,šéfkuchař,chef,ʃˈɛf,chef,1613,3,,1
18783,dětství,childhood,tʃˈaɪldhʊd,childhood,1614,3,,1
18784,jásot,cheer,tʃˈɪɹ,cheer,1615,3,,1
18785,šek,check,tʃˈɛk,check,1616,3,,1
18786,označit,mark,mˈɑːɹk,mark,1617,3,,1
18787,stolní tenis,table tennis,tˈeɪbəl tˈɛnɪs,table_tennis,1618,3,,1
18788,značka,mark,mˈɑːɹk,mark,1619,3,,1
18789,povídání,chat,tʃˈæt,chat,1620,3,,1
18790,graf,chart,tʃˈɑːɹt,chart,1621,3,,1
18791,lžíce,spoon,spˈuːn,spoon,1622,3,,1
18792,polévková lžíce,tablespoon,tˈeɪbəlspˌuːn,tablespoon,1623,3,,1
18793,oženit,marry,mˈæɹi,marry,1624,3,,1
18794,ženatý,married,mˈæɹid,married,1625,3,,1
12485,tvář,cheek,tʃˈiːk,cheek,1626,3,,1
12486,muž,male,mˈeɪl,male,1627,3,,1
12487,chilli,chilli,tʃˈɪli,chilli,1628,3,,1
12488,symbol,symbol,sˈɪmbəl,symbol,1629,3,,1
12489,čistič,cleaner,klˈiːnɚ,cleaner,1630,3,,1
12490,jídelna,cafeteria,kˌæfɪtˈɪɹiə,cafeteria,1631,3,,1
12491,šílený,mad,mˈæd,mad,1632,3,,1
12492,klasický,classic,klˈæsɪk,classic,1633,3,,1
12493,klasická hudba,classical music,klˈæsɪkəl mjˈuːzɪk,classical_music,1634,3,,1
12494,plavky,swimming costume,swˈɪmɪŋ kˈɔstuːm,swimming_costume,1635,3,,1
12495,plavky,swimsuit,swˈɪmsuːt,swimsuit,1636,3,,1
12538,nárok,claim,klˈeɪm,claim,1637,3,,1
12496,holič,barber,bˈɑːɹbɚ,barber,1638,3,,1
12497,kouzlo,magic,mˈædʒɪk,magic,1639,3,,1
12498,občan,citizen,sˈɪɾɪzən,citizen,1640,3,,1
12499,hlavní chod,main course,mˈeɪn kˈɔːɹs,main_course,1641,3,,1
12500,hlavně,mainly,mˈeɪnli,mainly,1642,3,,1
12501,kalendář,calendar,kˈæləndɚ,calendar,1643,3,,1
12502,hlavní,major,mˈeɪdʒɚ,major,1644,3,,1
12503,grilování,barbecue,bˈɑːɹbɪkjˌuː,barbecue,1645,3,,1
12504,výrobce,maker,mˈeɪkɚ,maker,1646,3,,1
12505,make-up,make-up,mˌeɪkˈʌp,makeup,1647,3,,1
12506,výběr,choice,tʃˈɔɪs,choice,1648,3,,1
12507,cvrlikání,chirp,tʃˈɜːp,chirp,1649,3,,1
12508,brada,chin,tʃˈɪn,chin,1650,3,,1
12509,šimpanz,chimpanzee,tʃˌɪmpɐnzˈiː,chimpanzee,1651,3,,1
12510,lyrika,lyric,lˈɪɹɪk,lyric,1652,3,,1
12511,stát (peníze),cost,kˈɔst,cost,1653,3,,1
12512,budík,alarm clock,ɐlˈɑːɹm klˈɑːk,alarm_clock,1654,3,,1
12513,zákon,law,lˈɔː,law,1656,3,,1
12514,advokát,lawyer,lˈɔɪɚ,lawyer,1657,3,,1
12515,kontrast,contrast,kˈɑːntɹæst,contrast,1658,3,,1
12516,lenost,laziness,lˈeɪzinəs,laziness,1659,3,,1
12517,záliv,bay,bˈeɪ,bay,1660,3,,1
12518,kontinent,continent,kˈɑːntɪnənt,continent,1661,3,,1
12519,kontext,context,kˈɑːntɛkst,context,1662,3,,1
12520,keř,bush,bˈʊʃ,bush,1663,3,,1
12521,řízení,control,kəntɹˈoʊl,control,1664,3,,1
12522,kontejner,container,kəntˈeɪnɚ,container,1665,3,,1
12523,kontaktovat,contact,kˈɑːntækt,contact,1666,3,,1
12524,přivlastnit si,appropriate,ɐpɹˈoʊpɹɪət,appropriate,1668,3,,1
12525,baterie,battery,bˈæɾɚɹi,battery,1669,3,,1
12526,opravit,repair,ɹᵻpˈɛɹ,repair,1670,3,,1
12527,nejméně,least,lˈiːst,least,1671,3,,1
12528,kůže,leather,lˈɛðɚ,leather,1672,3,,1
12529,náhlý,sudden,sˈʌdən,sudden,1673,3,,1
12530,uspět,succeed,səksˈiːd,succeed,1674,3,,1
12531,pohodlí,convenience,kənvˈiːnɪəns,convenience,1675,3,,1
12532,výzkum,research,ɹᵻsˈɜːtʃ,research,1676,3,,1
12533,svítilna,lamp,lˈæmp,lamp,1677,3,,1
12534,studie,study,stˈʌdi,study,1678,3,,1
12535,povolit,allow,ɐlˈaʊ,allow,1679,3,,1
12536,věc,stuff,stˈʌf,stuff,1680,3,,1
12540,krajina,landscape,lˈændskeɪp,landscape,1681,3,,1
12541,styl,style,stˈaɪl,style,1682,3,,1
12542,pruh,lane,lˈeɪn,lane,1683,3,,1
12543,hořet,burn,bˈɜːn,burn,1684,3,,1
12544,pohřbít,bury,bˈɛɹi,bury,1685,3,,1
12545,sporák,cooker,kˈʊkɚ,cooker,1686,3,,1
12546,autobusové nádraží,bus station,bˈʌs stˈeɪʃən,bus_station,1687,3,,1
12547,nejnovější,latest,lˈeɪɾɪst,latest,1688,3,,1
12548,zastupovat,represent,ɹˌɛpɹᵻzˈɛnt,represent,1689,3,,1
12550,autobusová zastávka,bus stop,bˈʌs stˈɑːp,bus_stop,1691,3,,1
12539,vhodný,convenient,kənvˈiːnɪənt,convenient,1692,3,,1
12551,licence,licence,lˈaɪsəns,licence,1694,3,,1
12552,lež,lie,lˈaɪ,lie,1695,3,,1
12553,podnikatel,businessman,bˈɪznəsmən,businessman,1696,3,,1
12554,životní styl,lifestyle,lˈaɪfstaɪl,lifestyle,1698,3,,1
12555,superstar,superstar,sˈuːpɚstˌɑːɹ,superstar,1699,3,,1
12556,komponovat,compose,kəmpˈoʊz,compose,1700,3,,1
12557,skladatel,composer,kəmpˈoʊzɚ,composer,1701,3,,1
12558,večeře,supper,sˈʌpɚ,supper,1702,3,,1
12559,v podstatě,basically,bˈeɪsɪkli,basically,1703,3,,1
12560,soustředit se,concentrate,kˈɑːnsəntɹˌeɪt,concentrate,1704,3,,1
12561,kompletní,complete,kəmplˈiːt,complete,1705,3,,1
12562,stěžovat si,complain,kəmplˈeɪn,complain,1706,3,,1
12563,stížnost,complaint,kəmplˈeɪnt,complaint,1707,3,,1
12564,soutěžit,compete,kəmpˈiːt,compete,1708,3,,1
12565,soutěž,competition,kˌɑːmpətˈɪʃən,competition,1709,3,,1
12566,ret,lip,lˈɪp,lip,1710,3,,1
12567,porovnat,compare,kəmpˈɛɹ,compare,1711,3,,1
12568,srovnávací,comparative,kəmpˈæɹətˌɪv,comparative,1712,3,,1
12569,komunikovat,communicate,kəmjˈuːnᵻkˌeɪt,communicate,1713,3,,1
12570,sdělení,communication,kəmjˌuːnɪkˈeɪʃən,communication,1714,3,,1
12571,základní,basic,bˈeɪsɪk,basic,1715,3,,1
12572,svoboda,liberty,lˈɪbɚɾi,liberty,1716,3,,1
12573,znepokojení,concern,kənsˈɜːn,concern,1717,3,,1
12574,sluneční světlo,sunlight,sˈʌnlaɪt,sunlight,1718,3,,1
12575,pronajmout,rent,ɹˈɛnt,rent,1719,3,,1
12576,následek,consequence,kˈɑːnsɪkwəns,consequence,1720,3,,1
12577,vyhovovat,suit,sˈuːt,suit,1721,3,,1
12578,vhodný,suitable,sˈuːɾəbəl,suitable,1722,3,,1
12579,vzdálený,remote,ɹᵻmˈoʊt,remote,1723,3,,1
12580,připomenout,remind,ɹᵻmˈaɪnd,remind,1724,3,,1
12581,volný čas,leisure,lˈiːʒɚ,leisure,1725,3,,1
12582,citrón,lemon,lˈɛmən,lemon,1726,3,,1
12583,zmást,confuse,kənfjˈuːz,confuse,1727,3,,1
12584,zmatený,confused,kənfjˈuːzd,confused,1728,3,,1
12585,kufr,suitcase,sˈuːtkeɪs,suitcase,1729,3,,1
12586,limonáda,lemonade,lˌɛmənˈeɪd,lemonade,1730,3,,1
12587,půjčovat,lend,lˈɛnd,lend,1731,3,,1
12588,sebevědomý,confident,kˈɑːnfɪdənt,confident,1732,3,,1
12589,shrnutí,summary,sˈʌmɚɹi,summary,1733,3,,1
12590,naživu,alive,ɐlˈaɪv,alive,1734,3,,1
12591,dávka,batch,bˈætʃ,batch,1735,3,,1
12592,stav,condition,kəndˈɪʃən,condition,1736,3,,1
12593,úroveň,level,lˈɛvəl,level,1737,3,,1
12594,slunečnice,sunflower,sˈʌnflaʊɚ,sunflower,1738,3,,1
12595,sluneční brýle,sunglasses,sˈʌŋɡlæsᵻz,sunglasses,1739,3,,1
12596,levá ruka,left-hand,lˈɛfthˈænd,lefthand,1740,3,,1
12597,opravdu,indeed,ˌɪndˈiːd,indeed,1741,3,,1
12598,nemožné,impossible,ɪmpˈɑːsᵻbəl,impossible,1742,3,,1
12599,obtížnost,difficulty,dˈɪfɪkˌʌlti,difficulty,1743,3,,1
12600,gram,gramme,ɡɹˈæm,gramme,1744,3,,1
12601,blondýnka,blonde,blˈɑːnd,blonde,1745,3,,1
12602,rozzlobeně,angrily,ˈæŋɡɹili,angrily,1746,3,,1
12603,vnouče,grandchild,ɡɹˈændtʃaɪld,grandchild,1747,3,,1
12604,dědeček,granddad,ɡɹˈændæd,granddad,1748,3,,1
12549,nesmírně,extremely,ɛkstɹˈiːmli,extremely,1749,3,,1
12605,navíc,extra,ˈɛkstɹə,extra,1751,3,,1
9737,zdát,seem,sˈiːm,seem,1752,3,,1
12606,anděl,angel,ˈeɪndʒəl,angel,1753,3,,1
12607,babička,granny,ɡɹˈæni,granny,1754,3,,1
12608,starověké,ancient,ˈeɪntʃənt,ancient,1755,3,,1
12609,brusle,skate,skˈeɪt,skate,1756,3,,1
12610,výraz,expression,ɛkspɹˈɛʃən,expression,1757,3,,1
12611,hledat,seek,sˈiːk,seek,1758,3,,1
12612,rychlík,express,ɛkspɹˈɛs,express,1759,3,,1
12613,semínko,seed,sˈiːd,seed,1760,3,,1
12614,skateboarding,skateboarding,skˈeɪtbɔːɹdɪŋ,skateboarding,1761,3,,1
12615,prozkoumat,explore,ɛksplˈɔːɹ,explore,1762,3,,1
18957,vděčný,grateful,ɡɹˈeɪtfəl,grateful,1763,3,,1
12616,bruslení,skating,skˈeɪɾɪŋ,skating,1764,3,,1
12617,dřez,sink,sˈɪŋk,sink,1765,3,,1
12618,jednotného čísla,singular,sˈɪŋɡjʊlɚ,singular,1766,3,,1
12619,absolvovat,graduate,ɡɹˈædʒuːət,graduate,1767,3,,1
12620,móda,fashion,fˈæʃən,fashion,1768,3,,1
12621,fascinovat,fascinate,fˈæsᵻnˌeɪt,fascinate,1769,3,,1
12622,fascinující,fascinating,fˈæsᵻnˌeɪɾɪŋ,fascinating,1770,3,,1
12623,semestr,semester,səmˈɛstɚ,semester,1771,3,,1
12624,zlatý,golden,ɡˈoʊldən,golden,1772,3,,1
12625,golf,golf,ɡˈɑːlf,golf,1773,3,,1
12626,květ,bloom,blˈuːm,bloom,1774,3,,1
12627,jízdné,fare,fˈɛɹ,fare,1775,3,,1
12628,dobře vypadající,good-looking,ɡˈʊdlˈʊkɪŋ,goodlooking,1776,3,,1
12629,daleko,far,fˈɑːɹ,far,1777,3,,1
12630,fantastický,fantastic,fæntˈæstɪk,fantastic,1778,3,,1
12631,módní,fancy,fˈænsi,fancy,1779,3,,1
12632,vysvětlení,explanation,ɛksplɐnˈeɪʃən,explanation,1780,3,,1
12633,jednoduše,simply,sˈɪmpli,simply,1781,3,,1
12634,pád,fall,fˈɔːl,fall,1782,3,,1
12635,spravedlivě,fairly,fˈɛɹli,fairly,1783,3,,1
12636,podprsenka,bra,bɹˈɑː,bra,1784,3,,1
12637,milost,grace,ɡɹˈeɪs,grace,1785,3,,1
12638,selhat,fail,fˈeɪl,fail,1786,3,,1
12639,postupně,gradually,ɡɹˈædʒuːəli,gradually,1787,3,,1
12640,zpěv,singing,sˈɪŋɪŋ,singing,1788,3,,1
12641,jedinný,single,sˈɪŋɡəl,single,1789,3,,1
12642,známý,familiar,fəmˈɪlɪɹ,familiar,1790,3,,1
12643,expert,expert,ˈɛkspɜːt,expert,1791,3,,1
12644,zažít,experience,ɛkspˈiəɹɪəns,experience,1792,3,,1
12645,skluzavka,slide,slˈaɪd,slide,1793,3,,1
12646,mořské plody,seafood,sˈiːfuːd,seafood,1794,3,,1
12647,přesně,exactly,ɛɡzˈæktli,exactly,1795,3,,1
12648,pistole,gun,ɡˈʌn,gun,1796,3,,1
12649,štíhlý,slim,slˈɪm,slim,1797,3,,1
12650,deka,blanket,blˈæŋkɪt,blanket,1798,3,,1
12651,důkaz,evidence,ˈɛvɪdəns,evidence,1799,3,,1
12700,značkové zboží,brand,bɹˈænd,brand,1800,3,,1
12652,statečný,brave,bɹˈeɪv,brave,1801,3,,1
12653,vina,blame,blˈeɪm,blame,1802,3,,1
12654,skript,script,skɹˈɪpt,script,1803,3,,1
12655,vůbec,ever,ˈɛvɚ,ever,1804,3,,1
12656,zkouška,exam,ɛɡzˈæm,exam,1805,3,,1
12657,přerušení,break,bɹˈeɪk,break,1806,3,,1
12658,rozpůlit,half,hˈæf,half,1807,3,,1
12659,tabule,blackboard,blˈækbɔːɹd,blackboard,1808,3,,1
9739,pomalu,slowly,slˈoʊli,slowly,1810,3,,1
12660,euro,euro,jˈʊɹɹoʊ,euro,1811,3,,1
12661,šunka,ham,hˈæm,ham,1812,3,,1
12662,šroub,screw,skɹˈuː,screw,1813,3,,1
12663,podat,hand,hˈænd,hand,1814,3,,1
12664,kabelka,handbag,hˈændbæɡ,handbag,1815,3,,1
12665,obrazovka,screen,skɹˈiːn,screen,1816,3,,1
12666,založit,establish,ɪstˈæblɪʃ,establish,1817,3,,1
12667,handicap,handicap,hˈændɪkˌæp,handicap,1818,3,,1
12668,handicapované,handicapped,hˈændɪkˌæpt,handicapped,1819,3,,1
12669,sudý,even,ˈiːvən,even,1820,3,,1
12670,udeřit,blow,blˈoʊ,blow,1821,3,,1
12671,plátek,slice,slˈaɪs,slice,1822,3,,1
12701,provádět někoho,guide,ɡˈaɪd,guide,1823,3,,1
12672,průvodce,guidebook,ɡˈaɪdbʊk,guidebook,1824,3,,1
12673,lyže,ski,skˈiː,ski,1825,3,,1
12674,velmi,greatly,ɡɹˈeɪtli,greatly,1826,3,,1
12675,lyžování,skiing,skˈiːɪŋ,skiing,1827,3,,1
12676,chamtivý,greedy,ɡɹˈiːdi,greedy,1829,3,,1
12677,existovat,exist,ɛɡzˈɪst,exist,1830,3,,1
12678,vystavit,exhibit,ɛɡzˈɪbɪt,exhibit,1831,3,,1
12679,výstava,exhibition,ɛksɪbˈɪʃən,exhibition,1832,3,,1
12680,tajemník,secretary,sˈɛkɹətɹi,secretary,1833,3,,1
12681,gril,grill,ɡɹˈɪl,grill,1834,3,,1
12682,grilovat,grill,ɡɹˈɪl,grill,1835,3,,1
12683,grilovaný,grilled,ɡɹˈɪld,grilled,1836,3,,1
12684,brainstorm,brainstorm,bɹˈeɪnstɔːɹm,brainstorm,1837,3,,1
12685,vyhledávání,search,sˈɜːtʃ,search,1838,3,,1
12686,brzda,brake,bɹˈeɪk,brake,1839,3,,1
12687,úzkostné,anxious,ˈæŋʃəs,anxious,1840,3,,1
11483,strážit,guard,ɡˈɑːɹd,guard,1841,3,,1
12688,otrok,slave,slˈeɪv,slave,1842,3,,1
12689,pobřeží,seaside,sˈiːsaɪd,seaside,1843,3,,1
12690,předek,ancestor,ˈænsɛstɚ,ancestor,1844,3,,1
12702,bez spánku,sleepless,slˈiːpləs,sleepless,1845,3,,1
12691,větev,branch,bɹˈæntʃ,branch,1847,3,,1
12692,ospalý,sleepy,slˈiːpi,sleepy,1848,3,,1
12693,obchod s potravinami,grocery store,ɡɹˈoʊsɚɹi stˈɔːɹ,grocery_store,1849,3,,1
12694,rychlé občerstvení,fast food,fˈæst fˈuːd,fast_food,1850,3,,1
12695,rukavice,glove,ɡlˈʌv,glove,1851,3,,1
12696,knihovna,bookcase,bˈʊkkeɪs,bookcase,1852,3,,1
12697,jiný,another,ɐnˈʌðɚ,another,1853,3,,1
12698,potěr,fry,fɹˈaɪ,fry,1854,3,,1
12699,složku,folder,fˈoʊldɚ,folder,1855,3,,1
12703,šok,shock,ʃˈɑːk,shock,1856,3,,1
12704,plně,fully,fˈʊli,fully,1857,3,,1
12705,stín,shadow,ʃˈædoʊ,shadow,1858,3,,1
12706,vařený,boiled,bˈɔɪld,boiled,1859,3,,1
19036,fungovat,function,fˈʌŋkʃən,function,1860,3,,1
12707,odstín,shade,ʃˈeɪd,shade,1861,3,,1
12708,blázen,fool,fˈuːl,fool,1862,3,,1
12709,regál,bookshelf,bˈʊkʃɛlf,bookshelf,1863,3,,1
12710,mouka,flour,flˈaʊɚ,flour,1864,3,,1
12711,knihkupectví,bookshop,bˈʊkʃɑːp,bookshop,1865,3,,1
12712,zaplavit,flood,flˈʌd,flood,1866,3,,1
12713,šít,sew,sˈoʊ,sew,1867,3,,1
12714,plovák,float,flˈoʊt,float,1868,3,,1
12715,let,flight,flˈaɪt,flight,1869,3,,1
12716,nábytek,furniture,fˈɜːnɪtʃɚ,furniture,1870,3,,1
12717,prodavač,shop assistant,ʃˈɑːp ɐsˈɪstənt,shop_assistant,1871,3,,1
12718,další,further,fˈɜːðɚ,further,1872,3,,1
12719,blecha,flea,flˈiː,flea,1873,3,,1
12720,pobřeží,shore,ʃˈɔːɹ,shore,1874,3,,1
12721,vařit,boil,bˈɔɪl,boil,1875,3,,1
11487,otravný,annoying,ɐnˈɔɪɪŋ,annoying,1876,3,,1
12722,fotbalista,footballer,fˈʊtbɔːlɚ,footballer,1877,3,,1
12723,upřímný,frank,fɹˈæŋk,frank,1878,3,,1
12724,podíl,share,ʃˈɛɹ,share,1879,3,,1
12725,šampon,shampoo,ʃæmpˈuː,shampoo,1880,3,,1
12726,vpřed,forward,fˈɔːɹwɚd,forward,1881,3,,1
12785,bohatství,fortune,fˈɔːɹtʃʊn,fortune,1882,3,,1
12727,naštěstí,fortunately,fˈɔːɹtʃənətli,fortunately,1883,3,,1
12728,svoboda,freedom,fɹˈiːdəm,freedom,1884,3,,1
12729,zmrazit,freeze,fɹˈiːz,freeze,1885,3,,1
12730,skořápka,shell,ʃˈɛl,shell,1886,3,,1
12731,zděšení,fright,fɹˈaɪt,fright,1887,3,,1
12732,děsivý,frightening,fɹˈaɪʔn̩ɪŋ,frightening,1888,3,,1
12786,vidlička,fork,fˈɔːɹk,fork,1889,3,,1
12733,navždy,forever,fɚɹˈɛvɚ,forever,1890,3,,1
12734,smažený,fried,fɹˈaɪd,fried,1891,3,,1
12735,les,forest,fˈɔːɹɪst,forest,1892,3,,1
12736,bonus,bonus,bˈoʊnəs,bonus,1893,3,,1
12737,přátelství,friendship,fɹˈɛndʃɪp,friendship,1894,3,,1
12738,vystrašit,frighten,fɹˈaɪʔn̩,frighten,1895,3,,1
12739,síla,force,fˈɔːɹs,force,1896,3,,1
12740,vystrašený,frightened,fɹˈaɪʔn̩d,frightened,1897,3,,1
12741,zakázat,forbid,fɚbˈɪd,forbid,1898,3,,1
12742,lednička,fridge,fɹˈɪdʒ,fridge,1899,3,,1
12743,držadlo,handle,hˈændəl,handle,1900,3,,1
12744,šortky,shorts,ʃˈɔːɹts,shorts,1901,3,,1
12745,galerie,gallery,ɡˈælɚɹi,gallery,1902,3,,1
12746,vážně,seriously,sˈɪɹiəsli,seriously,1903,3,,1
12747,bojovník,fighter,fˈaɪɾɚ,fighter,1904,3,,1
12748,beletrie,fiction,fˈɪkʃən,fiction,1906,3,,1
12749,prohlídka památek,sightseeing,sˈaɪtsiːɪŋ,sightseeing,1907,3,,1
9892,plot,fence,fˈɛns,fence,1909,3,,1
12750,žena,female,fˈiːmeɪl,female,1910,3,,1
12751,daný,given,ɡˈɪvən,given,1911,3,,1
12752,samostatný,separate,sˈɛpɹət,separate,1912,3,,1
12753,poplatek,fee,fˈiː,fee,1913,3,,1
12754,postava,figure,fˈɪɡjɚ,figure,1914,3,,1
12755,umlčet,silence,sˈaɪləns,silence,1915,3,,1
12756,peří,feather,fˈɛðɚ,feather,1916,3,,1
12757,tichý,silent,sˈaɪlənt,silent,1917,3,,1
12758,tiše,silently,sˈaɪləntli,silently,1918,3,,1
12759,hloupý,silly,sˈɪli,silly,1919,3,,1
12760,strach,fear,fˈɪɹ,fear,1920,3,,1
12761,zeměkoule,globe,ɡlˈoʊb,globe,1921,3,,1
12762,chyba,fault,fˈɔlt,fault,1922,3,,1
12763,stříbrný,silver,sˈɪlvɚ,silver,1923,3,,1
12764,senior,senior,sˈiːnjɚ,senior,1924,3,,1
12765,funkce,feature,fˈiːtʃɚ,feature,1925,3,,1
12766,opravit,fix,fˈɪks,fix,1926,3,,1
12767,kotník,ankle,ˈæŋkəl,ankle,1927,3,,1
12768,rybář,fisherman,fˈɪʃɚmən,fisherman,1928,3,,1
12769,shot,shot,ʃˈɑːt,shot,1929,3,,1
12770,desková hra,board game,bˈɔːɹd ɡˈeɪm,board_game,1930,3,,1
12771,otravovat,annoy,ɐnˈɔɪ,annoy,1931,3,,1
12772,křestní jméno,first name,fˈɜːst nˈeɪm,first_name,1932,3,,1
12773,výkřik,shout,ʃˈaʊt,shout,1933,3,,1
12774,česnek,garlic,ɡˈɑːɹlɪk,garlic,1934,3,,1
12775,plyn,gas,ɡˈæs,gas,1935,3,,1
12776,pohlaví,gender,dʒˈɛndɚ,gender,1936,3,,1
12777,soubor,set,sˈɛt,set,1937,3,,1
12778,generace,generation,dʒˌɛnɚɹˈeɪʃən,generation,1938,3,,1
12787,dokončit,final,fˈaɪnəl,final,1939,3,,1
12779,konečně,finally,fˈaɪnəli,finally,1940,3,,1
12780,šéf,boss,bˈɔs,boss,1942,3,,1
12781,výročí,anniversary,ˌænɪvˈɜːsɚɹi,anniversary,1943,3,,1
12782,shromáždit,gather,ɡˈæðɚ,gather,1944,3,,1
12788,rozdílně,differently,dˈɪfɹəntli,differently,1945,3,,1
12783,esej,essay,ˈɛseɪ,essay,1946,3,,1
12784,únik,escape,ɛskˈeɪp,escape,1947,3,,1
12789,špagety,spaghetti,spɐɡˈɛɾi,spaghetti,1948,3,,1
12790,pochyba,doubt,dˈaʊt,doubt,1949,3,,1
12791,dvojnásobek,double,dˈʌbəl,double,1950,3,,1
12792,od sebe,apart,ɐpˈɑːɹt,apart,1951,3,,1
12793,sto,hundred,hˈʌndɹɪd,hundred,1952,3,,1
12794,reproduktor,speaker,spˈiːkɚ,speaker,1953,3,,1
12795,hotovo,done,dˈʌn,done,1954,3,,1
12796,lov,hunt,hˈʌnt,hunt,1955,3,,1
12797,lovit,hunt,hˈʌnt,hunt,1956,3,,1
12798,lovec,hunter,hˈʌntɚ,hunter,1957,3,,1
19121,byt,apartment,ɐpˈɑːɹtmənt,apartment,1958,3,,1
12799,konkrétní,specific,spəsˈɪfɪk,specific,1959,3,,1
12800,plachtění,sailing,sˈeɪlɪŋ,sailing,1961,3,,1
12801,závratě,dizzy,dˈɪzi,dizzy,1962,3,,1
12802,zabezpečit,safe,sˈeɪf,safe,1963,3,,1
12803,ID,ID,aɪdˈiː,id,1964,3,,1
12804,průkaz totožnosti,ID card,aɪdˈiː kˈɑːɹd,id_card,1965,3,,1
12805,bohužel,sadly,sˈædli,sadly,1966,3,,1
12806,omlouvám se,apologise,ɐpˈɑːlədʒˌaɪz,apologise,1967,3,,1
12870,vyrušovat,disturb,dɪstˈɜːb,disturb,1968,3,,1
12807,ohnout,bend,bˈɛnd,bend,1969,3,,1
12808,kouzlit,spell,spˈɛl,spell,1970,3,,1
12809,spěch,rush,ɹˈʌʃ,rush,1971,3,,1
12810,kosmická loď,spaceship,spˈeɪsʃɪp,spaceship,1973,3,,1
12811,řidičský průkaz,driving licence,dɹˈaɪvɪŋ lˈaɪsəns,driving_licence,1974,3,,1
12812,brilantní,brilliant,bɹˈɪliənt,brilliant,1975,3,,1
12813,hostitel,host,hˈoʊst,host,1976,3,,1
12814,oblečený,dressed,dɹˈɛst,dressed,1977,3,,1
12815,písčitý,sandy,sˈændi,sandy,1978,3,,1
12816,výkres,drawing,dɹˈɔːɪŋ,drawing,1979,3,,1
12865,šuplík,drawer,dɹˈɔːɹ,drawer,1980,3,,1
12866,nicméně,anyway,ˈɛnɪwˌeɪ,anyway,1981,3,,1
12817,zdroj,source,sˈɔːɹs,source,1982,3,,1
12818,jih,south,sˈaʊθ,south,1983,3,,1
12867,vzorek,sample,sˈæmpəl,sample,1984,3,,1
12819,kromě,besides,bᵻsˈaɪdz,besides,1985,3,,1
12820,však,however,haʊˈɛvɚ,however,1986,3,,1
12821,kdekoli,anywhere,ˈɛnɪwˌɛɹ,anywhere,1987,3,,1
12822,v centru města,downtown,dˈaʊntaʊn,downtown,1988,3,,1
12823,obejmout,hug,hˈʌɡ,hug,1990,3,,1
12824,stáhnout,download,dˈaʊnloʊd,download,1991,3,,1
12825,lidský,human,hjˈuːmən,human,1992,3,,1
12826,remíza,draw,dɹˈɔː,draw,1993,3,,1
12827,ilegální,illegal,ɪlˈiːɡəl,illegal,1994,3,,1
12868,běhání,running,ɹˈʌnɪŋ,running,1995,3,,1
12828,zklamaný,disappointed,dˌɪsɐpˈɔɪntᵻd,disappointed,1996,3,,1
12829,zmizet,disappear,dˌɪsɐpˈɪɹ,disappear,1997,3,,1
12830,nesouhlasit,disagree,dˌɪsɐɡɹˈiː,disagree,1998,3,,1
12831,nevýhoda,disadvantage,dˌɪsɐdvˈæntɪdʒ,disadvantage,1999,3,,1
12832,pás,belt,bˈɛlt,belt,2000,3,,1
12833,lano,rope,ɹˈoʊp,rope,2001,3,,1
12834,šíření,spread,spɹˈɛd,spread,2002,3,,1
12835,vykořenit,root,ɹˈuːt,root,2003,3,,1
12836,ředitel,director,dᵻɹˈɛktɚ,director,2004,3,,1
12837,vzhled,appearance,ɐpˈɪɹəns,appearance,2005,3,,1
12838,palec,inch,ˈɪntʃ,inch,2007,3,,1
12839,zahrnout,include,ɪŋklˈuːd,include,2008,3,,1
12840,dinosaurus,dinosaur,dˈaɪnəsˌɔːɹ,dinosaur,2009,3,,1
12841,hnědnout,brown,bɹˈaʊn,brown,2010,3,,1
12842,ačkoli,although,ɔːlðˈoʊ,although,2011,3,,1
12843,zvýšení,increase,ˈɪŋkɹiːs,increase,2012,3,,1
12844,čtverec,square,skwˈɛɹ,square,2013,3,,1
12845,digitální fotoaparát,digital camera,dˈɪdʒɪɾəl kˈæmɹə,digital_camera,2014,3,,1
12846,romantika,romance,ɹoʊmˈæns,romance,2015,3,,1
12847,romantický,romantic,ɹoʊmˈæntɪk,romantic,2016,3,,1
12848,hrůza,horror,hˈɔɹɚ,horror,2017,3,,1
12849,běžec,runner,ɹˈʌnɚ,runner,2018,3,,1
12850,rozlít,spill,spˈɪl,spill,2019,3,,1
12851,představivost,imagination,ɪmˌædʒᵻnˈeɪʃən,imagination,2020,3,,1
12869,drb,rumour,ɹˈuːmɚ,rumour,2021,3,,1
12852,displej,display,dɪsplˈeɪ,display,2022,3,,1
12853,šplouchat,splash,splˈæʃ,splash,2023,3,,1
12854,podíl,split,splˈɪt,split,2024,3,,1
12855,zřejmě,apparently,ɐpˈæɹəntli,apparently,2025,3,,1
12856,dopad,impact,ˈɪmpækt,impact,2026,3,,1
12857,nechuť,dislike,dɪslˈaɪk,dislike,2027,3,,1
12858,trpělivý,patient,pˈeɪʃənt,patient,2028,3,,1
12859,netrpělivý,impatient,ɪmpˈeɪʃənt,impatient,2029,3,,1
12860,zničit,ruin,ɹˈuːɪn,ruin,2030,3,,1
12861,zhruba,roughly,ɹˈʌfli,roughly,2031,3,,1
12862,upřímný,honest,ˈɑːnɪst,honest,2032,3,,1
12863,nečestný,dishonest,dɪsˈɑːnɪst,dishonest,2033,3,,1
12864,diskuse,discussion,dɪskˈʌʃən,discussion,2034,3,,1
12871,důležitost,importance,ɪmpˈɔːɹtəns,importance,2035,3,,1
12872,lavice,bench,bˈɛntʃ,bench,2036,3,,1
12953,důležitě,importantly,ɪmpˈɔːɹtəntli,importantly,2037,3,,1
12873,královský,royal,ɹˈɔɪəl,royal,2038,3,,1
12874,žasnout,marvel,mˈɑːɹvəl,marvel,2039,3,,1
12875,úžasné,marvellous,mˈɑːɹvələs,marvellous,2040,3,,1
12876,zapůsobit,impress,ɪmpɹˈɛs,impress,2041,3,,1
12877,disko,disco,dˈɪskoʊ,disco,2042,3,,1
12878,sportovní centrum,sports centre,spˈɔːɹts sˈɛntɚ,sports_centre,2043,3,,1
12880,kolotoč,roundabout,ɹˈaʊndɐbˌaʊt,roundabout,2044,3,,1
12881,ragby,rugby,ɹˈʌɡbi,rugby,2045,3,,1
12882,lék,drug,dɹˈʌɡ,drug,2046,3,,1
12883,lékárna,drugstore,dɹˈʌɡstɔːɹ,drugstore,2047,3,,1
12884,snowboard,snowboard,snˈoʊbɔːɹd,snowboard,2048,3,,1
12885,snowboarding,snowboarding,snˈoʊbɔːɹdɪŋ,snowboarding,2049,3,,1
12886,energický,energetic,ˌɛnɚdʒˈɛɾɪk,energetic,2050,3,,1
12887,školní práce,schoolwork,skˈuːlwɜːk,schoolwork,2051,3,,1
12888,konec,ending,ˈɛndɪŋ,ending,2052,3,,1
12889,ohrozit,endanger,ɛndˈeɪndʒɚ,endanger,2053,3,,1
12890,ohrožený,endangered,ɛndˈeɪndʒɚd,endangered,2054,3,,1
12891,mýdlo,soap,sˈoʊp,soap,2055,3,,1
12956,sluchátko,headphone,hˈɛdfoʊn,headphone,2056,3,,1
12892,ředitel školy,headteacher,hˈɛdtiːtʃɚ,headteacher,2057,3,,1
12954,povzbudit,encourage,ɛŋkˈɜːɹɪdʒ,encourage,2058,3,,1
12893,školák,schoolchild,skˈuːltʃaɪld,schoolchild,2059,3,,1
12894,vědecký,scientific,saɪəntˈɪfɪk,scientific,2060,3,,1
12895,prázdný,empty,ˈɛmpti,empty,2061,3,,1
12896,vytápět,heat,hˈiːt,heat,2062,3,,1
12897,teplo,heat,hˈiːt,heat,2063,3,,1
12898,topení,heating,hˈiːɾɪŋ,heating,2064,3,,1
12955,vynořit,emerge,ɪmˈɜːdʒ,emerge,2065,3,,1
12899,stav nouze,emergency,ɪmˈɜːdʒənsi,emergency,2066,3,,1
12900,těžce,heavily,hˈɛvili,heavily,2067,3,,1
12901,trapný,embarrassing,ɛmbˈæɹəsɪŋ,embarrassing,2068,3,,1
12902,rozpis,schedule,skˈɛdʒuːl,schedule,2069,3,,1
12903,e-mail,email,ˈiːmeɪl,email,2070,3,,1
12904,jinde,elsewhere,ˈɛlswɛɹ,elsewhere,2071,3,,1
12905,ponožka,sock,sˈɑːk,sock,2072,3,,1
12949,nápomocný,helpful,hˈɛlpfəl,helpful,2073,3,,1
12906,povýšit,elevate,ˈɛlɪvˌeɪt,elevate,2074,3,,1
12907,výtah,elevator,ˈɛlɪvˌeɪɾɚ,elevator,2075,3,,1
12908,slon,elephant,ˈɛlɪfənt,elephant,2076,3,,1
12909,nenávist,hate,hˈeɪt,hate,2077,3,,1
12910,obrovský,enormous,ɪnˈɔːɹməs,enormous,2078,3,,1
12911,eskalátor,escalator,ˈɛskɐlˌeɪɾɚ,escalator,2079,3,,1
12912,bavit,amuse,ɐmjˈuːz,amuse,2080,3,,1
12913,pobavení,amusement,ɐmjˈuːzmənt,amusement,2081,3,,1
12914,chyba,error,ˈɛɹɚ,error,2082,3,,1
12915,výkřik,scream,skɹˈiːm,scream,2083,3,,1
12916,pobavený,amused,ɐmjˈuːzd,amused,2084,3,,1
12917,hladce,smoothly,smˈuːðli,smoothly,2085,3,,1
12918,epizoda,episode,ˈɛpɪsˌoʊd,episode,2086,3,,1
12879,svačina,snack,snˈæk,snack,2087,3,,1
12919,závist,envy,ˈɛnvi,envy,2088,3,,1
12920,šťastně,happily,hˈæpɪli,happily,2089,3,,1
12948,sněžit,snow,snˈoʊ,snow,2090,3,,1
12921,štěstí,happiness,hˈæpɪnəs,happiness,2091,3,,1
12922,kousat,bite,bˈaɪt,bite,2092,3,,1
12923,bit,bit,bˈɪt,bit,2093,3,,1
12950,vstup,entrance,ˈɛntɹəns,entrance,2094,3,,1
12951,ztěží,hardly,hˈɑːɹdli,hardly,2095,3,,1
12924,újma,harm,hˈɑːɹm,harm,2096,3,,1
12925,škodlivý,harmful,hˈɑːɹmfəl,harmful,2097,3,,1
12926,bavit,entertain,ˌɛntɚtˈeɪn,entertain,2098,3,,1
12927,zábava,entertainment,ˌɛntɚtˈeɪnmənt,entertainment,2099,3,,1
12928,harmonie,harmony,hˈɑːɹməni,harmony,2100,3,,1
12929,sklidit,harvest,hˈɑːɹvɪst,harvest,2101,3,,1
12930,obálka,envelope,ˈɑːnvəlˌoʊp,envelope,2102,3,,1
12931,zejména,especially,ɪspˈɛʃəli,especially,2103,3,,1
12952,limonáda,soda,sˈoʊdə,soda,2104,3,,1
12932,udeřit,hit,hˈɪt,hit,2105,3,,1
12933,hokej,hockey,hˈɑːki,hockey,2106,3,,1
12934,východ,east,ˈiːst,east,2107,3,,1
12935,snadno,easily,ˈiːzili,easily,2108,3,,1
12936,ctižádost,ambition,æmbˈɪʃən,ambition,2109,3,,1
12937,za,beyond,bᵻjˈɔnd,beyond,2110,3,,1
12938,zemětřesení,earthquake,ˈɜːθkweɪk,earthquake,2111,3,,1
12939,náušnice,earring,ˈɪɹɪŋ,earring,2112,3,,1
11489,už ne,anymore,ˌɛnɪmˈɔːɹ,anymore,2113,3,,1
12940,měřítko,scale,skˈeɪl,scale,2114,3,,1
12941,zlepšit se,better,bˈɛɾɚ,better,2115,3,,1
12942,klobása,sausage,sˈɔːsɪdʒ,sausage,2116,3,,1
12943,med,honey,hˈʌni,honey,2117,3,,1
12944,čest,honour,ˈɑːnɚ,honour,2118,3,,1
12945,omáčka,sauce,sˈɔːs,sauce,2119,3,,1
12946,uspokojit,satisfy,sˈæɾɪsfˌaɪ,satisfy,2120,3,,1
12947,nevěsta,bride,bɹˈaɪd,bride,2121,3,,1
12957,kachna,duck,dˈʌk,duck,2122,3,,1
12958,vánek,breeze,bɹˈiːz,breeze,2123,3,,1
13041,někdy,someday,sˈʌmdeɪ,someday,2124,3,,1
12959,hiphop,hiphop,hˈɪphɑːp,hiphop,2125,3,,1
12960,nealkoholický nápoj,soft drink,sˈɔft dɹˈɪŋk,soft_drink,2126,3,,1
12961,měkce,softly,sˈɔftli,softly,2127,3,,1
12962,scenérie,scenery,sˈiːnɚɹi,scenery,2128,3,,1
12963,software,software,sˈɔftwɛɹ,software,2129,3,,1
12964,scéna,scene,sˈiːn,scene,2130,3,,1
12965,elektrický,electric,ᵻlˈɛktɹɪk,electric,2131,3,,1
12966,sebe,herself,hɜːsˈɛlf,herself,2132,3,,1
12967,starší,elderly,ˈɛldɚli,elderly,2133,3,,1
12968,Hej,hey,hˈeɪ,hey,2134,3,,1
12969,účet,bill,bˈɪl,bill,2135,3,,1
12970,někdo,somebody,sˈʌmbɑːdi,somebody,2136,3,,1
12971,střední škola,high school,hˈaɪ skˈuːl,high_school,2137,3,,1
12972,vzdělávat,educate,ˈɛdʒuːkˌeɪt,educate,2138,3,,1
12973,školství,education,ˌɛdʒuːkˈeɪʃən,education,2139,3,,1
12974,vzdělávací,educational,ˌɛdʒuːkˈeɪʃənəl,educational,2140,3,,1
12975,řešení,solution,səlˈuːʃən,solution,2141,3,,1
12976,upravit,edit,ˈɛdɪt,edit,2142,3,,1
12977,editor,editor,ˈɛdɪɾɚ,editor,2143,3,,1
12978,redakční,editorial,ˌɛdɪtˈɔːɹɪəl,editorial,2144,3,,1
12979,dálnice,highway,hˈaɪweɪ,highway,2145,3,,1
12980,trampovat,hike,hˈaɪk,hike,2146,3,,1
19280,turistika,hiking,hˈaɪkɪŋ,hiking,2147,3,,1
12981,sám,himself,hɪmsˈɛlf,himself,2148,3,,1
12982,odrážet,reflect,ɹᵻflˈɛkt,reflect,2149,3,,1
12983,nájemné,rent,ɹˈɛnt,rent,2150,3,,1
12984,rám,frame,fɹˈeɪm,frame,2151,3,,1
12985,prst na noze,toe,tˈoʊ,toe,2152,3,,1
12986,autor,author,ˈɔːθɚ,author,2153,3,,1
12987,povolení,permit,pˈɜːmɪt,permit,2154,3,,1
12988,povolení,permission,pɚmˈɪʃən,permission,2155,3,,1
12989,toast,toast,tˈoʊst,toast,2156,3,,1
12990,křeslo,armchair,ˈɑːɹmtʃɛɹ,armchair,2157,3,,1
12991,dnes,nowadays,nˈaʊədˌeɪz,nowadays,2158,3,,1
12992,titul,title,tˈaɪɾəl,title,2159,3,,1
12993,nejistý,uncertain,ʌnsˈɜːʔn̩,uncertain,2160,3,,1
12994,balit,pack,pˈæk,pack,2161,3,,1
12995,balíček,pack,pˈæk,pack,2162,3,,1
12996,dálnice,motorway,mˈoʊɾɚwˌeɪ,motorway,2163,3,,1
12997,osobnost,personality,pˌɜːsənˈælᵻɾi,personality,2164,3,,1
12998,Pacifik,pacific,pɐsˈɪfɪk,pacific,2165,3,,1
12999,nepříjemný,uncomfortable,ʌŋkˈʌmftəbəl,uncomfortable,2166,3,,1
13000,preferovat,prefer,pɹɪfˈɜː,prefer,2167,3,,1
13001,tip,tip,tˈɪp,tip,2168,3,,1
13002,předpovědět,predict,pɹɪdˈɪkt,predict,2169,3,,1
13003,předpověď,prediction,pɹɪdˈɪkʃən,prediction,2170,3,,1
13004,atom,atom,ˈæɾəm,atom,2171,3,,1
13005,rozsah,range,ɹˈeɪndʒ,range,2172,3,,1
13006,jízdní řád,timetable,tˈaɪmteɪbəl,timetable,2173,3,,1
13007,většinou,mostly,mˈoʊstli,mostly,2174,3,,1
13008,benzín,petrol,pˈɛtɹəl,petrol,2175,3,,1
13009,čerpací stanice,petrol station,pˈɛtɹəl stˈeɪʃən,petrol_station,2176,3,,1
13010,inzerovat,advertise,ˈædvɚtˌaɪz,advertise,2177,3,,1
13011,inzerát,advertisement,ˌædvɚtˈaɪzmənt,advertisement,2178,3,,1
10135,až do,till,tˈɪl,till,2179,3,,1
13012,vlastně,actually,ˈæktʃuːəli,actually,2181,3,,1
13013,pozadí,background,bˈækɡɹaʊnd,background,2182,3,,1
13014,invalidní vozík,wheelchair,wˈiːltʃɛɹ,wheelchair,2183,3,,1
13015,plocha,area,ˈɛɹiə,area,2184,3,,1
13016,vražda,murder,mˈɜːdɚ,murder,2185,3,,1
13017,pokročilý,advanced,ɐdvˈænst,advanced,2187,3,,1
13018,pláštěnka,raincoat,ɹˈeɪŋkoʊt,raincoat,2188,3,,1
13019,zubní kartáček,toothbrush,tˈuːθbɹʌʃ,toothbrush,2189,3,,1
13020,pepř,pepper,pˈɛpɚ,pepper,2190,3,,1
13021,dobře známý,well-known,wˈɛlnˈoʊn,wellknown,2191,3,,1
13022,bolest zubů,toothache,tˈuːθeɪk,toothache,2192,3,,1
13023,džbánek,mug,mˈʌɡ,mug,2193,3,,1
13024,podstatné jméno,noun,nˈaʊn,noun,2194,3,,1
13025,západ,west,wˈɛst,west,2195,3,,1
13026,pohled,view,vjˈuː,view,2196,3,,1
13027,tón,tone,tˈoʊn,tone,2197,3,,1
13028,videohra,video game,vˈɪdɪoʊ ɡˈeɪm,video_game,2198,3,,1
13029,paní,Ms,ˌɛmˈɛs,ms,2199,3,,1
13030,perfektní,perfect,pˈɜːfɛkt,perfect,2200,3,,1
13031,dokonale,perfectly,pˈɜːfɛktli,perfectly,2201,3,,1
13032,mokré,wet,wˈɛt,wet,2202,3,,1
13033,výkon,performance,pɚfˈɔːɹməns,performance,2204,3,,1
13034,román,novel,nˈɑːvəl,novel,2205,3,,1
13035,parfém,perfume,pˈɜːfjuːm,perfume,2206,3,,1
13036,pronásledovat,pursue,pɚsˈuː,pursue,2207,3,,1
13037,produkovat,produce,pɹədˈuːs,produce,2208,3,,1
13038,punčocháče,tights,tˈaɪts,tights,2209,3,,1
13039,další,additional,ɐdˈɪʃənəl,additional,2210,3,,1
13040,fyzicky,physically,fˈɪzɪkli,physically,2212,3,,1
13042,výroba,production,pɹədˈʌkʃən,production,2213,3,,1
13043,tisíc,thousand,θˈaʊzənd,thousand,2214,3,,1
13044,upéct,bake,bˈeɪk,bake,2215,3,,1
13045,pod vodou,underwater,ˌʌndɚwˈɔːɾɚ,underwater,2216,3,,1
13046,myšlení,thought,θˈɔːt,thought,2217,3,,1
13047,ačkoli,though,ðˈoʊ,though,2218,3,,1
13048,hodnotit,rate,ɹˈeɪt,rate,2219,3,,1
13049,hodnocení,rating,ɹˈeɪɾɪŋ,rating,2220,3,,1
13050,profesionální,professional,pɹəfˈɛʃənəl,professional,2221,3,,1
13051,zámoří,overseas,ˌoʊvɚsˈiːz,overseas,2222,3,,1
13052,syrový,raw,ɹˈɔː,raw,2223,3,,1
13053,ozbrojit,arm,ˈɑːɹm,arm,2224,3,,1
13054,ozbrojený,armed,ˈɑːɹmd,armed,2225,3,,1
13055,povolání,occupation,ˌɑːkjʊpˈeɪʃən,occupation,2226,3,,1
13056,nadváha,overweight,ˌoʊvɚwˈeɪt,overweight,2227,3,,1
13057,model,model,mˈɑːdəl,model,2228,3,,1
13058,nepříjemný,uneasy,ʌnˈiːzi,uneasy,2229,3,,1
13059,paprsek,ray,ɹˈeɪ,ray,2230,3,,1
13060,větrný,windy,wˈɪndi,windy,2231,3,,1
13061,víno,wine,wˈaɪn,wine,2232,3,,1
13062,poutník,pilgrim,pˈɪlɡɹɪm,pilgrim,2233,3,,1
13063,vítěz,winner,wˈɪnɚ,winner,2234,3,,1
13064,pilulka,pill,pˈɪl,pill,2235,3,,1
13065,mobilní,mobile,mˈoʊbəl,mobile,2236,3,,1
13066,tahat,pull,pˈʊl,pull,2237,3,,1
13067,architektura,architecture,ˈɑːɹkɪtˌɛktʃɚ,architecture,2238,3,,1
13068,badminton,badminton,bˈædmɪntən,badminton,2239,3,,1
13069,mešita,mosque,mˈɑːsk,mosque,2240,3,,1
13070,rap,rap,ɹˈæp,rap,2241,3,,1
13071,dub,oak,ˈoʊk,oak,2242,3,,1
13072,inzerce,advertising,ˈædvɚtˌaɪzɪŋ,advertising,2243,3,,1
13073,rada,advice,ɐdvˈaɪs,advice,2244,3,,1
13074,celý,whole,hˈoʊl,whole,2245,3,,1
13075,uvázat,tie,tˈaɪ,tie,2246,3,,1
13076,uklizeno,tidy,tˈaɪdi,tidy,2247,3,,1
13077,uklidit,tidy,tˈaɪdi,tidy,2248,3,,1
13078,přesný,precise,pɹɪsˈaɪs,precise,2249,3,,1
13079,koho,whom,hˈuːm,whom,2250,3,,1
13080,radit,advise,ɐdvˈaɪz,advise,2251,3,,1
13081,interpunkce,punctuation,pˌʌŋktʃuːˈeɪʃən,punctuation,2252,3,,1
13082,přijatelný,acceptable,ɐksˈɛptəbəl,acceptable,2253,3,,1
13083,přidání,addition,ɐdˈɪʃən,addition,2254,3,,1
13084,široký,wide,wˈaɪd,wide,2255,3,,1
13085,fyzikální,physical,fˈɪzɪkəl,physical,2256,3,,1
13086,fotografování,photography,fətˈɑːɡɹəfi,photography,2257,3,,1
13087,fotograf,photographer,fətˈɑːɡɹəfɚ,photographer,2258,3,,1
13088,špatně,badly,bˈædli,badly,2259,3,,1
13089,záležitost,affair,ɐfˈɛɹ,affair,2260,3,,1
13090,hmotnost,weight,wˈeɪt,weight,2261,3,,1
13091,pochopit,understand,ˌʌndɚstˈænd,understand,2262,3,,1
13092,fotografie,photograph,fˈoʊɾəɡɹˌæf,photograph,2263,3,,1
13093,sloveso,verb,vˈɜːb,verb,2264,3,,1
13094,nálada,mood,mˈuːd,mood,2265,3,,1
13095,hrom,thunder,θˈʌndɚ,thunder,2266,3,,1
13096,bouřka,thunderstorm,θˈʌndɚstˌɔːɹm,thunderstorm,2267,3,,1
13097,široce,widely,wˈaɪdli,widely,2268,3,,1
13098,zvuk,audio,ˈɔːdɪˌoʊ,audio,2269,3,,1
13099,muzeum,museum,mjuːzˈiəm,museum,2270,3,,1
13100,oznámení,notice,nˈoʊɾɪs,notice,2271,3,,1
10217,vytisknout,print,pɹˈɪnt,print,2272,3,,1
13101,tiskárna,printer,pɹˈɪntɚ,printer,2273,3,,1
13102,těstoviny,pasta,pˈɑːstə,pasta,2274,3,,1
13103,kvalita,quality,kwˈɔlᵻɾi,quality,2275,3,,1
13104,pračka,washing machine,wˈɑːʃɪŋ məʃˈiːn,washing_machine,2276,3,,1
13105,slovník,vocabulary,voʊkˈæbjʊlˌɛɹi,vocabulary,2277,3,,1
13106,mytí nádobí,washing-up,wˈɑːʃɪŋˈʌp,washingup,2278,3,,1
13107,hlučný,noisy,nˈɔɪzi,noisy,2279,3,,1
13108,zabránit,prevent,pɹɪvˈɛnt,prevent,2280,3,,1
13109,dosáhnout,achieve,ɐtʃˈiːv,achieve,2281,3,,1
13110,nervový,nervous,nˈɜːvəs,nervous,2282,3,,1
13111,poklad,treasure,tɹˈɛʒɚ,treasure,2283,3,,1
13112,negativní,negative,nˈɛɡətˌɪv,negative,2284,3,,1
13113,tiše,quietly,kwˈaɪətli,quietly,2285,3,,1
13114,předstírat,pretend,pɹɪtˈɛnd,pretend,2286,3,,1
13115,cestovatel,traveller,tɹˈævəlɚ,traveller,2287,3,,1
13116,soukromé,private,pɹˈaɪvət,private,2288,3,,1
13117,cestování,travel,tɹˈævəl,travel,2289,3,,1
13118,astronaut,astronaut,ˈæstɹənˌɔːt,astronaut,2290,3,,1
13119,přestat,quit,kwˈɪt,quit,2291,3,,1
13120,sdružení,association,ɐsˌoʊsɪˈeɪʃən,association,2292,3,,1
13121,PC,PC,pˌiːsˈiː,pc,2293,3,,1
13122,past,trap,tɹˈæp,trap,2294,3,,1
13123,vlna,wave,wˈeɪv,wave,2295,3,,1
13124,argument,argument,ˈɑːɹɡjuːmənt,argument,2296,3,,1
13125,hrášek,pea,pˈiː,pea,2297,3,,1
13126,nikdo,nobody,nˈoʊbɑːdi,nobody,2298,3,,1
13127,klam,trick,tɹˈɪk,trick,2299,3,,1
13128,skutečně,truly,tɹˈuːli,truly,2300,3,,1
13129,vyhnout se,avoid,ɐvˈɔɪd,avoid,2301,3,,1
13130,zprůměrovat,average,ˈævɹɪdʒ,average,2302,3,,1
13131,hlavní,principal,pɹˈɪnsɪpəl,principal,2303,3,,1
13132,kolem,around,ɚɹˈaʊnd,around,2304,3,,1
13133,akt,act,ˈækt,act,2305,3,,1
13134,vedle,next to,nˈɛkst tuː,next_to,2306,3,,1
13135,napříč,across,əkɹˈɑːs,across,2307,3,,1
13136,problémy,trouble,tɹˈʌbəl,trouble,2308,3,,1
13137,pravda,truth,tɹˈuːθ,truth,2309,3,,1
13138,síť,net,nˈɛt,net,2310,3,,1
13139,zaparkovat,park,pˈɑːɹk,park,2311,3,,1
13140,částečně,partly,pˈɑːɹtli,partly,2312,3,,1
13141,královna,queen,kwˈiːn,queen,2313,3,,1
13142,cena,award,ɐwˈɔːɹd,award,2314,3,,1
13143,peněženka,wallet,wˈɔlɪt,wallet,2315,3,,1
13144,nikdo,no one,nˈoʊwˈʌn,no_one,2316,3,,1
13145,bloudit,wander,wˈɔndɚ,wander,2317,3,,1
13146,přihrávka,pass,pˈæs,pass,2318,3,,1
13147,přejít,pass,pˈæs,pass,2319,3,,1
13148,průchod,passage,pˈæsɪdʒ,passage,2320,3,,1
13149,hrdost,pride,pɹˈaɪd,pride,2321,3,,1
13150,chůze,walking,wˈɔːkɪŋ,walking,2322,3,,1
13151,návštěvník,visitor,vˈɪzɪɾɚ,visitor,2323,3,,1
13152,naladit,tune,tˈuːn,tune,2324,3,,1
13153,web,web,wˈɛb,web,2326,3,,1
13154,webová stránka,web page,wˈɛb pˈeɪdʒ,web_page,2327,3,,1
13155,provoz,traffic,tɹˈæfɪk,traffic,2328,3,,1
13156,semafor,traffic light,tɹˈæfɪk lˈaɪt,traffic_light,2329,3,,1
13157,webové stránky,website,wˈɛbsaɪt,website,2330,3,,1
13158,tradice,tradition,tɹɐdˈɪʃən,tradition,2331,3,,1
13159,tradiční,traditional,tɹɐdˈɪʃənəl,traditional,2332,3,,1
13160,svatba,wedding,wˈɛdɪŋ,wedding,2333,3,,1
13161,tajemství,mystery,mˈɪstɚɹi,mystery,2334,3,,1
13162,tajemný,mysterious,mɪstˈɪɹiəs,mysterious,2335,3,,1
13163,automaticky,automatically,ˌɔːɾəmˈæɾɪkli,automatically,2336,3,,1
13164,já sám,myself,maɪsˈɛlf,myself,2337,3,,1
13165,obec,village,vˈɪlɪdʒ,village,2338,3,,1
13166,dráha,track,tɹˈæk,track,2339,3,,1
13167,neobvyklý,unusual,ʌnjˈuːʒuːəl,unusual,2340,3,,1
13168,automatizovat,automate,ˈɔːɾəmˌeɪt,automate,2341,3,,1
13169,automatický,automatic,ˌɔːɾəmˈæɾɪk,automatic,2342,3,,1
13170,všední den,weekday,wˈiːkdeɪ,weekday,2343,3,,1
13171,dospělý,adult,ɐdˈʌlt,adult,2344,3,,1
13172,týdně,weekly,wˈiːkli,weekly,2345,3,,1
13173,plakat,weep,wˈiːp,weep,2346,3,,1
13174,k,towards,təwˈɔːɹdz,towards,2347,3,,1
13175,turista,tourist,tˈʊɹɹɪst,tourist,2348,3,,1
13176,vážit,weigh,wˈeɪ,weigh,2349,3,,1
13177,turné,tour,tˈʊɹ,tour,2350,3,,1
13178,průvodce,tour guide,tˈʊɹ ɡˈaɪd,tour_guide,2351,3,,1
13179,hudební,musical,mjˈuːzɪkəl,musical,2352,3,,1
13180,pomáhat,assist,ɐsˈɪst,assist,2353,3,,1
13181,asistent,assistant,ɐsˈɪstənt,assistant,2354,3,,1
13182,ubrousek,napkin,nˈæpkɪn,napkin,2355,3,,1
13183,malíř,painter,pˈeɪntɚ,painter,2356,3,,1
13184,dvakrát,twice,twˈaɪs,twice,2357,3,,1
13185,tlak,pressure,pɹˈɛʃɚ,pressure,2358,3,,1
13186,kvíz,quiz,kwˈɪz,quiz,2359,3,,1
13187,nutné,necessary,nˈɛsᵻsɚɹi,necessary,2360,3,,1
13188,téměř,nearly,nˈɪɹli,nearly,2361,3,,1
13189,panika,panic,pˈænɪk,panic,2362,3,,1
13190,slabý,weak,wˈiːk,weak,2363,3,,1
13191,hrozné,awful,ˈɔːfəl,awful,2364,3,,1
10246,pro,pro,pɹˈoʊ,pro,2365,3,,1
13192,argumentovat,argue,ˈɑːɹɡjuː,argue,2366,3,,1
13193,normální,normal,nˈɔːɹməl,normal,2367,3,,1
13194,pánev,pan,pˈæn,pan,2368,3,,1
13195,přírodní,natural,nˈætʃɚɹəl,natural,2369,3,,1
13196,rodák,native,nˈeɪɾɪv,native,2370,3,,1
13197,hruška,pear,pˈɛɹ,pear,2371,3,,1
13198,sever,north,nˈɔːɹθ,north,2372,3,,1
13199,sportovec,athlete,ˈæθliːt,athlete,2373,3,,1
13200,trénovat,train,tɹˈeɪn,train,2374,3,,1
13201,přídavné jméno,adjective,ˈædʒɪktˌɪv,adjective,2375,3,,1
13202,násilný,violent,vˈaɪələnt,violent,2376,3,,1
13203,raketa,racket,ɹˈækɪt,racket,2377,3,,1
13204,housle,violin,vaɪəlˈɪn,violin,2378,3,,1
13205,houba,mushroom,mˈʌʃɹuːm,mushroom,2379,3,,1
13206,upravit,adjust,ɐdʒˈʌst,adjust,2380,3,,1
13207,kamarád,pal,pˈæl,pal,2381,3,,1
13208,bohatství,wealth,wˈɛlθ,wealth,2382,3,,1
13209,tramvaj,tram,tɹˈæm,tram,2383,3,,1
13210,výcvik,training,tɹˈeɪnɪŋ,training,2384,3,,1
13211,proto,therefore,ðˈɛɹfɔːɹ,therefore,2385,3,,1
13212,směs,mix,mˈɪks,mix,2386,3,,1
13213,na rozdíl od,unlike,ʌnlˈaɪk,unlike,2387,3,,1
13214,cibule,onion,ˈʌniən,onion,2388,3,,1
13215,množný,plural,plˈʊɹɹəl,plural,2389,3,,1
13216,plus,plus,plˈʌs,plus,2390,3,,1
13217,balón,balloon,bəlˈuːn,balloon,2391,3,,1
13218,pošta,post office,pˈoʊst ˈɑːfɪs,post_office,2392,3,,1
13219,online,online,ˈɑːnlaɪn,online,2393,3,,1
13220,umělý,artificial,ˌɑːɹɾɪfˈɪʃəl,artificial,2394,3,,1
13221,patro,upstairs,ʌpstˈɛɹz,upstairs,2395,3,,1
13222,meloun,melon,mˈɛlən,melon,2396,3,,1
13223,Pozor,attention,ɐtˈɛnʃən,attention,2397,3,,1
13224,mrkev,carrot,kˈæɹət,carrot,2398,3,,1
13225,psaní,writing,ɹˈaɪɾɪŋ,writing,2399,3,,1
13226,zaznamenat,record,ɹˈɛkɚd,record,2400,3,,1
13227,úkol,task,tˈæsk,task,2401,3,,1
13228,ukázat,point,pˈɔɪnt,point,2402,3,,1
13229,hotovost,cash,kˈæʃ,cash,2403,3,,1
13230,křivdit,wrong,ɹˈɔŋ,wrong,2404,3,,1
13231,kazeta,cassette,kɐsˈɛt,cassette,2405,3,,1
13232,útočit,attack,ɐtˈæk,attack,2406,3,,1
13233,cíl,target,tˈɑːɹɡɪt,target,2407,3,,1
13234,hrad,castle,kˈæsəl,castle,2408,3,,1
13235,naštvaný,upset,ʌpsˈɛt,upset,2409,3,,1
13236,páska,tape,tˈeɪp,tape,2410,3,,1
13237,možná,possibly,pˈɑːsᵻbli,possibly,2411,3,,1
13238,zmínka,mention,mˈɛnʃən,mention,2412,3,,1
13239,v zahraničí,abroad,ɐbɹˈɔːd,abroad,2413,3,,1
13240,menu,menu,mˈɛnjuː,menu,2414,3,,1
13241,dostávat,receive,ɹᵻsˈiːv,receive,2415,3,,1
13242,nedávné,recent,ɹˈiːsənt,recent,2416,3,,1
13243,jednotka,unit,jˈuːnɪt,unit,2417,3,,1
13244,dospívající,teenager,tˈiːneɪdʒɚ,teenager,2418,3,,1
13245,omeleta,omelette,ˈɑːmlət,omelette,2419,3,,1
13246,použitý,used,jˈuːzd,used,2420,3,,1
13247,recepce,reception,ɹᵻsˈɛpʃən,reception,2421,3,,1
13248,recepční,receptionist,ɹᵻsˈɛpʃənˌɪst,receptionist,2422,3,,1
13249,napřed,ahead,ɐhˈɛd,ahead,2423,3,,1
13250,metoda,method,mˈɛθəd,method,2424,3,,1
13251,klepnout,tap,tˈæp,tap,2425,3,,1
13252,metr,metre,mˈiːɾɚ,metre,2426,3,,1
13253,strachovat se,worry,wˈʌɹi,worry,2427,3,,1
13254,ustaraný,worried,wˈʌɹid,worried,2428,3,,1
13255,příjemný,pleasing,plˈiːzɪŋ,pleasing,2429,3,,1
13256,správné,proper,pɹˈɑːpɚ,proper,2430,3,,1
13257,roztrhnout,tear,tˈɪɹ,tear,2431,3,,1
13258,horší,worse,wˈɜːs,worse,2432,3,,1
13259,z,out of,ˈaʊɾəv,out_of,2433,3,,1
13260,nejhorší,worst,wˈɜːst,worst,2434,3,,1
13261,neznámý,unknown,ʌnnˈoʊn,unknown,2435,3,,1
13262,publikum,audience,ˈɔːdiəns,audience,2436,3,,1
13263,potěšen,pleased,plˈiːzd,pleased,2437,3,,1
13264,lékařský,medical,mˈɛdɪkəl,medical,2438,3,,1
13265,medaile,medal,mˈɛdəl,medal,2439,3,,1
13266,možné,possible,pˈɑːsᵻbəl,possible,2440,3,,1
13267,organizovat,organise,ˈɔːɹɡɐnˌaɪz,organise,2441,3,,1
13268,organizovaný,organised,ˈɔːɹɡɐnˌaɪzd,organised,2442,3,,1
13269,cereálie,cereal,sˈiəɹɪəl,cereal,2443,3,,1
13270,mládí,youth,jˈuːθ,youth,2444,3,,1
13271,pokus,attempt,ɐtˈɛmpt,attempt,2445,3,,1
13272,parkoviště,car park,kˈɑːɹ pˈɑːɹk,car_park,2446,3,,1
13273,tábořit,camp,kˈæmp,camp,2447,3,,1
13274,předseda,chairman,tʃˈɛɹmən,chairman,2448,3,,1
13275,zóna,zone,zˈoʊn,zone,2449,3,,1
13276,výzva,challenge,tʃˈælɪndʒ,challenge,2450,3,,1
13277,šampaňské,champagne,ʃæmpˈeɪn,champagne,2451,3,,1
13278,bankovnictví,banking,bˈæŋkɪŋ,banking,2452,3,,1
13279,mistr,champion,tʃˈæmpiən,champion,2453,3,,1
13280,mistrovství,championship,tʃˈæmpiənʃˌɪp,championship,2454,3,,1
13281,velké písmeno,capital letter,kˈæpɪɾəl lˈɛɾɚ,capital_letter,2455,3,,1
13282,šance,chance,tʃˈæns,chance,2456,3,,1
13283,kapitál,capital,kˈæpɪɾəl,capital,2457,3,,1
13284,odkazovat,refer,ɹᵻfˈɜː,refer,2458,3,,1
13285,populární,popular,pˈɑːpjʊlɚ,popular,2459,3,,1
13286,objednat,order,ˈɔːɹdɚ,order,2460,3,,1
13287,portrét,portrait,pˈɔːɹtɹɪt,portrait,2461,3,,1
13288,populace,population,pˌɑːpjʊlˈeɪʃən,population,2462,3,,1
13289,kapitola,chapter,tʃˈæptɚ,chapter,2463,3,,1
13290,příjem,receipt,ɹᵻsˈiːt,receipt,2464,3,,1
13291,znečišťovat,pollute,pəlˈuːt,pollute,2465,3,,1
19525,max,max,mˈæks,max,2466,3,,1
13292,plechovka,can,kˈæn,can,2467,3,,1
13293,recyklovat,recycle,ɹᵻsˈaɪkəl,recycle,2468,3,,1
13294,zbytečné,unnecessary,ʌnnˈɛsᵻsɚɹi,unnecessary,2469,3,,1
13295,jo,yeah,jˈɛh,yeah,2470,3,,1
13296,nepříjemný,unpleasant,ʌnplˈɛzənt,unpleasant,2471,3,,1
13297,provozovat,operate,ˈɑːpɚɹˌeɪt,operate,2472,3,,1
13298,způsobit,cause,kˈɔːz,cause,2473,3,,1
13299,policejní důstojník,police officer,pəlˈiːs ˈɑːfɪsɚ,police_officer,2474,3,,1
13300,policejní stanici,police station,pəlˈiːs stˈeɪʃən,police_station,2475,3,,1
13301,policista,policeman,pəlˈiːsmən,policeman,2476,3,,1
13302,policistka,policewoman,pəlˈiːswʊmən,policewoman,2477,3,,1
13303,sirotek,orphan,ˈɔːɹfən,orphan,2478,3,,1
13305,centimetr,centimetre,sˈɛntɪmˌiːɾɚ,centimetre,2479,3,,1
13306,kampus,campus,kˈæmpəs,campus,2480,3,,1
13307,zdvořilý,polite,pəlˈaɪt,polite,2481,3,,1
13308,příležitost,opportunity,ɑːpɚtˈuːnᵻɾi,opportunity,2482,3,,1
13309,politický,political,pəlˈɪɾɪkəl,political,2483,3,,1
13310,zamýšlet,mean,mˈiːn,mean,2484,3,,1
13311,oponovat,oppose,əpˈoʊz,oppose,2485,3,,1
13312,kempování,camping,kˈæmpɪŋ,camping,2486,3,,1
13313,talent,talent,tˈælənt,talent,2487,3,,1
13314,původní,original,ɚɹˈɪdʒɪnəl,original,2489,3,,1
13315,břeh řeky,bank,bˈæŋk,bank,2490,3,,1
13316,schopnost,ability,ɐbˈɪləɾi,ability,2491,3,,1
13317,cent,cent,sˈɛnt,cent,2492,3,,1
13318,význam,meaning,mˈiːnɪŋ,meaning,2493,3,,1
13319,dětské hřiště,playground,plˈeɪɡɹaʊnd,playground,2494,3,,1
13320,sebe,ourselves,aʊɚsˈɛlvz,ourselves,2495,3,,1
13321,hravý,playful,plˈeɪfəl,playful,2496,3,,1
13322,realizovat,realise,ɹˈiːəlaɪz,realise,2497,3,,1
13323,psycholog,psychologist,saɪkˈɑːlədʒˌɪst,psychologist,2498,3,,1
13324,chybějící,missing,mˈɪsɪŋ,missing,2499,3,,1
13325,činidlo,agent,ˈeɪdʒənt,agent,2500,3,,1
13326,divit se,wonder,wˈʌndɚ,wonder,2501,3,,1
13327,balkón,balcony,bˈælkəni,balcony,2502,3,,1
13328,nedůležité,unimportant,ˌʌnɪmpˈɔːɹtənt,unimportant,2503,3,,1
13329,učebnice,textbook,tˈɛkstbʊk,textbook,2504,3,,1
13330,textovou zprávu,text message,tˈɛkst mˈɛsɪdʒ,text_message,2505,3,,1
13331,nezapomenutelný,unforgettable,ʌnfɚɡˈɛɾəbəl,unforgettable,2506,3,,1
13332,planeta,planet,plˈænɪt,planet,2507,3,,1
13333,v,within,wɪðˈɪn,within,2508,3,,1
13334,zrcadlo,mirror,mˈɪɹɚ,mirror,2509,3,,1
13335,trouba,oven,ˈʌvən,oven,2510,3,,1
13336,nešťastný,unhappy,ʌnhˈæpi,unhappy,2511,3,,1
13337,vyděsit,terrify,tˈɛɹᵻfˌaɪ,terrify,2512,3,,1
13338,dřevěný,wooden,wˈʊdən,wooden,2513,3,,1
13339,nad,over,ˈoʊvɚ,over,2514,3,,1
13340,jednotný,uniform,jˈuːnɪfˌɔːɹm,uniform,2515,3,,1
13341,nabízet,offer,ˈɔfɚ,offer,2516,3,,1
13342,vlna,wool,wˈʊl,wool,2517,3,,1
13343,minerální voda,mineral water,mˈɪnɚɹəl wˈɔːɾɚ,mineral_water,2518,3,,1
13344,nalít,pour,pˈɔːɹ,pour,2519,3,,1
13345,přání,wish,wˈɪʃ,wish,2520,3,,1
13346,ve věku,aged,ˈeɪdʒd,aged,2521,3,,1
13347,nezdravý,unhealthy,ʌnhˈɛlθi,unhealthy,2522,3,,1
13348,jejich,theirs,ðˈɛɹz,theirs,2523,3,,1
13349,olivový olej,olive oil,ˈɑːlɪv ˈɔɪl,olive_oil,2524,3,,1
13350,moc,might,mˈaɪt,might,2525,3,,1
13351,vyslovit,pronounce,pɹənˈaʊns,pronounce,2526,3,,1
13352,soucit,pity,pˈɪɾi,pity,2527,3,,1
13353,atraktivní,attractive,ɐtɹˈæktɪv,attractive,2528,3,,1
13354,spravedlivý,fair,fˈɛɹ,fair,2529,3,,1
13355,nespravedlivé,unfair,ʌnfˈɛɹ,unfair,2530,3,,1
13356,polední,midday,mˌɪddˈeɪ,midday,2531,3,,1
13357,výslovnost,pronunciation,pɹənˌʌnsɪˈeɪʃən,pronunciation,2532,3,,1
13358,text,text,tˈɛkst,text,2533,3,,1
13359,bohužel,unfortunately,ʌnfˈɔːɹtʃənətli,unfortunately,2534,3,,1
13360,textovat,text,tˈɛkst,text,2535,3,,1
13361,pilot,pilot,pˈaɪlət,pilot,2536,3,,1
13362,progresivní,progressive,pɹəɡɹˈɛsɪv,progressive,2537,3,,1
13363,sami,themselves,ðɛmsˈɛlvz,themselves,2538,3,,1
13364,olympijský,Olympic,əlˈɪmpɪk,olympic,2539,3,,1
13365,terorista,terrorist,tˈɛɹɚɹˌɪst,terrorist,2540,3,,1
13366,silný,powerful,pˈaʊɚfəl,powerful,2541,3,,1
13367,vojenský,military,mˈɪlətˌɛɹi,military,2542,3,,1
13368,plast,plastic,plˈæstɪk,plastic,2543,3,,1
13369,publikovat,publish,pˈʌblɪʃ,publish,2544,3,,1
13370,oficiální,official,əfˈɪʃəl,official,2545,3,,1
13371,moudrost,wisdom,wˈɪzdəm,wisdom,2546,3,,1
13372,moudrý,wise,wˈaɪz,wise,2547,3,,1
13373,postroj,harness,hˈɑːɹnɪs,harness,2548,3,,1
13374,nadávat,scold,skˈoʊld,scold,2549,3,,1
13375,ráj,paradise,pˈæɹədˌaɪs,paradise,2550,3,,1
13376,výrobní,productive,pɹədˈʌktɪv,productive,2551,3,,1
13377,rozsah,scope,skˈoʊp,scope,2552,3,,1
13378,beznadějný,hopeless,hˈoʊpləs,hopeless,2553,3,,1
13379,astronomie,astronomy,ɐstɹˈɑːnəmi,astronomy,2554,3,,1
13380,astronom,astronomer,ɐstɹˈɑːnəmɚ,astronomer,2555,3,,1
13381,vězeň,prisoner,pɹˈɪzənɚ,prisoner,2556,3,,1
13382,biskup,bishop,bˈɪʃəp,bishop,2557,3,,1
13383,převážit,outweigh,aʊtwˈeɪ,outweigh,2558,3,,1
13384,zbrklý,hasty,hˈeɪsti,hasty,2559,3,,1
13385,váhat,hesitate,hˈɛzᵻtˌeɪt,hesitate,2560,3,,1
13386,roh,horn,hˈɔːɹn,horn,2561,3,,1
13387,horizont,horizon,hɚɹˈaɪzən,horizon,2562,3,,1
13388,soukromí,privacy,pɹˈaɪvəsi,privacy,2563,3,,1
13389,navrhnout,propose,pɹəpˈoʊz,propose,2564,3,,1
13390,papoušek,parrot,pˈæɹət,parrot,2565,3,,1
13391,přemoci,overwhelm,ˌoʊvɚwˈɛlm,overwhelm,2566,3,,1
13392,návrh,proposal,pɹəpˈoʊzəl,proposal,2567,3,,1
13393,padák,parachute,pˈæɹəʃˌuːt,parachute,2568,3,,1
13394,zakázat,prohibit,pɹəhˈɪbɪt,prohibit,2569,3,,1
13395,zákaz,prohibition,pɹəhɪbˈɪʃən,prohibition,2570,3,,1
13396,sázka,bet,bˈɛt,bet,2571,3,,1
13397,hrozný,horrible,hˈɔːɹɪbəl,horrible,2572,3,,1
13398,organické,organic,ɔːɹɡˈænɪk,organic,2573,3,,1
13399,promiňte,pardon,pˈɑːɹdən,pardon,2574,3,,1
13400,princip,principle,pɹˈɪnsɪpəl,principle,2575,3,,1
13401,hořké,bitter,bˈɪɾɚ,bitter,2576,3,,1
13402,orgán,organ,ˈɔːɹɡən,organ,2577,3,,1
13403,připojit,attach,ɐtˈætʃ,attach,2578,3,,1
13404,rodičovský,parental,pɚɹˈɛntəl,parental,2579,3,,1
13405,obyčejný,ordinary,ˈɔːɹdɪnˌɛɹi,ordinary,2580,3,,1
13406,vyděšený,scared,skˈɛɹd,scared,2581,3,,1
13407,vyděsit,scare,skˈɛɹ,scare,2582,3,,1
13408,pověsit,hang,hˈæŋ,hang,2583,3,,1
13409,závěsný,hanging,hˈæŋɪŋ,hanging,2584,3,,1
13410,řád,order,ˈɔːɹdɚ,order,2585,3,,1
13411,spořádaný,orderly,ˈɔːɹdɚli,orderly,2586,3,,1
13412,vysoce,highly,hˈaɪli,highly,2587,3,,1
13413,překonat,overcome,ˌoʊvɚkˈʌm,overcome,2588,3,,1
13414,vyzdvihnout,highlight,hˈaɪlaɪt,highlight,2589,3,,1
13415,pokrok,progress,pɹˈɑːɡɹɛs,progress,2590,3,,1
13416,šikovný,handy,hˈændi,handy,2591,3,,1
13417,parkoviště,parking,pˈɑːɹkɪŋ,parking,2592,3,,1
13418,skus,bite,bˈaɪt,bite,2593,3,,1
13419,naprogramovat,programme,pɹˈoʊɡɹæm,programme,2594,3,,1
13420,organismus,organism,ˈɔːɹɡənˌɪzəm,organism,2595,3,,1
13421,děsit,horrify,hˈɔːɹɪfˌaɪ,horrify,2596,3,,1
13422,profesor,professor,pɹəfˈɛsɚ,professor,2597,3,,1
13423,pracovitý,hard-working,hˈɑːɹdwˈɜːkɪŋ,hardworking,2598,3,,1
13424,původ,origin,ˈɔːɹɪdʒˌɪn,origin,2599,3,,1
13425,skrytý,hidden,hˈɪdən,hidden,2600,3,,1
13428,skórovat,score,skˈɔːɹ,score,2601,4,,1
10440,přes noc,overnight,ˌoʊvɚnˈaɪt,overnight,2602,4,,1
10441,strádání,hardship,hˈɑːɹdʃɪp,hardship,2603,4,,1
10442,paralyzovat,paralyse,pˈæɹəlˌaɪz,paralyse,2604,4,,1
10443,bilingvní,bilingual,baɪlˈɪŋɡwəl,bilingual,2605,4,,1
10444,výtisk,print,pɹˈɪnt,print,2606,4,,1
10445,organizace,organisation,ˌɔːɹɡɐnəzˈeɪʃən,organisation,2607,4,,1
10446,přístav,harbour,hˈɑːɹbɚ,harbour,2608,4,,1
10447,spokojenost,satisfaction,sˌæɾɪsfˈækʃən,satisfaction,2609,4,,1
10448,satelit,satellite,sˈæɾəlˌaɪt,satellite,2610,4,,1
10449,přešťastný,overjoyed,ˌoʊvɚdʒˈɔɪd,overjoyed,2611,4,,1
10450,profese,profession,pɹəfˈɛʃən,profession,2612,4,,1
10451,poklop,hatch,hˈætʃ,hatch,2613,4,,1
10453,spokojený,satisfied,sˈæɾɪsfˌaɪd,satisfied,2614,4,,1
10454,vnější,outward,ˈaʊtwɚd,outward,2615,4,,1
10455,bez domova,homeless,hˈoʊmləs,homeless,2616,4,,1
10456,srdceryvný,hearted,hˈɑːɹɾᵻd,hearted,2617,4,,1
10457,učenec,scholar,skˈɑːlɚ,scholar,2618,4,,1
10458,stipendium,scholarship,skˈɑːlɚʃˌɪp,scholarship,2619,4,,1
10459,infarkt,heart attack,hˈɑːɹt ɐtˈæk,heart_attack,2620,4,,1
10460,životopis,biography,baɪˈɑːɡɹəfi,biography,2621,4,,1
10461,sluch,hearing,hˈɪɹɪŋ,hearing,2622,4,,1
10462,příloha,attachment,ɐtˈætʃmənt,attachment,2623,4,,1
19557,psanec,outlaw,ˈaʊtlɔː,outlaw,2624,4,,1
10463,podšálek,saucer,sˈɔːsɚ,saucer,2625,4,,1
10464,balení,packing,pˈækɪŋ,packing,2626,4,,1
10465,atomový,atomic,ɐtˈɑːmɪk,atomic,2627,4,,1
10466,načrtnout,outline,ˈaʊtlaɪn,outline,2628,4,,1
10468,pokračovat,proceed,pɹəsˈiːd,proceed,2629,4,,1
10469,biologie,biology,baɪˈɑːlədʒi,biology,2630,4,,1
10470,neaktuální,out-of-date,ˌaʊɾəvdˈeɪt,outofdate,2631,4,,1
10471,podporovat,promote,pɹəmˈoʊt,promote,2632,4,,1
10472,podpora,promotion,pɹəmˈoʊʃən,promotion,2633,4,,1
10473,bezmocný,helpless,hˈɛlpləs,helpless,2634,4,,1
10474,čestně,honestly,ˈɑːnɪstli,honestly,2635,4,,1
10475,výrobce,producer,pɹədˈuːsɚ,producer,2636,4,,1
10476,poctivost,honesty,ˈɑːnɪsti,honesty,2637,4,,1
10477,prokrastinace,procrastination,pɹoʊkɹˌæstᵻnˈeɪʃən,procrastination,2638,4,,1
10478,vlastnictví,property,pɹˈɑːpɚɾi,property,2639,4,,1
10479,vydatný,hearty,hˈɑːɹɾi,hearty,2640,4,,1
10480,balík,package,pˈækɪdʒ,package,2641,4,,1
10481,biochemie,biochemistry,bˌaɪoʊkˈɛmɪstɹi,biochemistry,2642,4,,1
10482,stejně,anyhow,ˈɛnɪhˌaʊ,anyhow,2643,4,,1
10483,nebe,heaven,hˈɛvən,heaven,2644,4,,1
10484,nebesky,heavenly,hˈɛvənli,heavenly,2645,4,,1
10485,pata,heel,hˈiːl,heel,2646,4,,1
10486,výška,height,hˈaɪt,height,2647,4,,1
10487,venkovní,outdoor,aʊtdˈɔːɹ,outdoor,2648,4,,1
10488,venku,outdoors,aʊtdˈɔːɹz,outdoors,2649,4,,1
10489,tempo,pace,pˈeɪs,pace,2650,4,,1
10490,HIV,HIV,ˌeɪtʃˌaɪvˈiː,hiv,2651,4,,1
10491,helma,helmet,hˈɛlmɪt,helmet,2652,4,,1
10492,vyhlásit,proclaim,pɹəklˈeɪm,proclaim,2653,4,,1
10493,ohřívač,heater,hˈiːɾɚ,heater,2654,4,,1
10494,zájmeno,pronoun,pɹˈoʊnaʊn,pronoun,2655,4,,1
10495,kyslík,oxygen,ˈɑːksɪdʒən,oxygen,2656,4,,1
10496,svatý,holy,hˈoʊli,holy,2657,4,,1
10497,scénický,scenic,sˈiːnɪk,scenic,2658,4,,1
10498,správně,properly,pɹˈɑːpɚli,properly,2659,4,,1
10499,proces,process,pɹˈɑːsɛs,process,2660,4,,1
10500,atmosféra,atmosphere,ˈætməsfˌɪɹ,atmosphere,2661,4,,1
10501,ohromující,overwhelming,ˌoʊvɚwˈɛlmɪŋ,overwhelming,2662,4,,1
10502,pádlo,paddle,pˈædəl,paddle,2663,4,,1
10503,nebezpečí,hazard,hˈæzɚd,hazard,2664,4,,1
10504,pronájem,hire,hˈaɪɚ,hire,2665,4,,1
10505,vynikající,outstanding,aʊtstˈændɪŋ,outstanding,2666,4,,1
10506,stádo,herd,hˈɜːd,herd,2667,4,,1
10507,rozptyl,scatter,skˈæɾɚ,scatter,2668,4,,1
10508,děsivý,scary,skˈɛɹi,scary,2669,4,,1
10509,bledý,pale,pˈeɪl,pale,2670,4,,1
10510,vnější,outer,ˈaʊɾɚ,outer,2671,4,,1
10511,dlaň,palm,pˈɑːm,palm,2672,4,,1
10512,nadějný,hopeful,hˈoʊpfəl,hopeful,2673,4,,1
10513,sci-fi,science fiction,sˈaɪəns fˈɪkʃən,science_fiction,2674,4,,1
10514,dosáhnout,attain,ɐtˈeɪn,attain,2675,4,,1
10515,pravděpodobnost,probability,pɹˌɑːbəbˈɪlᵻɾi,probability,2676,4,,1
10516,strašit,haunt,hˈɔːnt,haunt,2677,4,,1
10517,doufejme,hopefully,hˈoʊpfəli,hopefully,2678,4,,1
10518,nenávist,hatred,hˈeɪtɹɪd,hatred,2679,4,,1
10519,kyčle,hip,hˈɪp,hip,2680,4,,1
10520,cena,prize,pɹˈaɪz,prize,2681,4,,1
10521,poskok,hop,hˈɑːp,hop,2682,4,,1
10522,jinak,otherwise,ˈʌðɚwˌaɪz,otherwise,2683,4,,1
10523,měl by,ought to,ˈɔːt tuː,ought_to,2684,4,,1
10524,prominentní,prominent,pɹˈɑːmɪnənt,prominent,2685,4,,1
10525,hit,hit,hˈɪt,hit,2686,4,,1
10526,léčit,heal,hˈiːl,heal,2687,4,,1
10527,léčení,healing,hˈiːlɪŋ,healing,2688,4,,1
10528,líbánky,honeymoon,hˈʌnɪmˌuːn,honeymoon,2689,4,,1
10529,Atlantik,Atlantic,ɐtlˈæntɪk,atlantic,2690,4,,1
10530,zaplaceno,paid,pˈeɪd,paid,2691,4,,1
10531,dlužím,owe,ˈoʊ,owe,2692,4,,1
10532,slibovat,promise,pɹˈɑːmɪs,promise,2693,4,,1
10533,spolužák,schoolmate,skˈuːlmeɪt,schoolmate,2694,4,,1
10534,historický,historical,hɪstˈɔːɹɪkəl,historical,2695,4,,1
10535,dlužno,owing,ˈoʊɪŋ,owing,2696,4,,1
10536,pánev,saucepan,sˈɔːspən,saucepan,2697,4,,1
10537,bolestivé,painful,pˈeɪnfəl,painful,2698,4,,1
10538,titulek,headline,hˈɛdlaɪn,headline,2699,4,,1
10539,atletický,athletic,æθlˈɛɾɪk,athletic,2700,4,,1
10540,přepracování,overwork,ˌoʊvɚwˈɜːk,overwork,2701,4,,1
10541,historický,historic,hɪstˈɔːɹɪk,historic,2702,4,,1
10542,poměr,proportion,pɹəpˈɔːɹʃən,proportion,2703,4,,1
10543,zásobník,bin,bˈɪn,bin,2704,4,,1
10544,historik,historian,hɪstˈɔːɹiən,historian,2705,4,,1
10545,učitel,schoolteacher,skˈuːltiːtʃɚ,schoolteacher,2706,4,,1
10546,sken,scan,skˈæn,scan,2707,4,,1
10547,účtovat,bill,bˈɪl,bill,2708,4,,1
10548,předškolní,preschool,pɹˈiːskuːl,preschool,2709,4,,1
10549,škrábnutí,scratch,skɹˈætʃ,scratch,2710,4,,1
10550,obvykle,generally,dʒˈɛnɚɹəli,generally,2711,4,,1
10551,generovat,generate,dʒˈɛnɚɹˌeɪt,generate,2712,4,,1
10552,zasedání,session,sˈɛʃən,session,2713,4,,1
10553,štědrý,generous,dʒˈɛnɚɹəs,generous,2714,4,,1
10554,prostý,plain,plˈeɪn,plain,2715,4,,1
10555,sloužit,service,sˈɜːvɪs,service,2716,4,,1
10556,genetický,genetic,dʒɪnˈɛɾɪk,genetic,2717,4,,1
10557,genetika,genetics,dʒɪnˈɛɾɪks,genetics,2718,4,,1
10558,geneticky,genetically,dʒɪnˈɛɾɪkli,genetically,2719,4,,1
10559,umístit,place,plˈeɪs,place,2720,4,,1
10560,stranou,aside,ɐsˈaɪd,aside,2721,4,,1
10561,server,server,sˈɜːvɚ,server,2722,4,,1
10562,jáma,pit,pˈɪt,pit,2723,4,,1
10563,zahanbený,ashamed,ɐʃˈeɪmd,ashamed,2724,4,,1
10564,gentleman,gentleman,dʒˈɛntəlmən,gentleman,2725,4,,1
10565,gen,gene,dʒˈiːn,gene,2726,4,,1
10566,potenciální,potential,pətˈɛnʃəl,potential,2727,4,,1
10567,platforma,platform,plˈætfɔːɹm,platform,2728,4,,1
10568,zahrádkářství,gardening,ɡˈɑːɹdənɪŋ,gardening,2729,4,,1
10569,plastový,plastic,plˈæstɪk,plastic,2730,4,,1
10570,zasadit,plant,plˈænt,plant,2731,4,,1
10571,oděv,garment,ɡˈɑːɹmənt,garment,2732,4,,1
10572,hrnčířství,pottery,pˈɑːɾɚɹi,pottery,2733,4,,1
10573,usadit,settle,sˈɛɾəl,settle,2734,4,,1
10574,osadník,settler,sˈɛtlɚ,settler,2735,4,,1
10575,vyrovnání,settlement,sˈɛɾəlmənt,settlement,2736,4,,1
10576,plánovat,plan,plˈæn,plan,2737,4,,1
10577,gay,gay,ɡˈeɪ,gay,2738,4,,1
10578,nastavení,setting,sˈɛɾɪŋ,setting,2739,4,,1
10579,chudoba,poverty,pˈɑːvɚɾi,poverty,2740,4,,1
10580,prášek,powder,pˈaʊdɚ,powder,2741,4,,1
10581,trubka,pipe,pˈaɪp,pipe,2742,4,,1
10582,aspekt,aspect,ˈæspɛkt,aspect,2743,4,,1
10583,zbožnost,piety,pˈaɪəɾi,piety,2744,4,,1
10584,praktický,practical,pɹˈæktɪkəl,practical,2745,4,,1
10585,koláč,pie,pˈaɪ,pie,2746,4,,1
10586,zatčení,arrest,ɚɹˈɛst,arrest,2747,4,,1
10587,klouzat,glide,ɡlˈaɪd,glide,2748,4,,1
10588,aspirin,aspirin,ˈæspɹɪn,aspirin,2749,4,,1
10589,zatknout,arrest,ɚɹˈɛst,arrest,2750,4,,1
10590,chvála,praise,pɹˈeɪz,praise,2751,4,,1
10591,záblesk,glimpse,ɡlˈɪmps,glimpse,2752,4,,1
10592,záblesk,glint,ɡlˈɪnt,glint,2753,4,,1
10593,výběr,pick,pˈɪk,pick,2754,4,,1
10594,fyzika,physics,fˈɪzɪks,physics,2755,4,,1
10595,globální,global,ɡlˈoʊbəl,global,2756,4,,1
10596,uspořádání,arrangement,ɚɹˈeɪndʒmənt,arrangement,2757,4,,1
10597,pohlédnout,glance,ɡlˈæns,glance,2758,4,,1
10598,pohled,glance,ɡlˈæns,glance,2759,4,,1
10599,oddělit,separate,sˈɛpɹət,separate,2760,4,,1
10600,oddělení,separation,sˌɛpɚɹˈeɪʃən,separation,2761,4,,1
10601,polštář,pillow,pˈɪloʊ,pillow,2762,4,,1
10602,borovice,pine,pˈaɪn,pine,2763,4,,1
10603,šiška,pine,pˈaɪn,pine,2764,4,,1
10604,ananas,pineapple,pˈaɪnæpəl,pineapple,2765,4,,1
10605,vážné,serious,sˈɪɹiəs,serious,2766,4,,1
10606,zeměpis,geography,dʒɪˈɑːɡɹəfi,geography,2767,4,,1
10607,zeměpisné,geographical,dʒˌɪəɡɹˈæfɪkəl,geographical,2768,4,,1
10608,geologie,geology,dʒɪˈɑːlədʒi,geology,2769,4,,1
10609,gesto,gesture,dʒˈɛstʃɚ,gesture,2770,4,,1
10610,mezera,gap,ɡˈæp,gap,2771,4,,1
10611,připíchnout,pin,pˈɪn,pin,2772,4,,1
10612,obří,giant,dʒˈaɪənt,giant,2773,4,,1
10613,sekvence,sequence,sˈiːkwəns,sequence,2774,4,,1
10614,nadaný,gifted,ɡˈɪftᵻd,gifted,2775,4,,1
10615,chichotat se,giggle,ɡˈɪɡəl,giggle,2776,4,,1
10616,zázvor,ginger,dʒˈɪndʒɚ,ginger,2777,4,,1
10617,žirafa,giraffe,dʒᵻɹˈæf,giraffe,2778,4,,1
10618,zrudnout,blush,blˈʌʃ,blush,2779,4,,1
10619,nalodit se,board,bˈɔːɹd,board,2780,4,,1
10620,pocit,sensation,sɛnsˈeɪʃən,sensation,2781,4,,1
10621,příchod,arrival,ɚɹˈaɪvəl,arrival,2782,4,,1
10622,příjemně,pleasantly,plˈɛzəntli,pleasantly,2783,4,,1
10623,ostuda,shame,ʃˈeɪm,shame,2784,4,,1
10624,přívětivost,friendliness,fɹˈɛndlinəs,friendliness,2785,4,,1
10625,mít,possess,pəzˈɛs,possess,2786,4,,1
10626,mělký,shallow,ʃˈæloʊ,shallow,2787,4,,1
10627,zdvořile,politely,pəlˈaɪtli,politely,2788,4,,1
10628,majetek,possession,pəzˈɛʃən,possession,2789,4,,1
10629,přivlastňovací,possessive,pəzˈɛsɪv,possessive,2790,4,,1
10630,politika,policy,pˈɑːlɪsi,policy,2791,4,,1
10631,směle,boldly,bˈoʊldli,boldly,2792,4,,1
10632,pól,pole,pˈoʊl,pole,2793,4,,1
10633,mráz,frost,fɹˈɔst,frost,2794,4,,1
10634,zmrazené,frozen,fɹˈoʊzən,frozen,2795,4,,1
10635,možnost,possibility,pˌɑːsəbˈɪlᵻɾi,possibility,2796,4,,1
10636,odvážné,bold,bˈoʊld,bold,2797,4,,1
10637,politik,politician,pˌɑːlɪtˈɪʃən,politician,2798,4,,1
10638,jedovatý,poisonous,pˈɔɪzənəs,poisonous,2799,4,,1
10639,znečišťující látka,pollutant,pəlˈuːtənt,pollutant,2800,4,,1
10640,tvarovar,shape,ʃˈeɪp,shape,2801,4,,1
10641,bombardovat,bomb,bˈɑːm,bomb,2802,4,,1
10642,popcorn,popcorn,pˈɑːpkɔːɹn,popcorn,2803,4,,1
10643,šipka,arrow,ˈæɹoʊ,arrow,2804,4,,1
10644,hanebný,shameful,ʃˈeɪmfəl,shameful,2805,4,,1
10645,svobodně,freely,fɹˈiːli,freely,2806,4,,1
10646,mrazák,freezer,fɹˈiːzɚ,freezer,2807,4,,1
10647,rybník,pond,pˈɑːnd,pond,2808,4,,1
10648,zmrazení,freezing,fɹˈiːzɪŋ,freezing,2809,4,,1
10649,pozitivní,positive,pˈɑːzᵻtˌɪv,positive,2810,4,,1
10650,časté,frequent,fɹˈiːkwənt,frequent,2811,4,,1
10651,frekvence,frequency,fɹˈiːkwənsi,frequency,2812,4,,1
10652,prvňáček,freshman,fɹˈɛʃmən,freshman,2813,4,,1
10653,bomba,bomb,bˈɑːm,bomb,2814,4,,1
10654,pozitivně,positively,pˈɑːzᵻtˌɪvli,positively,2815,4,,1
10655,frustrovaný,frustrated,fɹʌstɹˈeɪɾᵻd,frustrated,2816,4,,1
10656,frustrace,frustration,fɹʌstɹˈeɪʃən,frustration,2817,4,,1
10657,smažit,fry,fɹˈaɪ,fry,2818,4,,1
10658,vybavit,furnish,fˈɜːnɪʃ,furnish,2819,4,,1
10659,hojnost,plenty,plˈɛnti,plenty,2820,4,,1
10660,vážně,severely,sᵻvˈɪɹli,severely,2821,4,,1
10661,vzdálenější,further,fˈɜːðɚ,further,2822,4,,1
10662,umělec,artist,ˈɑːɹɾɪst,artist,2823,4,,1
10664,dále,furthermore,fˌɜːðɚmˈɔːɹ,furthermore,2824,4,,1
10665,nejdále,furthest,fˈɜːðɪst,furthest,2825,4,,1
10666,povyk,fuss,fˈʌs,fuss,2826,4,,1
10667,těžké,severe,sᵻvˈɪɹ,severe,2827,4,,1
10668,zisk,gain,ɡˈeɪn,gain,2828,4,,1
10669,potěšit,please,plˈiːz,please,2829,4,,1
10670,získat,gain,ɡˈeɪn,gain,2830,4,,1
10671,žluč,gall,ɡˈɔːl,gall,2831,4,,1
10672,umělecký,artistic,ɑːɹtˈɪstɪk,artistic,2832,4,,1
10673,hrnec,pot,pˈɑːt,pot,2833,4,,1
10674,zástrčka,plug,plˈʌɡ,plug,2834,4,,1
10675,listonoš,postman,pˈoʊstmən,postman,2835,4,,1
13429,sex,sex,sˈɛks,sex,2836,4,,1
10676,jed,poison,pˈɔɪzən,poison,2837,4,,1
10677,pánev,frying pan,fɹˈaɪɪŋ pˈæn,frying_pan,2838,4,,1
10678,palivo,fuel,fjˈuːəl,fuel,2839,4,,1
10679,stínit,shadow,ʃˈædoʊ,shadow,2840,4,,1
10680,stínový,shadowy,ʃˈædoʊi,shadowy,2841,4,,1
10681,tečka,full stop,fˈʊl stˈɑːp,full_stop,2842,4,,1
10682,na plný úvazek,full-time,fˈʊltˈaɪm,fulltime,2843,4,,1
10683,galon,gallon,ɡˈælən,gallon,2844,4,,1
10684,poezie,poetry,pˈoʊɪtɹi,poetry,2845,4,,1
10685,funkce,function,fˈʌŋkʃən,function,2846,4,,1
10686,kapesné,pocket money,pˈɑːkɪt mˈʌni,pocket_money,2847,4,,1
10687,fond,fund,fˈʌnd,fund,2848,4,,1
10688,financovat,fund,fˈʌnd,fund,2849,4,,1
10689,pohřeb,funeral,fjˈuːnɚɹəl,funeral,2850,4,,1
10690,pohlednice,postcard,pˈoʊstkɑːɹd,postcard,2851,4,,1
10691,srst,fur,fˈɜː,fur,2852,4,,1
10692,básník,poet,pˈoʊɪt,poet,2853,4,,1
10693,rukopis,handwriting,hˈændɹaɪɾɪŋ,handwriting,2854,4,,1
10694,fráze,phrase,fɹˈeɪz,phrase,2855,4,,1
10695,slavný,glorious,ɡlˈɔːɹiəs,glorious,2856,4,,1
10696,růst,growth,ɡɹˈoʊθ,growth,2857,4,,1
10697,záruka,guarantee,ɡˌæɹəntˈiː,guarantee,2858,4,,1
10698,arašíd,peanut,pˈiːnʌt,peanut,2859,4,,1
10699,stlačit,press,pɹˈɛs,press,2860,4,,1
10700,tisk,press,pɹˈɛs,press,2861,4,,1
10701,sezóna,season,sˈiːzən,season,2862,4,,1
10702,vyhledávat,search,sˈɜːtʃ,search,2863,4,,1
10703,vedení,guidance,ɡˈaɪdəns,guidance,2864,4,,1
10704,asociate,associate,ɐsˈoʊsɪˌeɪt,associate,2865,4,,1
10705,převzít,assume,ɐsˈuːm,assume,2866,4,,1
10706,pozastavit,pause,pˈɔːz,pause,2867,4,,1
10707,vina,guilt,ɡˈɪlt,guilt,2868,4,,1
10708,mořská voda,seawater,sˈiːwɔːɾɚ,seawater,2869,4,,1
10709,vinen,guilty,ɡˈɪlti,guilty,2870,4,,1
10710,mořské řasy,seaweed,sˈiːwiːd,seaweed,2871,4,,1
10711,seskupení,grouping,ɡɹˈuːpɪŋ,grouping,2872,4,,1
10712,tajně,secretly,sˈiːkɹᵻtli,secretly,2873,4,,1
10713,prezentace,presentation,pɹˌɛzəntˈeɪʃən,presentation,2874,4,,1
10714,zachovat,preserve,pɹɪzˈɜːv,preserve,2875,4,,1
10715,zachování,preservation,pɹˌɛzɚvˈeɪʃən,preservation,2876,4,,1
10716,zvláštní,peculiar,pɪkjˈuːlɪɹ,peculiar,2877,4,,1
10717,prezident,president,pɹˈɛzɪdənt,president,2878,4,,1
10718,antikvární,second-hand,sˈɛkəndhˈænd,secondhand,2879,4,,1
10719,střední škola,secondary school,sˈɛkəndɚɹi skˈuːl,secondary_school,2880,4,,1
9527,ženich,groom,ɡɹˈuːm,groom,2881,4,,1
10720,přízemí,ground floor,ɡɹˈaʊnd flˈɔːɹ,ground_floor,2882,4,,1
10721,krvácet,bleed,blˈiːd,bleed,2883,4,,1
10722,úzkost,anxiety,æŋzˈaɪəɾi,anxiety,2884,4,,1
10723,pauza,pause,pˈɔːz,pause,2885,4,,1
10724,kytarista,guitarist,ɡɪtˈɑːɹɹɪst,guitarist,2886,4,,1
10725,vzor,pattern,pˈætɚn,pattern,2887,4,,1
10726,částečný úvazek,part-time,pˈɑːɹttˈaɪm,parttime,2888,4,,1
10727,základní škola,primary school,pɹˈaɪmɚɹi skˈuːl,primary_school,2889,4,,1
10728,házená,handball,hˈændbɔːl,handball,2890,4,,1
10729,ruční,hand-held,hˈændhˈɛld,handheld,2891,4,,1
10730,zejména,particularly,pɚtˈɪkjʊlɚli,particularly,2892,4,,1
10731,primitivní,primitive,pɹˈɪmᵻtˌɪv,primitive,2893,4,,1
10732,křičet,scream,skɹˈiːm,scream,2894,4,,1
10733,participium,participle,pɑːɹtˈɪsɪpəl,participle,2895,4,,1
10734,zacházet s,handle,hˈændəl,handle,2896,4,,1
10735,účastnit se,participate,pɑːɹtˈɪsᵻpˌeɪt,participate,2897,4,,1
10736,účastník,participant,pɑːɹtˈɪsɪpənt,participant,2898,4,,1
10737,částečný,partial,pˈɑːɹʃəl,partial,2899,4,,1
10738,podání ruky,handshake,hˈændʃeɪk,handshake,2900,4,,1
10739,zatloukat,hammer,hˈæmɚ,hammer,2901,4,,1
10740,především,primarily,pɹaɪmˈɛɹᵻli,primarily,2902,4,,1
10741,vášeň,passion,pˈæʃən,passion,2903,4,,1
10742,kněz,priest,pɹˈiːst,priest,2904,4,,1
10743,úzkostlivě,anxiously,ˈæŋʃəsli,anxiously,2905,4,,1
10744,hlídka,patrol,pɐtɹˈoʊl,patrol,2906,4,,1
10745,sochařství,sculpture,skˈʌlptʃɚ,sculpture,2907,4,,1
10746,předchozí,previous,pɹˈiːviəs,previous,2908,4,,1
10747,gymnastika,gymnastics,dʒɪmnˈæstɪks,gymnastics,2909,4,,1
10748,pozdrav,greeting,ɡɹˈiːɾɪŋ,greeting,2910,4,,1
10749,trpělivost,patience,pˈeɪʃəns,patience,2911,4,,1
10750,přes,past,pˈæst,past,2912,4,,1
10751,obviňovat,blame,blˈeɪm,blame,2913,4,,1
10752,heslo,password,pˈæswɜːd,password,2914,4,,1
10753,kadeřník,hairdresser,hˈɛɹdɹɛsɚ,hairdresser,2915,4,,1
10754,pas,passport,pˈæspɔːɹt,passport,2916,4,,1
10755,fén,hairdryer,hˈɛɹdɹaɪɚ,hairdryer,2917,4,,1
10756,pasivní,passive,pˈæsɪv,passive,2918,4,,1
10757,stanoviště,habitat,hˈæbɪtˌæt,habitat,2919,4,,1
10758,frázové sloveso,phrasal verb,fɹˈeɪzəl vˈɜːb,phrasal_verb,2920,4,,1
10759,smíchat,blend,blˈɛnd,blend,2921,4,,1
10760,dárek,present,pɹˈɛzənt,present,2922,4,,1
10761,gorila,gorilla,ɡɚɹˈɪlə,gorilla,2923,4,,1
10762,drby,gossip,ɡˈɑːsɪp,gossip,2924,4,,1
10763,přesvědčit,persuade,pɚswˈeɪd,persuade,2925,4,,1
10764,přesvědčivý,persuasive,pɚswˈeɪsɪv,persuasive,2926,4,,1
10765,řídit,govern,ɡˈʌvɚn,govern,2927,4,,1
10766,vybrat,select,sᵻlˈɛkt,select,2928,4,,1
10767,výběr,selection,sᵻlˈɛkʃən,selection,2929,4,,1
10768,guvernér,governor,ɡˈʌvɚnɚ,governor,2930,4,,1
10769,talár,gown,ɡˈaʊn,gown,2931,4,,1
10770,přednost,preference,pɹˈɛfɹəns,preference,2932,4,,1
10771,urvat,grab,ɡɹˈæb,grab,2933,4,,1
10772,osobně,personally,pˈɜːsənəli,personally,2934,4,,1
10773,elegantní,graceful,ɡɹˈeɪsfəl,graceful,2935,4,,1
10774,přiřadit,assign,ɐsˈaɪn,assign,2936,4,,1
10775,úkol,assignment,ɐsˈaɪnmənt,assignment,2937,4,,1
10776,nádherný,gorgeous,ɡˈɔːɹdʒəs,gorgeous,2938,4,,1
10777,zabavit,seize,sˈiːz,seize,2939,4,,1
10778,přízrak,phantom,fˈæntəm,phantom,2940,4,,1
10779,LÉKÁRNA,pharmacy,fˈɑːɹməsi,pharmacy,2941,4,,1
10780,sláva,glory,ɡlˈɔːɹi,glory,2942,4,,1
10781,fotokopie,photocopy,fˈoʊɾəkˌɑːpi,photocopy,2943,4,,1
10782,modlitba,prayer,pɹˈɛɹ,prayer,2944,4,,1
10783,brankář,goalkeeper,ɡˈoʊlkiːpɚ,goalkeeper,2945,4,,1
10784,drahocenný,precious,pɹˈɛʃəs,precious,2946,4,,1
10785,bohyně,goddess,ɡˈɑːdəs,goddess,2947,4,,1
10786,fénix,phoenix,fˈiːnɪks,phoenix,2948,4,,1
10787,filozofie,philosophy,fɪlˈɑːsəfi,philosophy,2949,4,,1
10788,hráč golfu,golfer,ɡˈɑːlfɚ,golfer,2950,4,,1
10789,starožitnost,antique,æntˈiːk,antique,2951,4,,1
10887,samoobsluha,self-service,sˈɛlfsˈɜːvɪs,selfservice,2952,4,,1
10888,filozof,philosopher,fɪlˈɑːsəfɚ,philosopher,2953,4,,1
10889,jev,phenomenon,fɪnˈɑːmɪnən,phenomenon,2954,4,,1
10890,dobrota,goodness,ɡˈʊdnəs,goodness,2955,4,,1
10891,sobecký,selfish,sˈɛlfɪʃ,selfish,2956,4,,1
10892,předpona,prefix,pɹˈiːfɪks,prefix,2957,4,,1
10893,těhotná,pregnant,pɹˈɛɡnənt,pregnant,2958,4,,1
10894,absolvent,graduate,ɡɹˈædʒuːət,graduate,2959,4,,1
10895,graf,graph,ɡɹˈæf,graph,2960,4,,1
10896,grafický,graphic,ɡɹˈæfɪk,graphic,2961,4,,1
10897,grafika,graphics,ɡɹˈæfɪks,graphics,2962,4,,1
10898,zajistit,secure,sᵻkjˈʊɹ,secure,2963,4,,1
10899,zabezpečení,security,sᵻkjˈʊɹɹᵻɾi,security,2964,4,,1
10900,vděčnost,gratitude,ɡɹˈæɾɪtˌuːd,gratitude,2965,4,,1
10901,hrob,grave,ɡɹˈeɪv,grave,2966,4,,1
10902,omáčka,gravy,ɡɹˈeɪvi,gravy,2967,4,,1
10903,roleta,blind,blˈaɪnd,blind,2968,4,,1
10904,předpis,prescription,pɹɪskɹˈɪpʃən,prescription,2969,4,,1
10905,žehnat,bless,blˈɛs,bless,2970,4,,1
10906,požehnání,blessing,blˈɛsɪŋ,blessing,2971,4,,1
10907,pomocný,assistant,ɐsˈɪstənt,assistant,2972,4,,1
10908,antonymum,antonym,ˈæntənˌɪm,antonym,2973,4,,1
10909,přítomnost,presence,pɹˈɛzəns,presence,2974,4,,1
10910,předložka,preposition,pɹˌɛpəzˈɪʃən,preposition,2975,4,,1
10911,připravený,prepared,pɹɪpˈɛɹd,prepared,2976,4,,1
10912,bez peněz,penniless,pˈɛnɪləs,penniless,2977,4,,1
10913,udělit,grant,ɡɹˈænt,grant,2978,4,,1
10914,trvalý,permanent,pˈɜːmənənt,permanent,2979,4,,1
10915,trvale,permanently,pˈɜːmənəntli,permanently,2980,4,,1
10916,promoce,graduation,ɡɹˌædʒuːˈeɪʃən,graduation,2981,4,,1
10917,umělec,performer,pɚfˈɔːɹmɚ,performer,2982,4,,1
10918,blogger,blogger,blˈɑːɡɚ,blogger,2983,4,,1
10919,skleník,greenhouse,ɡɹˈiːnhaʊs,greenhouse,2984,4,,1
10920,blog,blog,blˈɑːɡ,blog,2985,4,,1
10921,předsudek,prejudice,pɹˈɛdʒuːdɪs,prejudice,2986,4,,1
10922,za,per,pˈɜː,per,2987,4,,1
10923,procent,per cent,pɚ sˈɛnt,per_cent,2988,4,,1
10924,pomoc,assistance,ɐsˈɪstəns,assistance,2989,4,,1
10925,příprava,preparation,pɹˌɛpɚɹˈeɪʃən,preparation,2990,4,,1
10926,grant,grant,ɡɹˈænt,grant,2991,4,,1
13430,zablokovat,block,blˈɑːk,block,2992,4,,1
10927,ubytovna,hostel,hˈɑːstəl,hostel,2993,4,,1
10928,kaše,mash,mˈæʃ,mash,2994,4,,1
10929,prosperovat,prosper,pɹˈɑːspɚ,prosper,2995,4,,1
10930,prosperující,prosperous,pɹˈɑːspɚɹəs,prosperous,2996,4,,1
10931,měsíční,monthly,mˈʌnθli,monthly,2997,4,,1
10932,malina,raspberry,ɹˈæsbɛɹi,raspberry,2998,4,,1
10933,liga,league,lˈiːɡ,league,2999,4,,1
10934,netvor,monster,mˈɔnstɚ,monster,3000,4,,1
10935,naklánět se,lean,lˈiːn,lean,3001,4,,1
10936,opakovaně,repeatedly,ɹᵻpˈiːɾᵻdli,repeatedly,3002,4,,1
10937,skok,leap,lˈiːp,leap,3003,4,,1
10938,mnich,monk,mˈʌŋk,monk,3004,4,,1
10939,monitor,monitor,mˈɑːnɪɾɚ,monitor,3005,4,,1
10940,splatit,repay,ɹᵻpˈeɪ,repay,3006,4,,1
10941,kontrolovat,monitor,mˈɑːnɪɾɚ,monitor,3007,4,,1
10942,dovolená,leave,lˈiːv,leave,3008,4,,1
10943,přednáška,lecture,lˈɛktʃɚ,lecture,3009,4,,1
10944,zavazadla,baggage,bˈæɡɪdʒ,baggage,3010,4,,1
10945,molekula,molecule,mˈɑːlɪkjˌuːl,molecule,3011,4,,1
10946,koupat se,bathe,bˈeɪð,bathe,3012,4,,1
10947,památka,monument,mˈɑːnjuːmənt,monument,3013,4,,1
10948,právní,legal,lˈiːɡəl,legal,3014,4,,1
10949,vedoucí,leading,lˈiːdɪŋ,leading,3015,4,,1
10950,vedení,leadership,lˈiːdɚʃˌɪp,leadership,3016,4,,1
10951,komár,mosquito,məskˈiːɾoʊ,mosquito,3017,4,,1
10952,smích,laughter,lˈæftɚ,laughter,3018,4,,1
10953,vypustit,launch,lˈɑːntʃ,launch,3019,4,,1
10954,oznámit,report,ɹᵻpˈɔːɹt,report,3020,4,,1
10955,zákonný,lawful,lˈɔːfəl,lawful,3021,4,,1
10956,klepat,rap,ɹˈæp,rap,3022,4,,1
10957,rychlý,rapid,ɹˈæpɪd,rapid,3023,4,,1
10958,ležet,lay,lˈeɪ,lay,3024,4,,1
10959,navíc,moreover,mɔːɹˈoʊvɚ,moreover,3025,4,,1
10960,vrstva,layer,lˈeɪɚ,layer,3026,4,,1
10961,slanina,bacon,bˈeɪkən,bacon,3027,4,,1
10962,rychle,rapidly,ɹˈæpɪdli,rapidly,3028,4,,1
10963,olovo,lead,lˈiːd,lead,3029,4,,1
10964,morální,moral,mˈɔːɹəl,moral,3030,4,,1
10965,vzácný,rare,ɹˈɛɹ,rare,3031,4,,1
10966,legálně,legally,lˈiːɡəli,legally,3032,4,,1
10967,vlhkost,moisture,mˈɔɪstʃɚ,moisture,3033,4,,1
10968,příděl,ration,ɹˈæʃən,ration,3034,4,,1
10969,lhář,liar,lˈaɪɚ,liar,3035,4,,1
10970,poznámka,remark,ɹᵻmˈɑːɹk,remark,3036,4,,1
10971,porozumění,understanding,ˌʌndɚstˈændɪŋ,understanding,3037,4,,1
10972,nedorozumění,misunderstanding,mɪsˌʌndɚstˈændɪŋ,misunderstanding,3038,4,,1
10973,reagovat,react,ɹɪˈækt,react,3039,4,,1
10974,mlhavý,misty,mˈɪsti,misty,3040,4,,1
10975,osvobodit,liberate,lˈɪbɚɹˌeɪt,liberate,3041,4,,1
10976,osvobození,liberation,lˌɪbɚɹˈeɪʃən,liberation,3042,4,,1
10977,architekt,architect,ˈɑːɹkɪtˌɛkt,architect,3043,4,,1
10979,knihovník,librarian,laɪbɹˈɛɹiən,librarian,3044,4,,1
10980,mise,mission,mˈɪʃən,mission,3045,4,,1
9528,lhát,lie,lˈaɪ,lie,3046,4,,1
10981,plavčík,lifeguard,lˈaɪfɡɑːɹd,lifeguard,3047,4,,1
10982,celoživotní,lifelong,lˈaɪflɔŋ,lifelong,3048,4,,1
10983,váhy,balance,bˈæləns,balance,3049,4,,1
10984,zbytek,remainder,ɹᵻmˈeɪndɚ,remainder,3050,4,,1
10985,výtah,lift,lˈɪft,lift,3051,4,,1
10986,uvést v omyl,mislead,mɪslˈiːd,mislead,3052,4,,1
10987,zarovnat,level,lˈɛvəl,level,3053,4,,1
10988,hlávkový salát,lettuce,lˈɛɾɪs,lettuce,3054,4,,1
10989,pálka,bat,bˈæt,bat,3055,4,,1
11563,mixovací nádoba,mixing bowl,mˈɪksɪŋ bˈoʊl,mixing_bowl,3056,4,,1
11564,proti,anti,ˈæntaɪ,anti,3057,4,,1
11595,upravit,modify,mˈɑːdᵻfˌaɪ,modify,3058,4,,1
11771,obnovit,renew,ɹᵻnˈuː,renew,3059,4,,1
9561,racionální,rational,ɹˈæʃənəl,rational,3060,4,,1
11859,kontrolovat,control,kəntɹˈoʊl,control,3061,4,,1
9564,dálkové ovládání,remote control,ɹᵻmˈoʊt kəntɹˈoʊl,remote_control,3062,4,,1
11948,mírný,moderate,mˈɑːdɚɹət,moderate,3063,4,,1
11949,vzpomínka,remembrance,ɹᵻmˈɛmbɹəns,remembrance,3064,4,,1
11950,mech,moss,mˈɔs,moss,3065,4,,1
11951,modelovat,model,mˈɑːdəl,model,3066,4,,1
11952,délka,length,lˈɛŋθ,length,3067,4,,1
11953,lék,remedy,ɹˈɛmədi,remedy,3068,4,,1
11954,břitva,razor,ɹˈeɪzɚ,razor,3069,4,,1
11955,pekař,baker,bˈeɪkɚ,baker,3070,4,,1
11956,snížit,lessen,lˈɛsən,lessen,3071,4,,1
11957,pekárna,bakery,bˈeɪkɚɹi,bakery,3072,4,,1
11958,dosah,reach,ɹˈiːtʃ,reach,3073,4,,1
11959,poznamenat,remark,ɹᵻmˈɑːɹk,remark,3074,4,,1
11960,pozoruhodný,remarkable,ɹᵻmˈɑːɹkəbəl,remarkable,3075,4,,1
11961,modální,modal,mˈoʊdəl,modal,3076,4,,1
11962,pořadí,rank,ɹˈæŋk,rank,3077,4,,1
11963,vlast,motherland,mˈʌðɜːlənd,motherland,3078,4,,1
11964,pohyb,motion,mˈoʊʃən,motion,3079,4,,1
11965,bez hnutí,motionless,mˈoʊʃənləs,motionless,3080,4,,1
11966,hlídat děti,babysit,bˈeɪbɪsˌɪt,babysit,3081,4,,1
11967,hlídačka,babysitter,bˈeɪbɪsˌɪɾɚ,babysitter,3082,4,,1
11968,železnice,railway,ɹˈeɪlweɪ,railway,3083,4,,1
11969,sval,muscle,mˈʌsəl,muscle,3084,4,,1
11970,vraždit,murder,mˈɜːdɚ,murder,3085,4,,1
11971,vrah,murderer,mˈɜːdɚɹɚ,murderer,3086,4,,1
11972,obyvatel,resident,ɹˈɛzᵻdənt,resident,3087,4,,1
11973,obytný,residential,ɹˌɛzᵻdˈɛnʃəl,residential,3088,4,,1
11974,laskavost,kindness,kˈaɪndnəs,kindness,3089,4,,1
11975,krásně,beautifully,bjˈuːɾɪfəli,beautifully,3090,4,,1
11977,mezek,mule,mjˈuːl,mule,3091,4,,1
11978,rytmus,beat,bˈiːt,beat,3092,4,,1
11979,kotě,kitten,kˈɪʔn̩,kitten,3093,4,,1
11980,bestie,beast,bˈiːst,beast,3094,4,,1
11981,plést,knit,nˈɪt,knit,3095,4,,1
11982,klepat,knock,nˈɑːk,knock,3096,4,,1
9565,srážky,rainfall,ɹˈeɪnfɔːl,rainfall,3097,4,,1
12419,zabíjení,killing,kˈɪlɪŋ,killing,3098,4,,1
12420,železnice,railroad,ɹˈeɪlɹoʊd,railroad,3099,4,,1
12421,dobírat si,kid,kˈɪd,kid,3100,4,,1
12422,džungle,jungle,dʒˈʌŋɡəl,jungle,3101,4,,1
12423,nahý,naked,nˈeɪkᵻd,naked,3102,4,,1
12424,hřebík,nail,nˈeɪl,nail,3103,4,,1
12425,úcta,respect,ɹᵻspˈɛkt,respect,3104,4,,1
12426,zdroj,resource,ɹᵻsˈɔːɹs,resource,3105,4,,1
12427,uchýlit se,resort,ɹᵻzˈɔːɹt,resort,3106,4,,1
12428,mýtus,myth,mˈɪθ,myth,3107,4,,1
12429,spravedlnost,justice,dʒˈʌstɪs,justice,3108,4,,1
12430,rezervovat,reserve,ɹɪzˈɜːv,reserve,3109,4,,1
12431,odhodlání,resolve,ɹᵻzˈɑːlv,resolve,3110,4,,1
12432,varná konvice,kettle,kˈɛɾəl,kettle,3111,4,,1
12433,vzájemné,mutual,mjˈuːtʃuːəl,mutual,3112,4,,1
12434,vztek,rage,ɹˈeɪdʒ,rage,3113,4,,1
12435,klávesnice,keyboard,kˈiːbɔːɹd,keyboard,3114,4,,1
12436,hořčice,mustard,mˈʌstɚd,mustard,3115,4,,1
12437,železniční,rail,ɹˈeɪl,rail,3116,4,,1
12438,kvůli,because of,bɪkˈʌz ʌv,because_of,3117,4,,1
12439,bobr,beaver,bˈiːvɚ,beaver,3118,4,,1
12440,odolat,resist,ɹᵻzˈɪst,resist,3119,4,,1
12441,zvednout,lift,lˈɪft,lift,3120,4,,1
12442,vousy,beard,bˈɪɹd,beard,3121,4,,1
12443,rezerva,reserve,ɹɪzˈɜːv,reserve,3122,4,,1
12444,vyžadovat,require,ɹᵻkwˈaɪɚ,require,3123,4,,1
12445,motto,motto,mˈɑːɾoʊ,motto,3124,4,,1
12446,požadovat,request,ɹᵻkwˈɛst,request,3125,4,,1
12447,motocykl,motorcycle,mˈoʊɾɚsˌaɪkəl,motorcycle,3126,4,,1
12448,motor,motor,mˈoʊɾɚ,motor,3127,4,,1
12449,motiv,motive,mˈoʊɾɪv,motive,3128,4,,1
12450,převážně,largely,lˈɑːɹdʒli,largely,3129,4,,1
12451,pověst,reputation,ɹˌɛpjuːtˈeɪʃən,reputation,3130,4,,1
12452,motivovat,motivate,mˈoʊɾᵻvˌeɪt,motivate,3131,4,,1
12453,motivace,motivation,mˌoʊɾɪvˈeɪʃən,motivation,3132,4,,1
12455,republika,republic,ɹᵻpˈʌblɪk,republic,3133,4,,1
12456,trvat,last,lˈæst,last,3134,4,,1
12457,reprodukovat,reproduce,ɹᵻpɹədˈuːs,reproduce,3135,4,,1
12458,trvalý,lasting,lˈæstɪŋ,lasting,3136,4,,1
12459,zástupce,representative,ɹˌɛpɹᵻzˈɛntətˌɪv,representative,3137,4,,1
12460,opozdilec,latecomer,lˈeɪtkʌmɚ,latecomer,3138,4,,1
12461,v poslední době,lately,lˈeɪtli,lately,3139,4,,1
12462,namontovat,mount,mˈaʊnt,mount,3140,4,,1
12463,pronajímatel,landlord,lˈændlɔːɹd,landlord,3141,4,,1
12464,požadavek,requirement,ɹᵻkwˈaɪɚmənt,requirement,3142,4,,1
12465,záchrana,rescue,ɹˈɛskjuː,rescue,3143,4,,1
12537,záda,back,bˈæk,back,3144,4,,1
12466,rezervace,reservation,ɹˌɛzɚvˈeɪʃən,reservation,3145,4,,1
12467,laboratoř,lab,lˈæb,lab,3146,4,,1
12468,podobat se,resemble,ɹᵻzˈɛmbəl,resemble,3147,4,,1
12469,deštný prales,rainforest,ɹˈeɪnfˌɔːɹɪst,rainforest,3148,4,,1
12470,laboratoř,laboratory,lˈæbɹətˌɔːɹi,laboratory,3149,4,,1
12471,zkoumat,research,ɹᵻsˈɜːtʃ,research,3150,4,,1
12472,výzkumník,researcher,ɹᵻsˈɜːtʃɚ,researcher,3151,4,,1
12473,bolest zad,backache,bˈækeɪk,backache,3152,4,,1
12474,bláto,mud,mˈʌd,mud,3153,4,,1
12475,žebřík,ladder,lˈædɚ,ladder,3154,4,,1
12476,jehněčí,lamb,lˈæm,lamb,3155,4,,1
12477,batoh,backpack,bˈækpæk,backpack,3156,4,,1
12478,batůžkář,backpacker,bˈækpækɚ,backpacker,3157,4,,1
12479,truchlit,mourn,mˈɔːɹn,mourn,3158,4,,1
12480,vrchol hory,mountaintop,mˈaʊntɪntˌɑːp,mountaintop,3159,4,,1
12481,zachránit,rescue,ɹˈɛskjuː,rescue,3160,4,,1
12482,přistát,land,lˈænd,land,3161,4,,1
12483,cestovat,backpacking,bˈækpækɪŋ,backpacking,3162,4,,1
12484,hnutí,movement,mˈuːvmənt,movement,3163,4,,1
13434,lůžko,bedside,bˈɛdsaɪd,bedside,3164,4,,1
13435,základ,basis,bˈeɪsɪs,basis,3165,4,,1
13436,zapalovač,lighter,lˈaɪɾɚ,lighter,3166,4,,1
13437,holý,bare,bˈɛɹ,bare,3167,4,,1
13438,rejstřík,register,ɹˈɛdʒɪstɚ,register,3168,4,,1
13439,zaregistrovat,register,ɹˈɛdʒɪstɚ,register,3169,4,,1
13440,registrace,registration,ɹˌɛdʒɪstɹˈeɪʃən,registration,3170,4,,1
13441,mechanik,mechanic,mᵻkˈænɪk,mechanic,3171,4,,1
13443,mechanické,mechanical,mᵻkˈænɪkəl,mechanical,3172,4,,1
13444,kraj,region,ɹˈiːdʒən,region,3173,4,,1
13445,regionální,regional,ɹˈiːdʒənəl,regional,3174,4,,1
13446,změřit,measure,mˈɛʒɚ,measure,3175,4,,1
13447,měření,measurement,mˈɛʒɚmənt,measurement,3176,4,,1
13448,mezitím,meanwhile,mˈiːnwaɪl,meanwhile,3177,4,,1
13449,magický,magical,mˈædʒɪkəl,magical,3178,4,,1
13450,kouzelník,magician,mɐdʒˈɪʃən,magician,3179,4,,1
13451,velkolepý,magnificent,mæɡnˈɪfɪsənt,magnificent,3180,4,,1
13452,grilovat,barbecue,bˈɑːɹbɪkjˌuː,barbecue,3181,4,,1
13453,poslat poštou,mail,mˈeɪl,mail,3182,4,,1
13454,zotavit se,recover,ɹᵻkˈʌvɚ,recover,3183,4,,1
13455,zotavení,recovery,ɹᵻkˈʌvɚɹi,recovery,3184,4,,1
13456,poštovní schránka,mailbox,mˈeɪlbɑːks,mailbox,3185,4,,1
13457,přemýšlet,meditate,mˈɛdᵻtˌeɪt,meditate,3186,4,,1
13458,rozjímání,meditation,mˌɛdɪtˈeɪʃən,meditation,3187,4,,1
13431,opravit,mend,mˈɛnd,mend,3188,4,,1
13459,memorovat,memorise,mˈɛmɚɹˌaɪz,memorise,3189,4,,1
13460,regulovat,regulate,ɹˈɛɡjʊlˌeɪt,regulate,3190,4,,1
13461,nařízení,regulation,ɹˌɛɡjʊlˈeɪʃən,regulation,3191,4,,1
13462,památný,memorable,mˈɛmɚɹəbəl,memorable,3192,4,,1
13463,členství,membership,mˈɛmbɚʃˌɪp,membership,3193,4,,1
13464,loajální,loyal,lˈɔɪəl,loyal,3194,4,,1
13465,věrnost,loyalty,lˈɔɪəlɾi,loyalty,3195,4,,1
13466,tát,melt,mˈɛlt,melt,3196,4,,1
13467,sotva,barely,bˈɛɹli,barely,3197,4,,1
13468,zavazadla,luggage,lˈʌɡɪdʒ,luggage,3198,4,,1
13469,záznam,recording,ɹᵻkˈɔːɹdɪŋ,recording,3199,4,,1
13470,prostředí,medium,mˈiːdiəm,medium,3200,4,,1
13471,střední,medium,mˈiːdiəm,medium,3201,4,,1
13472,plíce,lung,lˈʌŋ,lung,3202,4,,1
13473,Středomoří,Mediterranean,mˌɛdɪɾɪɹˈeɪniən,mediterranean,3203,4,,1
13474,luxus,luxury,lˈʌkʃɚɹi,luxury,3204,4,,1
13475,recyklovaný,recycled,ɹᵻsˈaɪkəld,recycled,3205,4,,1
13476,smysluplné,meaningful,mˈiːnɪŋfəl,meaningful,3206,4,,1
13477,matematik,mathematician,mˌæθɪmɐtˈɪʃən,mathematician,3207,4,,1
13478,snížit,reduce,ɹᵻdˈuːs,reduce,3208,4,,1
13479,snížení,reduction,ɹᵻdˈʌkʃən,reduction,3209,4,,1
13480,osvěžit,refresh,ɹᵻfɹˈɛʃ,refresh,3210,4,,1
13481,osvěžující,refreshing,ɹᵻfɹˈɛʃɪŋ,refreshing,3211,4,,1
13482,osvěžující,refreshingly,ɹᵻfɹˈɛʃɪŋli,refreshingly,3212,4,,1
13483,občerstvení,refreshments,ɹᵻfɹˈɛʃmənts,refreshments,3213,4,,1
13484,javor,maple,mˈeɪpəl,maple,3214,4,,1
13485,mramor,marble,mˈɑːɹbəl,marble,3215,4,,1
13486,pochodovat,march,mˈɑːɹtʃ,march,3216,4,,1
13487,námořní,marine,mɚɹˈiːn,marine,3217,4,,1
13488,výrazný,marked,mˈɑːɹkt,marked,3218,4,,1
13489,útes,reef,ɹˈiːf,reef,3219,4,,1
13490,masivní,massive,mˈæsɪv,massive,3220,4,,1
13491,rozhodčí,referee,ɹˌɛfɚɹˈiː,referee,3221,4,,1
13492,odraz,reflection,ɹᵻflˈɛkʃən,reflection,3222,4,,1
13493,vrácení peněz,refund,ɹᵻfˈʌnd,refund,3223,4,,1
13494,zamítnutí,refusal,ɹᵻfjˈuːzəl,refusal,3224,4,,1
13495,matematika,mathematics,mˌæθɪmˈæɾɪks,mathematics,3225,4,,1
13496,udržovat,maintain,meɪntˈeɪn,maintain,3226,4,,1
13497,údržba,maintenance,mˈeɪntənəns,maintenance,3227,4,,1
13498,recyklace,recycling,ɹᵻsˈaɪklɪŋ,recycling,3228,4,,1
13499,většina,majority,mədʒˈɔːɹᵻɾi,majority,3229,4,,1
13500,obvaz,bandage,bˈændɪdʒ,bandage,3230,4,,1
13501,ohledně,regarding,ɹᵻɡˈɑːɹdɪŋ,regarding,3231,4,,1
13502,rána,bang,bˈæŋ,bang,3232,4,,1
13503,starosta,mayor,mˈeɪɚ,mayor,3233,4,,1
13504,duševní,mental,mˈɛntəl,mental,3234,4,,1
13505,trhnutí,bang,bˈæŋ,bang,3235,4,,1
13506,maximum,maximum,mˈæksɪməm,maximum,3236,4,,1
13507,schválení,approval,ɐpɹˈuːvəl,approval,3237,4,,1
13508,považovat,regard,ɹᵻɡˈɑːɹd,regard,3238,4,,1
13509,bar,bar,bˈɑːɹ,bar,3239,4,,1
13510,řízení,management,mˈænɪdʒmənt,management,3240,4,,1
13511,znovu získat,regain,ɹᵻɡˈeɪn,regain,3241,4,,1
13512,bankovní účet,bank account,bˈæŋk ɐkˈaʊnt,bank_account,3242,4,,1
13513,lidstvo,mankind,mæŋkˈaɪnd,mankind,3243,4,,1
13514,samec,male,mˈeɪl,male,3244,4,,1
13515,láskyplně,lovingly,lˈʌvɪŋli,lovingly,3245,4,,1
13516,mentálně,mentally,mˈɛntəli,mentally,3246,4,,1
13517,zmínit,mention,mˈɛnʃən,mention,3247,4,,1
13518,menší,minor,mˈaɪnɚ,minor,3248,4,,1
13519,nezletilý,minor,mˈaɪnɚ,minor,3249,4,,1
13520,menšina,minority,maɪnˈɔːɹᵻɾi,minority,3250,4,,1
13521,kapalný,liquid,lˈɪkwɪd,liquid,3251,4,,1
13522,kapalina,liquid,lˈɪkwɪd,liquid,3252,4,,1
13523,báze,base,bˈeɪs,base,3253,4,,1
13524,realita,reality,ɹɪˈælᵻɾi,reality,3254,4,,1
13525,minimální,minimum,mˈɪnɪməm,minimum,3255,4,,1
13526,minimalizovat,minimise,mˈɪnɪmˌaɪz,minimise,3256,4,,1
13527,spolehlivý,reliable,ɹᵻlˈaɪəbəl,reliable,3257,4,,1
13528,minerální,mineral,mˈɪnɚɹəl,mineral,3258,4,,1
13529,plešatý,bald,bˈɔːld,bald,3259,4,,1
13530,přeskupit,rearrange,ɹˌiːɚɹˈeɪndʒ,rearrange,3260,4,,1
13531,uvolnění,release,ɹᵻlˈiːs,release,3261,4,,1
13532,schvalovat,approve,ɐpɹˈuːv,approve,3262,4,,1
13533,rozumné,reasonable,ɹˈiːzənəbəl,reasonable,3263,4,,1
13534,literární,literary,lˈɪɾɚɹˌɛɹi,literary,3264,4,,1
13535,literatura,literature,lˈɪɾɚɹᵻtʃɚ,literature,3265,4,,1
13536,realistický,realistic,ɹiːəlˈɪstɪk,realistic,3266,4,,1
13537,mínus,minus,mˈaɪnəs,minus,3267,4,,1
13432,spojit,link,lˈɪŋk,link,3268,4,,1
13538,odkaz,link,lˈɪŋk,link,3269,4,,1
13539,spoléhat,rely,ɹᵻlˈaɪ,rely,3270,4,,1
13540,lehce,lightly,lˈaɪtli,lightly,3271,4,,1
13541,blesk,lightning,lˈaɪtnɪŋ,lightning,3272,4,,1
13542,povodí,basin,bˈeɪsən,basin,3273,4,,1
13543,bída,misery,mˈɪzɚɹi,misery,3274,4,,1
13544,podoba,likeness,lˈaɪknəs,likeness,3275,4,,1
13545,mizerný,miserable,mˈɪzɹəbəl,miserable,3276,4,,1
13546,přibližný,approximate,ɐpɹˈɑːksɪmət,approximate,3277,4,,1
13547,přibližně,approximately,ɐpɹˈɑːksɪmətli,approximately,3278,4,,1
13548,relaxační,relaxing,ɹᵻlˈæksɪŋ,relaxing,3279,4,,1
13549,náboženský,religious,ɹᵻlˈɪdʒəs,religious,3280,4,,1
13550,limit,limit,lˈɪmɪt,limit,3281,4,,1
13551,omezit,limit,lˈɪmɪt,limit,3282,4,,1
13552,omezení,limitation,lˌɪmɪtˈeɪʃən,limitation,3283,4,,1
13553,omezený,limited,lˈɪmɪɾᵻd,limited,3284,4,,1
13554,kulhat,limp,lˈɪmp,limp,3285,4,,1
13555,suterén,basement,bˈeɪsmənt,basement,3286,4,,1
13556,zázrak,miracle,mˈɪɹəkəl,miracle,3287,4,,1
13557,neplechu,mischief,mˈɪstʃɪf,mischief,3288,4,,1
13558,míle,mile,mˈaɪl,mile,3289,4,,1
13559,vztahovat,relate,ɹᵻlˈeɪt,relate,3290,4,,1
13560,barman,barman,bˈɑːɹmən,barman,3291,4,,1
13561,nástěnka,message board,mˈɛsɪdʒ bˈɔːɹd,message_board,3292,4,,1
13562,kultivovat,reclaim,ɹᵻklˈeɪm,reclaim,3293,4,,1
13563,nákladní auto,lorry,lˈɔɹi,lorry,3294,4,,1
13564,nepořádek,mess,mˈɛs,mess,3295,4,,1
13565,ztráta,loss,lˈɔs,loss,3296,4,,1
13566,uznat,recognise,ɹˈɛkəɡnˌaɪz,recognise,3297,4,,1
13567,odmítnout,reject,ɹᵻdʒˈɛkt,reject,3298,4,,1
13568,pouhý,mere,mˈɪɹ,mere,3299,4,,1
13569,pouze,merely,mˈɪɹli,merely,3300,4,,1
13570,loterie,lottery,lˈɑːɾɚɹi,lottery,3301,4,,1
13571,doporučit,recommend,ɹˌɛkəmˈɛnd,recommend,3302,4,,1
13572,obchodník,merchant,mˈɜːtʃənt,merchant,3303,4,,1
13573,reproduktor,loudspeaker,lˈaʊdspiːkɚ,loudspeaker,3304,4,,1
13574,kůra,bark,bˈɑːɹk,bark,3305,4,,1
13575,chaotický,messy,mˈɛsi,messy,3306,4,,1
13576,vztah,relation,ɹᵻlˈeɪʃən,relation,3307,4,,1
13577,mírný,mild,mˈaɪld,mild,3308,4,,1
13578,středního věku,middle-aged,mˈɪdəlˈeɪdʒd,middleaged,3309,4,,1
13579,játra,liver,lˈɪvɚ,liver,3310,4,,1
13580,hlaveň,barrel,bˈæɹəl,barrel,3311,4,,1
13581,obnovit,rebuild,ɹᵻbˈɪld,rebuild,3312,4,,1
13582,příbuzný,relative,ɹˈɛlətˌɪv,relative,3313,4,,1
13583,poměrný,relative,ɹˈɛlətˌɪv,relative,3314,4,,1
13584,poměrně,relatively,ɹˈɛlətˌɪvli,relatively,3315,4,,1
13585,odvolat,recall,ɹˈiːkɔːl,recall,3316,4,,1
13586,umístění,location,loʊkˈeɪʃən,location,3317,4,,1
13587,uzamknout,lock,lˈɑːk,lock,3318,4,,1
13588,chata,lodge,lˈɑːdʒ,lodge,3319,4,,1
13589,log,log,lˈɔɡ,log,3320,4,,1
13590,logo,logo,lˈoʊɡoʊ,logo,3321,4,,1
13591,lokalizovat,locate,loʊkˈeɪt,locate,3322,4,,1
13592,prosperita,prosperity,pɹəspˈɛɹᵻɾi,prosperity,3323,4,,1
13593,vyzařovat,radiate,ɹˈeɪdɪˌeɪt,radiate,3324,4,,1
13594,záření,radiation,ɹˌeɪdɪˈeɪʃən,radiation,3325,4,,1
13595,svetr,jumper,dʒˈʌmpɚ,jumper,3326,4,,1
13596,shnilý,rotten,ɹˈɑːʔn̩,rotten,3327,4,,1
13597,překážka,obstacle,ˈɑːbstəkəl,obstacle,3328,4,,1
13598,pulovr,pullover,pˈʊloʊvɚ,pullover,3329,4,,1
13599,čerpadlo,pump,pˈʌmp,pump,3330,4,,1
13600,pozorovat,observe,əbzˈɜːv,observe,3331,4,,1
13601,pozorování,observation,ɑːbzɚvˈeɪʃən,observation,3332,4,,1
13602,objekt,object,ˈɑːbdʒɛkt,object,3333,4,,1
13603,objektivní,objective,ɑːbdʒˈɛktɪv,objective,3334,4,,1
13604,námitka,objection,ɑːbdʒˈɛkʃən,objection,3335,4,,1
13605,potrestat,punish,pˈʌnɪʃ,punish,3336,4,,1
13606,trest,punishment,pˈʌnɪʃmənt,punishment,3337,4,,1
13607,žák,pupil,pjˈuːpəl,pupil,3338,4,,1
13608,incident,incident,ˈɪnsɪdənt,incident,3339,4,,1
13609,včetně,including,ɪŋklˈuːdɪŋ,including,3340,4,,1
13610,příjem,income,ˈɪŋkʌm,income,3341,4,,1
13611,štěně,puppy,pˈʌpi,puppy,3342,4,,1
13612,výživa,nutrition,njuːtɹˈɪʃən,nutrition,3343,4,,1
13613,výživný,nutritious,njuːtɹˈɪʃəs,nutritious,3344,4,,1
13614,zlepšení,improvement,ɪmpɹˈuːvmənt,improvement,3345,4,,1
13615,zřejmé,obvious,ˈɑːbviəs,obvious,3346,4,,1
13616,hrubě,rudely,ɹˈuːdli,rudely,3347,4,,1
13617,odvolání,appeal,ɐpˈiːl,appeal,3348,4,,1
13618,odpadky,rubbish,ɹˈʌbɪʃ,rubbish,3349,4,,1
13619,pryž,rubber,ɹˈʌbɚ,rubber,3350,4,,1
13620,vydavatel,publisher,pˈʌblɪʃɚ,publisher,3351,4,,1
13621,dojít,occur,əkˈɜː,occur,3352,4,,1
13622,obsadit,occupy,ˈɑːkjʊpˌaɪ,occupy,3353,4,,1
13623,mše,mass,mˈæs,mass,3354,4,,1
13624,rutina,routine,ɹuːtˈiːn,routine,3355,4,,1
13625,impozantní,impressive,ɪmpɹˈɛsɪv,impressive,3356,4,,1
13626,příležitost,occasion,əkˈeɪʒən,occasion,3357,4,,1
13627,příležitostné,occasional,əkˈeɪʒənəl,occasional,3358,4,,1
13628,zaokrouhlit,round,ɹˈaʊnd,round,3359,4,,1
13629,nevhodné,improper,ɪmpɹˈɑːpɚ,improper,3360,4,,1
13630,samozřejmě,obviously,ˈɑːbviəsli,obviously,3361,4,,1
13631,nevyhovující,inconvenient,ɪŋkənvˈiːnɪənt,inconvenient,3362,4,,1
13632,živina,nutrient,njˈuːtɹiənt,nutrient,3363,4,,1
13633,nesprávný,incorrect,ɪŋkɚɹˈɛkt,incorrect,3364,4,,1
13634,pojem,notion,nˈoʊʃən,notion,3365,4,,1
13635,všimnout si,notice,nˈoʊɾɪs,notice,3366,4,,1
13636,znatelný,noticeable,nˈoʊɾɪsəbəl,noticeable,3367,4,,1
13637,nástěnka,noticeboard,nˈoʊɾɪsbˌɔːɹd,noticeboard,3368,4,,1
13638,uvnitř,indoors,ɪndˈɔːɹz,indoors,3369,4,,1
13639,autorita,authority,ɐθˈɔːɹɪɾi,authority,3370,4,,1
13640,průmyslový,industrial,ɪndˈʌstɹɪəl,industrial,3371,4,,1
13641,nevyhnutelný,inevitable,ɪnˈɛvᵻɾəbəl,inevitable,3372,4,,1
13642,pomocný,auxiliary,ɔːksˈɪliəɹi,auxiliary,3373,4,,1
13643,u silnice,roadside,ɹˈoʊdsaɪd,roadside,3374,4,,1
13644,severozápadní,northwest,nɔːɹθwˈɛst,northwest,3375,4,,1
13645,severozápadní,northwestern,nɔːɹθwˈɛstɚn,northwestern,3376,4,,1
13646,hádanka,puzzle,pˈʌzəl,puzzle,3377,4,,1
13647,infekce,infection,ɪnfˈɛkʃən,infection,3378,4,,1
13648,tleskat,applaud,ɐplˈɔːd,applaud,3379,4,,1
13649,robot,robot,ɹˈoʊbɑːt,robot,3380,4,,1
13650,jednotlivec,individual,ˌɪndᵻvˈɪdʒuːəl,individual,3381,4,,1
13651,notoricky známý,notorious,noʊtˈɔːɹiəs,notorious,3382,4,,1
13652,nepřímo,indirectly,ˌɪndɚɹˈɛktli,indirectly,3383,4,,1
13653,přírůstek,increase,ˈɪŋkɹiːs,increase,3384,4,,1
13654,ošetřovat,nurse,nˈɜːs,nurse,3385,4,,1
13655,četné,numerous,nˈuːmɚɹəs,numerous,3386,4,,1
13656,stále více,increasingly,ɪŋkɹˈiːsɪŋli,increasingly,3387,4,,1
13657,čistý,pure,pjˈʊɹ,pure,3388,4,,1
13658,neuvěřitelný,incredible,ɪŋkɹˈɛdɪbəl,incredible,3389,4,,1
13659,neuvěřitelně,incredibly,ɪŋkɹˈɛdɪbli,incredibly,3390,4,,1
13660,očistit,purify,pjˈʊɹɹᵻfˌaɪ,purify,3391,4,,1
13661,veřejně,publicly,pˈʌblɪkli,publicly,3392,4,,1
13662,jádro,nucleus,nˈuːklɪəs,nucleus,3393,4,,1
13663,válcování,rolling,ɹˈoʊlɪŋ,rolling,3394,4,,1
13664,nikde,nowhere,nˈoʊwɛɹ,nowhere,3395,4,,1
13665,neurčitý článek,indefinite article,ɪndˈɛfɪnət ˈɑːɹɾɪkəl,indefinite_article,3396,4,,1
13666,romanopisec,novelist,nˈɑːvɪlˌɪst,novelist,3397,4,,1
13667,peněženka,purse,pˈɜːs,purse,3398,4,,1
13668,chuť,appetite,ˈæpɪtˌaɪt,appetite,3399,4,,1
13669,nepřímý,indirect,ˌɪndɚɹˈɛkt,indirect,3400,4,,1
13670,jaderný,nuclear,nˈuːklɪɹ,nuclear,3401,4,,1
13671,urážlivý,offensive,əfˈɛnsɪv,offensive,3402,4,,1
13672,zřícenina,ruin,ɹˈuːɪn,ruin,3403,4,,1
13673,narušit,impair,ɪmpˈɛɹ,impair,3404,4,,1
13674,pokusit,attempt,ɐtˈɛmpt,attempt,3405,4,,1
13675,losos,salmon,sˈæmən,salmon,3406,4,,1
13676,vlhký,humid,hjˈuːmɪd,humid,3407,4,,1
13677,prodavač,salesman,sˈeɪlzmən,salesman,3408,4,,1
13678,otevírací,opening,ˈoʊpənɪŋ,opening,3409,4,,1
13679,humor,humour,hjˈuːmɚ,humour,3410,4,,1
13680,vtipný,humorous,hjˈuːmɚɹəs,humorous,3411,4,,1
13681,hlad,hunger,hˈʌŋɡɚ,hunger,3412,4,,1
13682,přísloví,proverb,pɹˈɑːvɜːb,proverb,3413,4,,1
13683,na jevišti,onstage,ˈɑːnsteɪdʒ,onstage,3414,4,,1
13684,spěšně,hurriedly,hˈɜːɹᵻdli,hurriedly,3415,4,,1
13685,člověk,human,hjˈuːmən,human,3416,4,,1
13686,lidstvo,humanity,hjuːmˈænᵻɾi,humanity,3417,4,,1
13687,obrovský,huge,hjˈuːdʒ,huge,3418,4,,1
13688,orchestr,orchestra,ˈɔːɹkᵻstɹə,orchestra,3419,4,,1
13689,obíhat,orbit,ˈɔːɹbɪt,orbit,3420,4,,1
13690,ochrana,protection,pɹətˈɛkʃən,protection,3421,4,,1
13691,ústní,oral,ˈɔːɹəl,oral,3422,4,,1
13692,ochranný,protective,pɹətˈɛktɪv,protective,3423,4,,1
13693,navíc,besides,bᵻsˈaɪdz,besides,3424,4,,1
13694,domácnost,household,hˈaʊshoʊld,household,3425,4,,1
13695,ohnutý,bent,bˈɛnt,bent,3426,4,,1
13696,volba,option,ˈɑːpʃən,option,3427,4,,1
13697,písek,sand,sˈænd,sand,3428,4,,1
13698,práce v domácnosti,housework,hˈaʊswɜːk,housework,3429,4,,1
13699,protest,protest,pɹˈoʊtɛst,protest,3430,4,,1
13700,utlačovat,oppress,əpɹˈɛs,oppress,3431,4,,1
13701,útlak,oppression,əpɹˈɛʃən,oppression,3432,4,,1
13703,opozice,opposition,ˌɑːpəzˈɪʃən,opposition,3434,4,,1
13704,sandál,sandal,sˈændəl,sandal,3435,4,,1
13705,infinitiv,infinitive,ɪnfˈɪnᵻtˌɪv,infinitive,3436,4,,1
13706,opice,ape,ˈeɪp,ape,3437,4,,1
13707,chata,hut,hˈʌt,hut,3438,4,,1
13708,nelegálně,illegally,ɪlˈiːɡəli,illegally,3439,4,,1
13709,nemoc,illness,ˈɪlnəs,illness,3440,4,,1
13710,osvětlit,illuminate,ɪlˈuːmᵻnˌeɪt,illuminate,3441,4,,1
13711,přistávací dráha,runway,ɹˈʌnweɪ,runway,3442,4,,1
13712,hospoda,pub,pˈʌb,pub,3443,4,,1
13713,imaginární,imaginary,ɪmˈædʒɪnˌɛɹi,imaginary,3444,4,,1
13714,uprchlý,runaway,ɹˈʌnəwˌeɪ,runaway,3445,4,,1
13715,napodobit,imitate,ˈɪmᵻtˌeɪt,imitate,3446,4,,1
13716,omluva,apology,ɐpˈɑːlədʒi,apology,3447,4,,1
13717,bezprostřední,immediate,ɪmˈiːdɪət,immediate,3448,4,,1
13718,veřejnost,public,pˈʌblɪk,public,3449,4,,1
13719,oficiálně,officially,əfˈɪʃəli,officially,3450,4,,1
13720,přistěhovat se,immigrate,ˈɪmɪɡɹˌeɪt,immigrate,3451,4,,1
13721,přistěhovalectví,immigration,ˌɪmɪɡɹˈeɪʃən,immigration,3452,4,,1
13722,zdánlivý,apparent,ɐpˈæɹənt,apparent,3453,4,,1
13723,hromadnou dopravou,public transport,pˈʌblɪk tɹˈænspɔːɹt,public_transport,3454,4,,1
13724,mastný,oily,ˈɔɪli,oily,3455,4,,1
13725,staromódní,old-fashioned,ˈoʊldfˈæʃənd,oldfashioned,3456,4,,1
13726,ignorovat,ignore,ɪɡnˈɔːɹ,ignore,3457,4,,1
13727,psychologický,psychological,saɪkəlˈɑːdʒɪkəl,psychological,3458,4,,1
13728,bezpečnost,safety,sˈeɪfti,safety,3459,4,,1
13729,bezpečně,safely,sˈeɪfli,safely,3460,4,,1
13730,prospěch,benefit,bˈɛnɪfˌɪt,benefit,3461,4,,1
13731,lední hokej,ice hockey,ˈaɪs hˈɑːki,ice_hockey,3462,4,,1
13732,pokud,provided,pɹəvˈaɪdᵻd,provided,3463,4,,1
13733,bruslení na ledě,ice skating,ˈaɪs skˈeɪɾɪŋ,ice_skating,3464,4,,1
13734,záruka,safeguard,sˈeɪfɡɑːɹd,safeguard,3465,4,,1
13735,přitahovat,attract,ɐtɹˈækt,attract,3466,4,,1
13736,se,oneself,wʌnsˈɛlf,oneself,3467,4,,1
13737,safari,safari,sɐfˈɑːɹɹi,safari,3468,4,,1
13738,pod,beneath,bᵻnˈiːθ,beneath,3469,4,,1
13739,smutek,sadness,sˈædnəs,sadness,3470,4,,1
13740,posvátný,sacred,sˈeɪkɹɪd,sacred,3471,4,,1
13741,identita,identity,aɪdˈɛntᵻɾi,identity,3472,4,,1
13742,průkaz totožnosti,identity card,aɪdˈɛntᵻɾi kˈɑːɹd,identity_card,3473,4,,1
13743,idiom,idiom,ˈɪdɪəm,idiom,3474,4,,1
13744,modla,idol,ˈaɪdəl,idol,3475,4,,1
13745,pospíchat,rush,ɹˈʌʃ,rush,3476,4,,1
13746,atrakce,attraction,ɐtɹˈækʃən,attraction,3477,4,,1
13747,riziko,risk,ɹˈɪsk,risk,3478,4,,1
13748,severovýchodní,northeastern,nˈɔːɹθiːstɚn,northeastern,3479,4,,1
13749,okolí,neighbourhood,nˈeɪbɚhˌʊd,neighbourhood,3480,4,,1
13750,jednání,negotiation,nᵻɡˌoʊʃɪˈeɪʃən,negotiation,3481,4,,1
13751,žehlit,iron,ˈaɪɚn,iron,3482,4,,1
13752,zachovat,retain,ɹᵻtˈeɪn,retain,3483,4,,1
13753,žehlení,ironing,ˈaɪɚnɪŋ,ironing,3484,4,,1
13754,nepravidelný,irregular,ɪɹˈɛɡjʊlɚ,irregular,3485,4,,1
13755,maloobchodní,retail,ɹˈiːteɪl,retail,3486,4,,1
13756,vyjednávat,negotiate,nᵻɡˈoʊʃɪˌeɪt,negotiate,3487,4,,1
13757,vyplývat,result,ɹɪzˈʌlt,result,3488,4,,1
13758,dráždit,irritate,ˈɪɹᵻtˌeɪt,irritate,3489,4,,1
13759,omezit,restrict,ɹᵻstɹˈɪkt,restrict,3490,4,,1
13760,víra,belief,bᵻlˈiːf,belief,3491,4,,1
13761,obnovit,restore,ɹᵻstˈɔːɹ,restore,3492,4,,1
13762,ostrůvek,isle,ˈaɪəl,isle,3493,4,,1
13763,jehla,needle,nˈiːdəl,needle,3494,4,,1
13764,izolovat,isolate,ˈaɪsəlˌeɪt,isolate,3495,4,,1
13765,izolace,isolation,ˌaɪsəlˈeɪʃən,isolation,3496,4,,1
13766,zapojit,involve,ɪnvˈɑːlv,involve,3497,4,,1
13767,zapojený,involved,ɪnvˈɑːlvd,involved,3498,4,,1
13768,přístup,approach,ɐpɹˈoʊtʃ,approach,3499,4,,1
13769,převyprávět,retell,ɹᵻtˈɛl,retell,3500,4,,1
13770,nicméně,nevertheless,nˌɛvɚðəlˈɛs,nevertheless,3501,4,,1
13771,povědomí,awareness,ɐwˈɛɹnəs,awareness,3502,4,,1
13772,neutrální,neutral,nˈuːtɹəl,neutral,3503,4,,1
13773,síť,network,nˈɛtwɜːk,network,3504,4,,1
13774,invaze,invasion,ɪnvˈeɪʒən,invasion,3505,4,,1
13775,netto,net,nˈɛt,net,3506,4,,1
13776,ohlížet se do minulosti,retrospect,ɹˈɛtɹəspˌɛkt,retrospect,3507,4,,1
13777,ness,ness,nˈɛs,ness,3508,4,,1
13778,nervozita,nervousness,nˈɜːvəsnəs,nervousness,3509,4,,1
13779,investovat,invest,ɪnvˈɛst,invest,3510,4,,1
13780,otazník,question mark,kwˈɛstʃən mˈɑːɹk,question_mark,3511,4,,1
13781,vyšetřování,investigation,ɪnvˌɛstɪɡˈeɪʃən,investigation,3512,4,,1
13782,dotazník,questionnaire,kwˌɛstʃənˈɛɹ,questionnaire,3513,4,,1
13783,fronta,queue,kjˈuː,queue,3514,4,,1
13784,pozvání,invitation,ɪnvɪtˈeɪʃən,invitation,3515,4,,1
13785,vzniknout,arise,ɚɹˈaɪz,arise,3516,4,,1
13786,nedobrovolně,involuntarily,ɪnvˌɑːləntˈɛɹᵻli,involuntarily,3517,4,,1
13787,odpočinek,rest,ɹˈɛst,rest,3518,4,,1
13788,běhání,jogging,dʒˈɑːɡɪŋ,jogging,3519,4,,1
13789,nacionalista,nationalist,nˈæʃənəlˌɪst,nationalist,3520,4,,1
13442,spoj,joint,dʒˈɔɪnt,joint,3521,4,,1
13790,žertovat,joke,dʒˈoʊk,joke,3522,4,,1
13791,časopis,journal,dʒˈɜːnəl,journal,3523,4,,1
13792,novinář,journalist,dʒˈɜːnəlˌɪst,journalist,3524,4,,1
13793,ošklivý,nasty,nˈæsti,nasty,3525,4,,1
13794,úzký,narrow,nˈæɹoʊ,narrow,3526,4,,1
13795,rozsudek,judgement,dʒˈʌdʒmənt,judgement,3527,4,,1
13796,slušný,respectable,ɹᵻspˈɛktəbəl,respectable,3528,4,,1
13797,džbán,jug,dʒˈʌɡ,jug,3529,4,,1
13798,šťavnatý,juicy,dʒˈuːsi,juicy,3530,4,,1
13799,příběh,narrative,nˈæɹətˌɪv,narrative,3531,4,,1
13800,vyprávět,narrate,nɚɹˈeɪt,narrate,3532,4,,1
13801,zdřímnutí,nap,nˈæp,nap,3533,4,,1
13802,trapné,awkward,ˈɔːkwɚd,awkward,3534,4,,1
13803,rasový,racial,ɹˈeɪʃəl,racial,3535,4,,1
13804,přirozeně,naturally,nˈætʃɚɹəli,naturally,3536,4,,1
13805,nektar,nectar,nˈɛktɚ,nectar,3537,4,,1
13806,náhrdelník,necklace,nˈɛkləs,necklace,3538,4,,1
13807,děsivý,awesome,ˈɔːsʌm,awesome,3539,4,,1
13808,slonovina,ivory,ˈaɪvɚɹi,ivory,3540,4,,1
13809,jménem,behalf,bᵻhˈæf,behalf,3541,4,,1
13810,nefrit,jade,dʒˈeɪd,jade,3542,4,,1
13811,kriminál,gaol,dʒˈeɪl,gaol,3543,4,,1
13812,odpovědný,responsible,ɹᵻspˈɑːnsᵻbəl,responsible,3544,4,,1
13813,znovusjednocení,reunification,ɹˌiːjˌuːnɪfɪkˈeɪʃən,reunification,3545,4,,1
13814,sklenice,jar,dʒˈɑːɹ,jar,3546,4,,1
13815,poblíž,nearby,nɪɹbˈaɪ,nearby,3547,4,,1
13816,jazz,jazz,dʒˈæz,jazz,3548,4,,1
13817,žárlivý,jealous,dʒˈɛləs,jealous,3549,4,,1
13818,námořnická modř,navy blue,nˈeɪvi blˈuː,navy_blue,3550,4,,1
13819,reagovat,respond,ɹᵻspˈɑːnd,respond,3551,4,,1
13820,závodit,race,ɹˈeɪs,race,3552,4,,1
13821,odpovědnost,responsibility,ɹᵻspˌɑːnsəbˈɪlᵻɾi,responsibility,3553,4,,1
13822,vědom,aware,ɐwˈɛɹ,aware,3554,4,,1
13823,sjednotit,unify,jˈuːnɪfˌaɪ,unify,3555,4,,1
13824,znovu sjednotit,reunify,ɹˌiːjˈuːnɪfˌaɪ,reunify,3556,4,,1
13825,novorozený,newborn,nˈuːbɔːɹn,newborn,3557,4,,1
13826,směšný,ridiculous,ɹɪdˈɪkjʊləs,ridiculous,3558,4,,1
13827,inovovat,innovate,ˈɪnəvˌeɪt,innovate,3559,4,,1
13828,zlepšovatel,innovator,ˈɪnəvˌeɪɾɚ,innovator,3560,4,,1
13829,aplikace,application,ˌæplɪkˈeɪʃən,application,3561,4,,1
13830,žádný,none,nˈʌn,none,3562,4,,1
13831,dotaz,enquiry,ɛŋkwˈaɪɚɹi,enquiry,3563,4,,1
13832,šílený,insane,ɪnsˈeɪn,insane,3564,4,,1
13833,kvalifikovat,qualify,kwˈɔlᵻfˌaɪ,qualify,3565,4,,1
13834,kvalifikovaný,qualified,kwˈɔlᵻfˌaɪd,qualified,3566,4,,1
13835,vepsat,inscribe,ɪnskɹˈaɪb,inscribe,3567,4,,1
13836,nápis,inscription,ɪnskɹˈɪpʃən,inscription,3568,4,,1
13837,luštit,riddle,ɹˈɪdəl,riddle,3569,4,,1
13838,hlučně,noisily,nˈɔɪzili,noisily,3570,4,,1
13839,kvalitní,quality,kwˈɔlᵻɾi,quality,3571,4,,1
13840,vhled,insight,ˈɪnsaɪt,insight,3572,4,,1
13841,trvat,insist,ɪnsˈɪst,insist,3573,4,,1
13842,inspekce,inspection,ɪnspˈɛkʃən,inspection,3574,4,,1
13843,zbavit,rid,ɹˈɪd,rid,3575,4,,1
13844,nevinný,innocent,ˈɪnəsənt,innocent,3576,4,,1
13845,nejvnitřnější,innermost,ˈɪnɚmˌoʊst,innermost,3577,4,,1
13846,inkoust,ink,ˈɪŋk,ink,3578,4,,1
13847,zranění,injury,ˈɪndʒɚɹi,injury,3579,4,,1
13848,stoupat,rise,ɹˈaɪz,rise,3580,4,,1
13849,zralý,ripe,ɹˈaɪp,ripe,3581,4,,1
13850,severovýchod,northeast,nˈɔːɹθiːst,northeast,3582,4,,1
13851,informativní,informative,ɪnfˈɔːɹmətˌɪv,informative,3583,4,,1
13852,potlesk,applause,ɐplˈɔːz,applause,3584,4,,1
13853,kývnutí,nod,nˈɑːd,nod,3585,4,,1
13854,přísada,ingredient,ɪŋɡɹˈiːdiənt,ingredient,3586,4,,1
13855,inhalovat,inhale,ɪnhˈeɪl,inhale,3587,4,,1
13856,počáteční,initial,ɪnˈɪʃəl,initial,3588,4,,1
13857,zpočátku,initially,ɪnˈɪʃəli,initially,3589,4,,1
13858,injekci,inject,ɪndʒˈɛkt,inject,3590,4,,1
13859,ani,nor,nˈɔːɹ,nor,3591,4,,1
13860,nesmysl,nonsense,nˈɑːnsəns,nonsense,3592,4,,1
13861,zemětřesení,quake,kwˈeɪk,quake,3593,4,,1
13862,nicméně,nonetheless,nˌʌnðəlˈɛs,nonetheless,3594,4,,1
13863,obyvatel,inhabitant,ɪnhˈæbɪtənt,inhabitant,3595,4,,1
13864,severní,northern,nˈɔːɹðɚn,northern,3596,4,,1
13865,instalovat,instal,ɪnstˈɔːl,instal,3597,4,,1
13866,milovaný,beloved,bᵻlˈʌvd,beloved,3598,4,,1
13867,střední,intermediate,ˌɪntɚmˈiːdiət,intermediate,3599,4,,1
13868,aritmetický,arithmetic,ɚɹˈɪθmətˌɪk,arithmetic,3600,4,,1
19558,přestávka,intermission,ˌɪntɚmˈɪʃən,intermission,3601,5,,1
19559,vnitřní,internal,ɪntˈɜːnəl,internal,3602,5,,1
19560,mezinárodně,internationally,ˌɪntɚnˈæʃənəli,internationally,3603,5,,1
19561,vedle,next door,nˈɛkst dˈɔːɹ,next_door,3604,5,,1
19562,popravit,revise,ɹᵻvˈaɪz,revise,3605,5,,1
19563,revize,revision,ɹᵻvˈɪʒən,revision,3606,5,,1
19564,uznání,appreciation,ɐpɹˌiːʃɪˈeɪʃən,appreciation,3607,5,,1
19565,přerušit,interrupt,ˈɪntɚɹˌʌpt,interrupt,3608,5,,1
19566,interval,interval,ˈɪntɚvəl,interval,3609,5,,1
19567,dotazovaný,interviewee,ˈɪntɚvjˌuːiː,interviewee,3610,5,,1
19568,ocenit,award,ɐwˈɔːɹd,award,3611,5,,1
19569,nově,newly,nˈuːli,newly,3612,5,,1
19570,nováček,newcomer,nˈuːkʌmɚ,newcomer,3613,5,,1
19571,zavedení,introduction,ˌɪntɹədˈʌkʃən,introduction,3614,5,,1
19572,úrok,interest,ˈɪntɹɛst,interest,3615,5,,1
19573,přezdívka,nickname,nˈɪkneɪm,nickname,3616,5,,1
19574,interakce,interaction,ˌɪntɚɹˈækʃən,interaction,3617,5,,1
19575,interagovat,interact,ˌɪntɚɹˈækt,interact,3618,5,,1
19576,instance,instance,ˈɪnstəns,instance,3619,5,,1
19577,množství,quantity,kwˈɔntᵻɾi,quantity,3620,5,,1
19578,místo,instead of,ɪnstˈɛd ʌv,instead_of,3621,5,,1
19579,ústav,institute,ˈɪnstɪtˌuːt,institute,3622,5,,1
19580,k dispozici,available,ɐvˈeɪləbəl,available,3623,5,,1
19581,avenue,avenue,ˈævənˌuː,avenue,3624,5,,1
19582,poučit,instruct,ɪnstɹˈʌkt,instruct,3625,5,,1
19583,návod,instruction,ɪnstɹˈʌkʃən,instruction,3626,5,,1
19584,instruktor,instructor,ɪnstɹˈʌktɚ,instructor,3627,5,,1
19585,přepsat,rewrite,ɹᵻɹˈaɪt,rewrite,3628,5,,1
19586,odměna,reward,ɹᵻwˈɔːɹd,reward,3629,5,,1
19587,jídelna,canteen,kæntˈiːn,canteen,3630,5,,1
19588,zamýšlet,intend,ɪntˈɛnd,intend,3631,5,,1
19589,intenzivní,intense,ɪntˈɛns,intense,3632,5,,1
19590,intenzivní,intensive,ɪntˈɛnsɪv,intensive,3633,5,,1
19591,záměr,intention,ɪntˈɛnʃən,intention,3634,5,,1
19592,záměrně,intentionally,ɪntˈɛnʃənəli,intentionally,3635,5,,1
19593,pojištění,insurance,ɪnʃˈʊɹɹəns,insurance,3636,5,,1
19594,dojem,impression,ɪmpɹˈɛʃən,impression,3637,5,,1
19595,noční život,nightlife,nˈaɪtlaɪf,nightlife,3638,5,,1
19596,fragment,fragment,fɹˈæɡmənt,fragment,3639,5,,1
19597,komentář,comment,kˈɑːmɛnt,comment,3640,5,,1
19598,komerční,commercial,kəmˈɜːʃəl,commercial,3641,5,,1
19599,zdravý rozum,common sense,kˈɑːmən sˈɛns,common_sense,3642,5,,1
19600,běžně,commonly,kˈɑːmənli,commonly,3643,5,,1
13869,předpokládat,suppose,səpˈoʊz,suppose,3644,5,,1
13870,údajně,supposedly,səpˈoʊzɪdli,supposedly,3645,5,,1
13871,společník,companion,kəmpˈæniən,companion,3646,5,,1
13872,srovnání,comparison,kəmpˈæɹɪsən,comparison,3647,5,,1
13873,podporovat,support,səpˈɔːɹt,support,3648,5,,1
13874,podporovatel,supporter,səpˈɔːɹɾɚ,supporter,3649,5,,1
13875,konkurenční,competitive,kəmpˈɛɾᵻtˌɪv,competitive,3650,5,,1
13876,závodník,competitor,kəmpˈɛɾɪɾɚ,competitor,3651,5,,1
13877,dokončit,complete,kəmplˈiːt,complete,3652,5,,1
13878,doplněk,complement,kˈɑːmplɪmənt,complement,3653,5,,1
13879,chirurg,surgeon,sˈɜːdʒən,surgeon,3654,5,,1
13880,zcela,completely,kəmplˈiːtli,completely,3655,5,,1
13881,chirurgie,surgery,sˈɜːdʒɚɹi,surgery,3656,5,,1
13882,čárka,comma,kˈɑːmə,comma,3657,5,,1
13883,přeživší,survivor,sɚvˈaɪvɚ,survivor,3658,5,,1
13884,přežití,survival,sɚvˈaɪvəl,survival,3659,5,,1
13885,řezník,butcher,bˈʊtʃɚ,butcher,3660,5,,1
13886,kolaps,collapse,kəlˈæps,collapse,3661,5,,1
13887,límec,collar,kˈɑːlɚ,collar,3662,5,,1
13888,obklopit,surround,sɚɹˈaʊnd,surround,3663,5,,1
13889,okolní,surrounding,sɚɹˈaʊndɪŋ,surrounding,3664,5,,1
13890,překvapivě,surprisingly,sɚpɹˈaɪzɪŋli,surprisingly,3665,5,,1
13891,poprsí,bust,bˈʌst,bust,3666,5,,1
13892,sloupkař,columnist,kˈɑːləmnˌɪst,columnist,3667,5,,1
13893,zděšení,alarm,ɐlˈɑːɹm,alarm,3668,5,,1
13894,kombinovat,combine,kəmbˈaɪn,combine,3669,5,,1
13895,kombinace,combination,kˌɑːmbᵻnˈeɪʃən,combination,3670,5,,1
13896,komedie,comedy,kˈɑːmədi,comedy,3671,5,,1
13897,komik,comedian,kəmˈiːdiən,comedian,3672,5,,1
13898,kometa,comet,kˈɑːmɪt,comet,3673,5,,1
13899,příkaz,command,kəmˈænd,command,3674,5,,1
13900,rakev,coffin,kˈɔfɪn,coffin,3675,5,,1
13901,komplex,complex,kˈɑːmplɛks,complex,3676,5,,1
13902,komplikovat,complicate,kˈɑːmplᵻkˌeɪt,complicate,3677,5,,1
13903,složitý,complicated,kˈɑːmplᵻkˌeɪɾᵻd,complicated,3678,5,,1
13904,potvrzení,confirmation,kɑːnfɚmˈeɪʃən,confirmation,3679,5,,1
13905,konflikt,conflict,kˈɑːnflɪkt,conflict,3680,5,,1
13906,matoucí,confusing,kənfjˈuːzɪŋ,confusing,3681,5,,1
13907,zmatek,confusion,kənfjˈuːʒən,confusion,3682,5,,1
13908,gratuluji,congratulate,kəŋɡɹˈætʃʊlˌeɪt,congratulate,3683,5,,1
13909,připojit,connect,kənˈɛkt,connect,3684,5,,1
13910,spojení,connexion,kənˈɛkʃən,connexion,3685,5,,1
13911,dobýt,conquer,kˈɑːŋkɚ,conquer,3686,5,,1
13912,při vědomí,conscious,kˈɑːnʃəs,conscious,3687,5,,1
13913,sebevražda,suicide,sˈuːɪsˌaɪd,suicide,3688,5,,1
13914,následně,consequently,kˈɑːnsɪkwəntli,consequently,3689,5,,1
13915,zachování,conservation,kˌɑːnsɚvˈeɪʃən,conservation,3690,5,,1
13916,konzervativní,conservative,kənsˈɜːvətˌɪv,conservative,3691,5,,1
13917,značný,considerable,kənsˈɪdɚɹəbəl,considerable,3692,5,,1
13918,ohleduplnost,consideration,kənsˌɪdɚɹˈeɪʃən,consideration,3693,5,,1
13919,přípona,suffix,sˈʌfɪks,suffix,3694,5,,1
13920,dostatečný,sufficient,səfˈɪʃənt,sufficient,3695,5,,1
13921,souhláska,consonant,kˈɑːnsənənt,consonant,3696,5,,1
13922,důvěra,confidence,kˈɑːnfɪdəns,confidence,3697,5,,1
13923,shrnout,summarise,sˈʌmɚɹˌaɪz,summarise,3698,5,,1
13924,podobně,alike,ɐlˈaɪk,alike,3699,5,,1
13925,kompliment,compliment,kˈɑːmplɪmənt,compliment,3700,5,,1
13926,složení,composition,kˌɑːmpəzˈɪʃən,composition,3701,5,,1
13927,sloučenina,compound,kˈɑːmpaʊnd,compound,3702,5,,1
13928,pověra,superstition,sˈuːpɚstˈɪʃən,superstition,3703,5,,1
13929,kompromis,compromise,kˈɑːmpɹəmˌaɪz,compromise,3704,5,,1
13930,alkohol,alcohol,ˈælkəhˌɑːl,alcohol,3705,5,,1
13931,lepší,superior,suːpˈiəɹɪɚ,superior,3706,5,,1
13932,alkoholický,alcoholic,ˌælkəhˈɑːlɪk,alcoholic,3707,5,,1
13933,západ slunce,sunset,sˈʌnsɛt,sunset,3708,5,,1
13934,soustředění,concentration,kˌɑːnsəntɹˈeɪʃən,concentration,3709,5,,1
13935,pojem,concept,kˈɑːnsɛpt,concept,3710,5,,1
13936,východ slunce,sunrise,sˈʌnɹaɪz,sunrise,3711,5,,1
13937,dotčený,concerned,kənsˈɜːnd,concerned,3712,5,,1
13938,uzavřít,conclude,kəŋklˈuːd,conclude,3713,5,,1
13939,závěr,conclusion,kəŋklˈuːʒən,conclusion,3714,5,,1
13940,sluneční hodiny,sundial,sˈʌndaɪəl,sundial,3715,5,,1
13941,chování,conduct,kˈɑːndʌkt,conduct,3716,5,,1
13942,opalovat se,sunbathe,sˈʌnbeɪð,sunbathe,3717,5,,1
13943,summit,summit,sˈʌmɪt,summit,3718,5,,1
13944,podezřelý,suspect,sˈʌspɛkt,suspect,3719,5,,1
13945,treska,cod,kˈɑːd,cod,3720,5,,1
13946,podezření,suspicion,səspˈɪʃən,suspicion,3721,5,,1
13947,charita,charity,tʃˈæɹᵻɾi,charity,3722,5,,1
13948,kouzlo,charm,tʃˈɑːɹm,charm,3723,5,,1
13949,štvanice,chase,tʃˈeɪs,chase,3724,5,,1
13950,bavit se,chat,tʃˈæt,chat,3725,5,,1
13951,chat show,chat show,tʃˈæt ʃˈoʊ,chat_show,3726,5,,1
13952,klid,calmness,kˈɑːmnəs,calmness,3727,5,,1
13953,odbavení,check-in,tʃˈɛkˈɪn,checkin,3728,5,,1
13954,pokladna,checkout,tʃˈɛkaʊt,checkout,3729,5,,1
13955,systematický,systematic,sˌɪstəmˈæɾɪk,systematic,3730,5,,1
13956,veselý,cheerful,tʃˈɪɹfəl,cheerful,3731,5,,1
13957,syndrom,syndrome,sˈɪndɹoʊm,syndrome,3732,5,,1
13958,chemikálie,chemical,kˈɛmɪkəl,chemical,3733,5,,1
13959,chemik,chemist,kˈɛmɪst,chemist,3734,5,,1
13960,chemie,chemistry,kˈɛmɪstɹi,chemistry,3735,5,,1
13961,příznak,symptom,sˈɪmptəm,symptom,3736,5,,1
13962,milovat,cherish,tʃˈɛɹɪʃ,cherish,3737,5,,1
13963,sympatie,sympathy,sˈɪmpəθi,sympathy,3738,5,,1
13964,komoda,chest of drawers,tʃˈɛst ʌv dɹˈɔːɹz,chest_of_drawers,3739,5,,1
13965,žvýkačka,chewing gum,tʃˈuːɪŋ ɡˈʌm,chewing_gum,3740,5,,1
13966,kočár,chariot,tʃˈæɹiət,chariot,3741,5,,1
13967,uklidnit,calm,kˈɑːm,calm,3742,5,,1
13968,útok,charge,tʃˈɑːɹdʒ,charge,3743,5,,1
13969,charakterizovat,characterise,kˈæɹɪktɚɹˌaɪz,characterise,3744,5,,1
13970,talentovaný,talented,tˈæləntᵻd,talented,3745,5,,1
13971,osobnost,celebrity,səlˈɛbɹᵻɾi,celebrity,3746,5,,1
13972,buňka,cell,sˈɛl,cell,3747,5,,1
13973,příběh,tale,tˈeɪl,tale,3748,5,,1
13974,vzlet,take-off,tˈeɪkˈɔf,takeoff,3749,5,,1
13975,s sebou,takeaway,tˈeɪkəwˌeɪ,takeaway,3750,5,,1
13976,ústřední topení,central heating,sˈɛntɹəl hˈiːɾɪŋ,central_heating,3751,5,,1
13977,obřad,ceremony,sˈɛɹᵻməni,ceremony,3752,5,,1
13978,jistota,certainty,sˈɜːtənti,certainty,3753,5,,1
13979,náročný,challenging,tʃˈæləndʒˌɪŋ,challenging,3754,5,,1
13980,kanál,channel,tʃˈænəl,channel,3755,5,,1
13981,chaos,chaos,kˈeɪɑːs,chaos,3756,5,,1
13982,tableta,tablet,tˈæblət,tablet,3757,5,,1
13983,velbloud,camel,kˈæməl,camel,3758,5,,1
13984,charakteristický,characteristic,kˌæɹɪktɚɹˈɪstɪk,characteristic,3759,5,,1
13985,hlavní,chief,tʃˈiːf,chief,3760,5,,1
13986,volající,caller,kˈɔːlɚ,caller,3761,5,,1
13987,pěvecký sbor,choir,kwˈaɪɚ,choir,3762,5,,1
13988,vyčistit,clear,klˈɪɹ,clear,3763,5,,1
13989,bobtnat,swell,swˈɛl,swell,3764,5,,1
13990,klikněte,click,klˈɪk,click,3765,5,,1
13991,klima,climate,klˈaɪmət,climate,3766,5,,1
13992,klinika,clinic,klˈɪnɪk,clinic,3767,5,,1
13993,klip,clip,klˈɪp,clip,3768,5,,1
13994,chata,cabin,kˈæbɪn,cabin,3769,5,,1
13995,mikina,sweatshirt,swˈɛtʃɜːt,sweatshirt,3770,5,,1
13996,zelí,cabbage,kˈæbɪdʒ,cabbage,3771,5,,1
13997,úzce,closely,klˈoʊsli,closely,3772,5,,1
13998,pot,sweat,swˈɛt,sweat,3773,5,,1
13999,přísahat,swear,swˈɛɹ,swear,3774,5,,1
14000,kupující,buyer,bˈaɪɚ,buyer,3775,5,,1
14001,roj,swarm,swˈɔːɹm,swarm,3776,5,,1
14002,sjíždět bez motoru,coast,kˈoʊst,coast,3777,5,,1
14003,pobřežní,coastal,kˈoʊstəl,coastal,3778,5,,1
14004,klec,cage,kˈeɪdʒ,cage,3779,5,,1
14005,klasifikovat,classify,klˈæsᵻfˌaɪ,classify,3780,5,,1
14006,plavec,swimmer,swˈɪmɚ,swimmer,3781,5,,1
14007,klasický,classical,klˈæsɪkəl,classical,3782,5,,1
14008,sytič,choke,tʃˈoʊk,choke,3783,5,,1
14009,meč,sword,sˈɔːɹd,sword,3784,5,,1
14010,křesťan,Christian,kɹˈɪstʃən,christian,3785,5,,1
14011,chronologie,chronology,kɹənˈɑːlədʒi,chronology,3786,5,,1
14012,chronologický,chronological,kɹˌɑːnəlˈɑːdʒɪkəl,chronological,3787,5,,1
14013,smát se,chuckle,tʃˈʌkəl,chuckle,3788,5,,1
14014,oteklý,swollen,swˈoʊlən,swollen,3789,5,,1
14015,tele,calf,kˈæf,calf,3790,5,,1
14016,vypočítat,calculate,kˈælkjʊlˌeɪt,calculate,3791,5,,1
14017,kalkulačka,calculator,kˈælkjʊlˌeɪɾɚ,calculator,3792,5,,1
14018,neustále,constantly,kˈɑːnstəntli,constantly,3793,5,,1
14019,přepnout,switch,swˈɪtʃ,switch,3794,5,,1
14020,oběžník,circular,sˈɜːkjʊlɚ,circular,3795,5,,1
14021,cirkus,circus,sˈɜːkəs,circus,3796,5,,1
14022,občanství,citizenship,sˈɪɾɪzənʃˌɪp,citizenship,3797,5,,1
14023,výpočet,calculation,kˌælkjʊlˈeɪʃən,calculation,3798,5,,1
14024,civilní,civil,sˈɪvəl,civil,3799,5,,1
14025,civilizace,civilisation,sˌɪvɪləzˈeɪʃən,civilisation,3800,5,,1
14026,tvrzení,claim,klˈeɪm,claim,3801,5,,1
14027,letecká společnost,airline,ˈɛɹlaɪn,airline,3802,5,,1
14028,přepínač,switch,swˈɪtʃ,switch,3803,5,,1
14029,představovat,constitute,kˈɑːnstɪtˌuːt,constitute,3804,5,,1
14030,ústava,constitution,kˌɑːnstɪtˈuːʃən,constitution,3805,5,,1
14031,postavit,construct,kˈɑːnstɹʌkt,construct,3806,5,,1
14032,kulka,bullet,bˈʊlɪt,bullet,3807,5,,1
14033,býk,bull,bˈʊl,bull,3808,5,,1
14034,nebezpečně,dangerously,dˈeɪndʒɚɹəsli,dangerously,3809,5,,1
14035,odvážit se,dare,dˈɛɹ,dare,3810,5,,1
14036,tma,darkness,dˈɑːɹknəs,darkness,3811,5,,1
14037,randit,date,dˈeɪt,date,3812,5,,1
14038,rozruch,stir,stˈɜː,stir,3813,5,,1
14039,seznamka,dating,dˈeɪɾɪŋ,dating,3814,5,,1
14040,stavitel,builder,bˈɪldɚ,builder,3815,5,,1
14041,omámení,daze,dˈeɪz,daze,3816,5,,1
14042,oslnit,dazzle,dˈæzəl,dazzle,3817,5,,1
14043,lhůta,deadline,dˈɛdlaɪn,deadline,3818,5,,1
14044,smrtící,deadly,dˈɛdli,deadly,3819,5,,1
14045,hluchý,deaf,dˈɛf,deaf,3820,5,,1
14046,jednat,deal,dˈiːl,deal,3821,5,,1
14047,obchodník,dealer,dˈiːlɚ,dealer,3822,5,,1
14048,trosky,debris,dəbɹˈiː,debris,3823,5,,1
14049,dluh,debt,dˈɛt,debt,3824,5,,1
14050,lepkavý,sticky,stˈɪki,sticky,3825,5,,1
14051,vlhký,damp,dˈæmp,damp,3826,5,,1
19601,nálepka,sticker,stˈɪkɚ,sticker,3827,5,,1
14052,abeceda,alphabet,ˈælfəbˌɛt,alphabet,3828,5,,1
14053,měna,currency,kˈɜːɹənsi,currency,3829,5,,1
14054,proud,current,kˈɜːɹənt,current,3830,5,,1
14055,v současné době,currently,kˈɜːɹəntli,currently,3831,5,,1
14056,osnovy,curriculum,kɜːɹˈɪkjʊləm,curriculum,3832,5,,1
14057,závěs,curtain,kˈɜːtən,curtain,3833,5,,1
14058,křivka,curve,kˈɜːv,curve,3834,5,,1
14059,polštář,cushion,kˈʊʃən,cushion,3835,5,,1
14060,zvyky,customs,kˈʌstəmz,customs,3836,5,,1
14061,narazit,bump,bˈʌmp,bump,3837,5,,1
14062,vypravěč příběhů,storyteller,stˈɔːɹitˌɛlɚ,storyteller,3839,5,,1
14063,životopis,CV,sˌiːvˈiː,cv,3840,5,,1
14064,bouřlivý,stormy,stˈɔːɹmi,stormy,3841,5,,1
14065,skladování,storage,stˈɔːɹɪdʒ,storage,3842,5,,1
14066,cyklus,cycle,sˈaɪkəl,cycle,3843,5,,1
14067,bulletin,bulletin,bˈʊlɪtˌɪn,bulletin,3844,5,,1
14068,nahlas,aloud,ɐlˈaʊd,aloud,3845,5,,1
14069,sedmikráska,daisy,dˈeɪzi,daisy,3846,5,,1
14070,poškotit,damage,dˈæmɪdʒ,damage,3847,5,,1
14071,hůl,stick,stˈɪk,stick,3848,5,,1
14072,prohlášení,declaration,dˌɛklɚɹˈeɪʃən,declaration,3849,5,,1
14073,vymazat,delete,dᵻlˈiːt,delete,3850,5,,1
14074,postavení,status,stˈæɾəs,status,3851,5,,1
14075,delikátní,delicate,dˈɛlᵻkət,delicate,3852,5,,1
14076,rozkoš,delight,dᵻlˈaɪt,delight,3853,5,,1
14077,potěšen,delighted,dᵻlˈaɪɾᵻd,delighted,3854,5,,1
14078,rozkošný,delightful,dᵻlˈaɪtfəl,delightful,3855,5,,1
14079,dodat,deliver,dᵻlˈɪvɚ,deliver,3856,5,,1
14080,dodání,delivery,dᵻlˈɪvɚɹi,delivery,3857,5,,1
14081,požadovat,demand,dᵻmˈænd,demand,3858,5,,1
14082,nárok,demand,dᵻmˈænd,demand,3859,5,,1
14083,demokracie,democracy,dᵻmˈɑːkɹəsi,democracy,3860,5,,1
14084,demokratický,democratic,dˌɛməkɹˈæɾɪk,democratic,3861,5,,1
14085,prokázat,demonstrate,dˈɛmənstɹˌeɪt,demonstrate,3862,5,,1
14086,demonstrace,demonstration,dˌɛmənstɹˈeɪʃən,demonstration,3863,5,,1
14087,odmítnout,deny,dᵻnˈaɪ,deny,3864,5,,1
14088,odejít,depart,dᵻpˈɑːɹt,depart,3865,5,,1
14089,odchod,departure,dᵻpˈɑːɹtʃɚ,departure,3866,5,,1
14090,zdržet,delay,dᵻlˈeɪ,delay,3867,5,,1
14091,stabilní,steady,stˈɛdi,steady,3868,5,,1
14092,stále,steadily,stˈɛdili,steadily,3869,5,,1
14093,pokles,decline,dᵻklˈaɪn,decline,3870,5,,1
14094,zastavit,stem,stˈɛm,stem,3871,5,,1
14095,pokles,decrease,dˈiːkɹiːs,decrease,3872,5,,1
14096,snížit,decrease,dˈiːkɹiːs,decrease,3873,5,,1
14097,věnovat,dedicate,dˈɛdᵻkˌeɪt,dedicate,3874,5,,1
14098,strmé,steep,stˈiːp,steep,3875,5,,1
14099,listina,deed,dˈiːd,deed,3876,5,,1
14100,ocel,steel,stˈiːl,steel,3877,5,,1
14101,kudrnatý,curly,kˈɜːli,curly,3878,5,,1
14102,pára,steam,stˈiːm,steam,3879,5,,1
14103,hájit,defend,dᵻfˈɛnd,defend,3880,5,,1
14104,obránce,defender,dᵻfˈɛndɚ,defender,3881,5,,1
14105,obrana,defence,dᵻfˈɛns,defence,3882,5,,1
14106,nedostatečný,deficient,dᵻfˈɪʃənt,deficient,3883,5,,1
14107,nedostatek,deficiency,dᵻfˈɪʃənsi,deficiency,3884,5,,1
14108,definovat,define,dᵻfˈaɪn,define,3885,5,,1
14109,určitý,definite,dˈɛfɪnət,definite,3886,5,,1
14110,určitý člen,definite article,dˈɛfɪnət ˈɑːɹɾɪkəl,definite_article,3887,5,,1
14111,rozhodně,definitely,dˈɛfɪnətli,definitely,3888,5,,1
14112,definice,definition,dˌɛfɪnˈɪʃən,definition,3889,5,,1
14113,porazit,defeat,dᵻfˈiːt,defeat,3890,5,,1
14114,kemp,campsite,kˈæmpsaɪt,campsite,3891,5,,1
14115,zvědavý,curious,kjˈʊɹɹiəs,curious,3892,5,,1
14116,zvědavě,curiously,kjˈʊɹɹiəsli,curiously,3893,5,,1
14117,zvědavost,curiosity,kjˌʊɹɹɪˈɔsᵻɾi,curiosity,3894,5,,1
14118,spálit,burn,bˈɜːn,burn,3895,5,,1
14119,hořící,burning,bˈɜːnɪŋ,burning,3896,5,,1
14120,ponorka,submarine,sˈʌbmɚɹˌiːn,submarine,3897,5,,1
14121,copyright,copyright,kˈɑːpɪɹˌaɪt,copyright,3898,5,,1
14122,podvědomý,subconscious,sʌbkˈɑːnʃəs,subconscious,3899,5,,1
14123,stylový,stylish,stˈaɪlɪʃ,stylish,3900,5,,1
14124,hloupý,stupid,stˈuːpɪd,stupid,3901,5,,1
14125,omráčit,stun,stˈʌn,stun,3902,5,,1
14126,ohromující,stunning,stˈʌnɪŋ,stunning,3903,5,,1
14127,oprava,correction,kɚɹˈɛkʃən,correction,3904,5,,1
14128,klopýtnutí,stumble,stˈʌmbəl,stumble,3905,5,,1
14129,plněné,stuffed,stˈʌft,stuffed,3906,5,,1
14130,studio,studio,stˈuːdɪˌoʊ,studio,3907,5,,1
14131,Příspěvek,allowance,ɐlˈaʊəns,allowance,3908,5,,1
14132,uvízl,stuck,stˈʌk,stuck,3909,5,,1
14133,tvrdohlavý,stubborn,stˈʌbɚn,stubborn,3910,5,,1
14134,bavlna,cotton,kˈɑːʔn̩,cotton,3911,5,,1
14135,boj,struggle,stɹˈʌɡəl,struggle,3912,5,,1
14136,kašel,cough,kˈɔf,cough,3913,5,,1
14137,prasknutí,burst,bˈɜːst,burst,3914,5,,1
14138,zloděj,burglar,bˈɜːɡlɚ,burglar,3915,5,,1
14139,podstatný,substantial,səbstˈænʃəl,substantial,3916,5,,1
14140,sdělit,convey,kənvˈeɪ,convey,3917,5,,1
14141,konstrukce,construction,kənstɹˈʌkʃən,construction,3918,5,,1
14142,trpět,suffer,sˈʌfɚ,suffer,3919,5,,1
14143,konzumovat,consume,kənsˈuːm,consume,3920,5,,1
14144,spotřebitel,consumer,kənsˈuːmɚ,consumer,3921,5,,1
14145,spotřeba,consumption,kənsˈʌmpʃən,consumption,3922,5,,1
14146,najednou,suddenly,sˈʌdənli,suddenly,3923,5,,1
14147,spokojený,content,kˈɑːntɛnt,content,3924,5,,1
14148,kontinuální,continual,kəntˈɪnjuːəl,continual,3925,5,,1
14149,neustále,continually,kəntˈɪnjuːəli,continually,3926,5,,1
14150,kontinuální,continuous,kəntˈɪnjuːəs,continuous,3927,5,,1
14151,nepřetržitě,continuously,kəntˈɪnjuːəsli,continuously,3928,5,,1
14152,naopak,contrary,kˈɑːntɹɛɹi,contrary,3929,5,,1
14153,přispět,contribute,kəntɹˈɪbjuːt,contribute,3930,5,,1
14154,příspěvek,contribution,kˌɑːntɹɪbjˈuːʃən,contribution,3931,5,,1
14155,kontroverze,controversy,kˈɑːntɹəvˌɜːsi,controversy,3932,5,,1
14156,kontroverzní,controversial,kˌɑːntɹəvˈɜːʃəl,controversial,3933,5,,1
14157,alergický,allergic,ɐlˈɜːdʒɪk,allergic,3934,5,,1
14158,nahradit,substitute,sˈʌbstɪtˌuːt,substitute,3935,5,,1
14159,náhrada,substitute,sˈʌbstɪtˌuːt,substitute,3936,5,,1
14160,přesvědčit,convince,kənvˈɪns,convince,3937,5,,1
14161,rada,council,kˈaʊnsəl,council,3938,5,,1
14162,poradenství,counselling,kˈaʊnsəlˌɪŋ,counselling,3939,5,,1
14163,počet,count,kˈaʊnt,count,3940,5,,1
14164,kritický,critical,kɹˈɪɾɪkəl,critical,3941,5,,1
14165,proudit,stream,stɹˈiːm,stream,3942,5,,1
14166,proud,stream,stɹˈiːm,stream,3943,5,,1
14167,jahoda,strawberry,stɹˈɔːbɛɹi,strawberry,3944,5,,1
14168,plodina,crop,kɹˈɑːp,crop,3945,5,,1
14169,přechod,crossing,kɹˈɔsɪŋ,crossing,3946,5,,1
14170,sláma,straw,stɹˈɔː,straw,3947,5,,1
14171,rozcestí,crossroads,kɹˈɔsɹoʊdz,crossroads,3948,5,,1
14172,vrána,crow,kɹˈoʊ,crow,3949,5,,1
14173,krutý,cruel,kɹˈuːəl,cruel,3950,5,,1
14174,strategický,strategic,stɹətˈiːdʒɪk,strategic,3951,5,,1
14175,rozdrtit,crush,kɹˈʌʃ,crush,3952,5,,1
14176,chomáč,bunch,bˈʌntʃ,bunch,3953,5,,1
14177,kupodivu,strangely,stɹˈeɪndʒli,strangely,3954,5,,1
14178,okurka,cucumber,kjˈuːkʌmbɚ,cucumber,3955,5,,1
14179,kultivovat,cultivate,kˈʌltᵻvˌeɪt,cultivate,3956,5,,1
14180,kulturní,cultural,kˈʌltʃɚɹəl,cultural,3957,5,,1
14181,kmen,strain,stɹˈeɪn,strain,3958,5,,1
13433,lék,cure,kjˈʊɹ,cure,3959,5,,1
14182,kritik,critic,kɹˈɪɾɪk,critic,3960,5,,1
14183,krize,crisis,kɹˈaɪsɪs,crisis,3961,5,,1
14184,trestný,criminal,kɹˈɪmɪnəl,criminal,3962,5,,1
14185,posílit,strengthen,stɹˈɛŋθən,strengthen,3963,5,,1
14186,čelit,counter,kˈaʊntɚ,counter,3964,5,,1
14187,nespočet,countless,kˈaʊntləs,countless,3965,5,,1
14188,hrabství,county,kˈaʊnti,county,3966,5,,1
14189,odvaha,courage,kˈɜːɹɪdʒ,courage,3967,5,,1
14190,odvážný,courageous,kɜːɹˈeɪdʒəs,courageous,3968,5,,1
14191,cuketa,courgette,kɜːdʒˈɛt,courgette,3969,5,,1
14192,kancelář,bureau,bjˈʊɹɹoʊ,bureau,3970,5,,1
14193,proužek,stripe,stɹˈaɪp,stripe,3971,5,,1
14194,pás,strip,stɹˈɪp,strip,3972,5,,1
14195,udeřit,strike,stɹˈaɪk,strike,3973,5,,1
14196,pád,crash,kɹˈæʃ,crash,3974,5,,1
14197,havarovat,crash,kɹˈæʃ,crash,3975,5,,1
14198,zasažený,stricken,stɹˈɪkən,stricken,3976,5,,1
14199,úsek,stretch,stɹˈɛtʃ,stretch,3977,5,,1
14200,stres,stress,stɹˈɛs,stress,3978,5,,1
14201,zdůraznil,stressed,stɹˈɛst,stressed,3979,5,,1
14202,stresující,stressful,stɹˈɛsfəl,stressful,3980,5,,1
14203,tvůrce,creator,kɹiːˈeɪɾɚ,creator,3981,5,,1
14204,břemeno,burden,bˈɜːdən,burden,3982,5,,1
14205,vyrobit,craft,kɹˈæft,craft,3983,5,,1
14206,jeskyně,cave,kˈeɪv,cave,3984,5,,1
14207,dávat pozor,caution,kˈɔːʃən,caution,3985,5,,1
14208,opatrný,cautious,kˈɔːʃəs,cautious,3986,5,,1
14209,vůz,wagon,wˈæɡən,wagon,3987,5,,1
14210,cesta,voyage,vˈɔɪɪdʒ,voyage,3988,5,,1
14211,samohláska,vowel,vˈaʊəl,vowel,3989,5,,1
14212,volební hlas,vote,vˈoʊt,vote,3990,5,,1
14213,dobrovolničit,volunteer,vˌɑːləntˈɪɹ,volunteer,3991,5,,1
14214,objem,volume,vˈɑːljuːm,volume,3992,5,,1
14215,sopka,volcano,vɑːlkˈeɪnoʊ,volcano,3993,5,,1
14216,živý,vivid,vˈɪvɪd,vivid,3994,5,,1
14217,živě,vividly,vˈɪvɪdli,vividly,3995,5,,1
14218,vizuální,visual,vˈɪʒuːəl,visual,3996,5,,1
14219,vizuálně,visually,vˈɪʒuːəli,visually,3997,5,,1
14220,herečka,actress,ˈæktɹəs,actress,3998,5,,1
14221,vidění,vision,vˈɪʒən,vision,3999,5,,1
14222,viditelné,visible,vˈɪzᵻbəl,visible,4000,5,,1
14223,vízum,visa,vˈiːzə,visa,4001,5,,1
14224,virtuální,virtual,vˈɜːtʃuːəl,virtual,4002,5,,1
14225,násilí,violence,vˈaɪələns,violence,4003,5,,1
14226,násilně,violently,vˈaɪələntli,violently,4004,5,,1
14227,aktivní,active,ˈæktɪv,active,4005,5,,1
14228,hledisko,viewpoint,vjˈuːpɔɪnt,viewpoint,4006,5,,1
14229,jednat,act,ˈækt,act,4007,5,,1
14230,získat,acquire,ɐkwˈaɪɚ,acquire,4008,5,,1
14231,mávat,wave,wˈeɪv,wave,4009,5,,1
14232,vodopád,waterfall,wˈɔːɾɚfˌɔːl,waterfall,4010,5,,1
14233,plýtvat,waste,wˈeɪst,waste,4011,5,,1
14234,plýtvání,wasteful,wˈeɪstfəl,wasteful,4012,5,,1
14235,odpad,waste,wˈeɪst,waste,4013,5,,1
14236,umyvadlo,washbowl,wˈɑːʃboʊl,washbowl,4014,5,,1
14237,úspěch,achievement,ɐtʃˈiːvmənt,achievement,4015,5,,1
14238,uznat,acknowledge,ɐknˈɑːlɪdʒ,acknowledge,4016,5,,1
14239,bojovník,warrior,wˈɔːɹɪɚ,warrior,4017,5,,1
14240,záruka,warranty,wˈɔːɹənti,warranty,4018,5,,1
14241,varovat,warn,wˈɔːɹn,warn,4019,5,,1
14242,varování,warning,wˈɔːɹnɪŋ,warning,4020,5,,1
14243,ohřát,warm,wˈɔːɹm,warm,4021,5,,1
14244,teplo,warmth,wˈɔːɹmθ,warmth,4022,5,,1
14245,vřele,warmly,wˈɔːɹmli,warmly,4023,5,,1
14246,potvrzení,acknowledgement,ɐknˈɑːlɪdʒmənt,acknowledgement,4024,5,,1
14247,šatník,wardrobe,wˈɔːɹdɹoʊb,wardrobe,4025,5,,1
14248,oddělení,ward,wˈɔːɹd,ward,4026,5,,1
14249,známost,acquaintance,ɐkwˈeɪntəns,acquaintance,4027,5,,1
14250,brázda,wake,wˈeɪk,wake,4028,5,,1
14251,vidět,view,vjˈuː,view,4029,5,,1
14252,videoklip,video clip,vˈɪdɪoʊ klˈɪp,video_clip,4030,5,,1
14253,vítězství,victory,vˈɪktɚɹi,victory,4031,5,,1
14254,nutkání,urge,ˈɜːdʒ,urge,4032,5,,1
14255,nahoru,upward,ˈʌpwɚd,upward,4033,5,,1
14256,aktuální,up-to-date,ˌʌptədˈeɪt,uptodate,4034,5,,1
14257,nahoru,upstairs,ʌpstˈɛɹz,upstairs,4035,5,,1
14258,horní,upper,ˈʌpɚ,upper,4036,5,,1
14259,nahrát,upload,ˈʌploʊd,upload,4037,5,,1
14260,povznesený,uplifted,ʌplˈɪftᵻd,uplifted,4038,5,,1
14261,aktualizovat,update,ˈʌpdeɪt,update,4039,5,,1
14262,indisponovaný,unwell,ʌnwˈɛl,unwell,4040,5,,1
14263,nežádoucí,unwanted,ʌnwˈɔntᵻd,unwanted,4041,5,,1
14264,neobvykle,unusually,ʌnjˈuːʒuːəli,unusually,4042,5,,1
14265,neuklizený,untidy,ʌntˈaɪdi,untidy,4043,5,,1
14266,nesouvisející,unrelated,ˌʌnɹᵻlˈeɪɾᵻd,unrelated,4044,5,,1
14267,nepředvídatelné,unpredictable,ʌnpɹɪdˈɪktəbəl,unpredictable,4045,5,,1
14268,rozbalit,unpack,ʌnpˈæk,unpack,4046,5,,1
14269,nešťastný,unlucky,ʌnlˈʌki,unlucky,4047,5,,1
14270,nepravděpodobné,unlikely,ʌnlˈaɪkli,unlikely,4048,5,,1
14271,ledaže,unless,ʌnlˈɛs,unless,4049,5,,1
14272,vesmír,universe,jˈuːnɪvˌɜːs,universe,4050,5,,1
14273,naléhavé,urgent,ˈɜːdʒənt,urgent,4051,5,,1
14274,používání,usage,jˈuːsɪdʒ,usage,4052,5,,1
14275,zvyklý,used to,jˈuːzd tuː,used_to,4053,5,,1
14276,k ničemu,useless,jˈuːsləs,useless,4054,5,,1
14277,oběť,victim,vˈɪktɪm,victim,4055,5,,1
14278,svěrák,vice,vˈaɪs,vice,4056,5,,1
14279,viceprezidenta,vice president,vˈaɪs pɹˈɛzɪdənt,vice_president,4057,5,,1
14280,přes,via,vˈaɪə,via,4058,5,,1
14281,veterinář,vet,vˈɛt,vet,4059,5,,1
14282,plavidlo,vessel,vˈɛsəl,vessel,4060,5,,1
14283,žíla,vein,vˈeɪn,vein,4061,5,,1
14284,vozidlo,vehicle,vˈiəkəl,vehicle,4062,5,,1
14285,vegetariánský,vegetarian,vˌɛdʒɪtˈɛɹiən,vegetarian,4063,5,,1
14286,rozlehlý,vast,vˈæst,vast,4064,5,,1
14287,lišit,vary,vˈɛɹi,vary,4065,5,,1
14288,odrůda,variety,vɚɹˈaɪəɾi,variety,4066,5,,1
14289,dodávka,van,vˈæn,van,4067,5,,1
14290,cenný,valuable,vˈæljuːəbəl,valuable,4068,5,,1
14291,marný,vain,vˈeɪn,vain,4069,5,,1
14292,vágní,vague,vˈeɪɡ,vague,4070,5,,1
14293,přizpůsobit,adapt,ɐdˈæpt,adapt,4071,5,,1
14294,volné místo,vacancy,vˈeɪkənsi,vacancy,4072,5,,1
14295,inzerát,ad,ˈæd,ad,4073,5,,1
14296,sjednotit,unite,juːnˈaɪt,unite,4074,5,,1
14297,voskovat,wax,wˈæks,wax,4075,5,,1
14298,navyknout,accustom,ɐkˈʌstəm,accustom,4076,5,,1
14299,zranění,wound,wˈuːnd,wound,4077,5,,1
14300,hodnota,worth,wˈɜːθ,worth,4078,5,,1
14301,hodný,worthy,wˈɜːði,worthy,4079,5,,1
14302,stojí za to,worthwhile,wɜːθwˈaɪl,worthwhile,4080,5,,1
14303,opotřebované,worn,wˈɔːɹn,worn,4081,5,,1
14304,absence,absence,ˈæbsəns,absence,4082,5,,1
14305,dílna,workshop,wˈɜːkʃɑːp,workshop,4083,5,,1
14306,pracoviště,workplace,wˈɜːkpleɪs,workplace,4084,5,,1
14307,cvičení,workout,wˈɜːkaʊt,workout,4085,5,,1
14308,pracovní,working,wˈɜːkɪŋ,working,4086,5,,1
14309,chybí,absent,ˈæbsənt,absent,4087,5,,1
14310,absolutní,absolute,ˈæbsəlˌuːt,absolute,4088,5,,1
14311,absolutně,absolutely,ˌæbsəlˈuːtli,absolutely,4089,5,,1
14312,absorbovat,absorb,ɐbsˈɔːɹb,absorb,4090,5,,1
14313,zázrak,wonder,wˈʌndɚ,wonder,4091,5,,1
14314,abstraktní,abstract,ˈæbstɹækt,abstract,4092,5,,1
14315,čaroděj,wizard,wˈɪzɚd,wizard,4093,5,,1
14316,svědčit,witness,wˈɪtnəs,witness,4094,5,,1
14317,vadnout,wither,wˈɪðɚ,wither,4095,5,,1
14318,balíček,wrap,ɹˈæp,wrap,4096,5,,1
14319,hojnost,abundance,ɐbˈʌndəns,abundance,4097,5,,1
14320,zabalit,wrap,ɹˈæp,wrap,4098,5,,1
14321,zápěstí,wrist,ɹˈɪst,wrist,4099,5,,1
14322,schopný,capable,kˈeɪpəbəl,capable,4100,5,,1
14323,kapacita,capacity,kəpˈæsᵻɾi,capacity,4101,5,,1
14324,kapsle,capsule,kˈæpsjuːl,capsule,4102,5,,1
14325,zachytit,capture,kˈæptʃɚ,capture,4103,5,,1
14326,zajmout,capture,kˈæptʃɚ,capture,4104,5,,1
14327,opustit,abandon,ɐbˈændən,abandon,4105,5,,1
14328,konzervované,canned,kˈænd,canned,4106,5,,1
14329,schopný,able,ˈeɪbəl,able,4107,5,,1
14330,kariéra,career,kɚɹˈɪɹ,career,4108,5,,1
14331,abnormální,abnormal,ɐbnˈɔːɹməl,abnormal,4109,5,,1
14332,svíčka,candle,kˈændəl,candle,4110,5,,1
14333,jóga,yoga,jˈoʊɡə,yoga,4111,5,,1
14334,na palubě,aboard,ɐbˈɔːɹd,aboard,4112,5,,1
14335,domorodec,aborigine,ˌæbɚɹˈɪdʒəni,aborigine,4113,5,,1
14336,výkřik,yell,jˈɛl,yell,4114,5,,1
14337,napsáno,written,ɹˈɪʔn̩,written,4115,5,,1
14338,náramkové hodinky,wristwatch,ɹˈɪstwɑːtʃ,wristwatch,4116,5,,1
14339,obal,wrapping,ɹˈæpɪŋ,wrapping,4117,5,,1
14340,drát,wire,wˈaɪɚ,wire,4118,5,,1
14341,hojné,abundant,ɐbˈʌndənt,abundant,4119,5,,1
14342,doprovázet,accompany,ɐkˈʌmpəni,accompany,4120,5,,1
14343,dosáhnout,accomplish,ɐkˈɑːmplɪʃ,accomplish,4121,5,,1
14344,podle,according to,ɐkˈɔːɹdɪŋ tuː,according_to,4122,5,,1
14345,velryba,whale,wˈeɪl,whale,4123,5,,1
14346,mokřad,wetland,wˈɛtlənd,wetland,4124,5,,1
14347,na západ,westward,wˈɛstwɚd,westward,4125,5,,1
14348,dobře oblečený,well-dressed,wˈɛldɹˈɛst,welldressed,4126,5,,1
14349,zpráva,account,ɐkˈaʊnt,account,4127,5,,1
14350,účetní,accountant,ɐkˈaʊntənt,accountant,4128,5,,1
14351,vítat,welcome,wˈɛlkʌm,welcome,4129,5,,1
14352,podivný,weird,wˈɪɹd,weird,4130,5,,1
14353,přesnost,accuracy,ˈækjʊɹəsi,accuracy,4131,5,,1
14354,přesný,accurate,ˈækjʊɹət,accurate,4132,5,,1
14355,přesně,accurately,ˈækjʊɹətli,accurately,4133,5,,1
14356,webkamera,webcam,wˈɛbkæm,webcam,4134,5,,1
14357,předpověď počasí,weather forecast,wˈɛðɚ fˈɔːɹkæst,weather_forecast,4135,5,,1
14358,obvinit,accuse,ɐkjˈuːz,accuse,4136,5,,1
14359,zbraň,weapon,wˈɛpən,weapon,4137,5,,1
14360,slabost,weakness,wˈiːknəs,weakness,4138,5,,1
14361,kdykoli,whenever,wɛnˈɛvɚ,whenever,4139,5,,1
14362,náhodné,accidental,ˌæksɪdˈɛntəl,accidental,4140,5,,1
14363,náhodou,accidentally,ˌæksɪdˈɛntəli,accidentally,4141,5,,1
14364,kdekoli,wherever,wɛɹˈɛvɚ,wherever,4142,5,,1
14365,surfování,windsurfing,wˈɪndsɜːfɪŋ,windsurfing,4143,5,,1
14366,čelní sklo,windscreen,wˈɪndskɹiːn,windscreen,4144,5,,1
14367,akademie,academy,ɐkˈædəmi,academy,4145,5,,1
14368,akademický,academic,ˌækədˈɛmɪk,academic,4146,5,,1
14369,ochota,willingness,wˈɪlɪŋnəs,willingness,4147,5,,1
14370,přízvuk,accent,ˈæksənt,accent,4148,5,,1
14371,divoce,wildly,wˈaɪldli,wildly,4149,5,,1
14372,divoká zvěř,wildlife,wˈaɪldlaɪf,wildlife,4150,5,,1
14373,rozšířený,widespread,wˈaɪdspɹɛd,widespread,4151,5,,1
14374,přijetí,acceptance,ɐksˈɛptəns,acceptance,4152,5,,1
14375,celek,whole,hˈoʊl,whole,4153,5,,1
14376,kdokoliv,whoever,huːˈɛvɚ,whoever,4154,5,,1
14377,přístupný,accessible,æksˈɛsəbəl,accessible,4155,5,,1
14378,pískat,whistle,wˈɪsəl,whistle,4156,5,,1
14379,šepot,whisper,wˈɪspɚ,whisper,4157,5,,1
14380,podle toho,whichever,wɪtʃˈɛvɚ,whichever,4159,5,,1
14381,přístup,access,ˈæksɛs,access,4160,5,,1
14382,příslušenství,accessory,ɐksˈɛsɚɹi,accessory,4161,5,,1
14383,zda,whether,wˈɛðɚ,whether,4162,5,,1
14384,vklad,deposit,dᵻpˈɑːzɪt,deposit,4163,5,,1
14385,unikátní,unique,juːnˈiːk,unique,4164,5,,1
14386,nezajímavý,uninteresting,ʌnˈɪntɚɹəstɪŋ,uninteresting,4165,5,,1
14387,dovolit si,afford,ɐfˈɔːɹd,afford,4166,5,,1
14388,žízeň,thirst,θˈɜːst,thirst,4167,5,,1
14389,poté,afterward,ˈæftɚwɚd,afterward,4168,5,,1
14390,teorie,theory,θˈiəɹi,theory,4169,5,,1
14391,poté,afterwards,ˈæftɚwɚdz,afterwards,4170,5,,1
14392,krádež,theft,θˈɛft,theft,4171,5,,1
14393,agenda,agenda,ɐdʒˈɛndə,agenda,4172,5,,1
14394,vděčný,thankful,θˈæŋkfəl,thankful,4173,5,,1
14395,agresivní,aggressive,ɐɡɹˈɛsɪv,aggressive,4174,5,,1
14396,teror,terror,tˈɛɹɚ,terror,4175,5,,1
14397,terorismus,terrorism,tˈɛɹɚɹˌɪzəm,terrorism,4176,5,,1
14398,vyděšený,terrified,tˈɛɹᵻfˌaɪd,terrified,4177,5,,1
14399,úžasný,terrific,tɚɹˈɪfɪk,terrific,4178,5,,1
14400,strašně,terribly,tˈɛɹᵻbli,terribly,4179,5,,1
14401,období,term,tˈɜːm,term,4180,5,,1
14402,terminál,terminal,tˈɜːmɪnəl,terminal,4181,5,,1
14403,stan,tent,tˈɛnt,tent,4182,5,,1
14404,napětí,tension,tˈɛnʃən,tension,4183,5,,1
14405,důkladný,thorough,θˈʌɹoʊ,thorough,4184,5,,1
14406,napjatý,tense,tˈɛns,tense,4185,5,,1
14407,náklonnost,affection,ɐfˈɛkʃən,affection,4186,5,,1
14408,hrozivý,threatening,θɹˈɛʔn̩ɪŋ,threatening,4187,5,,1
11491,cín,tin,tˈɪn,tin,4188,5,,1
14409,včasné,timely,tˈaɪmli,timely,4189,5,,1
14410,dlaždice,tile,tˈaɪl,tile,4190,5,,1
14411,těsně,tightly,tˈaɪtli,tightly,4191,5,,1
14412,utáhnout,tighten,tˈaɪʔn̩,tighten,4192,5,,1
14413,kravat,tie,tˈaɪ,tie,4193,5,,1
14414,slapy,tide,tˈaɪd,tide,4194,5,,1
14415,tikat,tick,tˈɪk,tick,4195,5,,1
14416,klíště,tick,tˈɪk,tick,4196,5,,1
14417,tedy,thus,ðˈʌs,thus,4197,5,,1
14418,poradce,advisor,ɐdvˈaɪzɚ,advisor,4198,5,,1
14419,hromový,thunderous,θˈʌndɚɹəs,thunderous,4199,5,,1
14420,bouchnout,thump,θˈʌmp,thump,4200,5,,1
14421,palec,thumb,θˈʌm,thumb,4201,5,,1
14422,aerobik,aerobics,ɛɹˈoʊbɪks,aerobics,4202,5,,1
14423,po celou dobu,throughout,θɹuːˈaʊt,throughout,4203,5,,1
14424,thriller,thriller,θɹˈɪlɚ,thriller,4204,5,,1
14425,ovlivnit,affect,ɐfˈɛkt,affect,4205,5,,1
14426,ohrožení,threat,θɹˈɛt,threat,4206,5,,1
14427,tendence,tendency,tˈɛndənsi,tendency,4207,5,,1
14428,inklinovat,tend,tˈɛnd,tend,4208,5,,1
14429,pokoušet,tempt,tˈɛmpt,tempt,4209,5,,1
14430,koberec,carpet,kˈɑːɹpɪt,carpet,4210,5,,1
19602,chuť,taste,tˈeɪst,taste,4211,5,,1
14431,bez chuti,tasteless,tˈeɪstləs,tasteless,4212,5,,1
14432,kočár,carriage,kˈæɹɪdʒ,carriage,4213,5,,1
14433,lepenková krabice,carton,kˈɑːɹtən,carton,4214,5,,1
14434,rakovina,cancer,kˈænsɚ,cancer,4215,5,,1
14435,zrušit,cancel,kˈænsəl,cancel,4216,5,,1
14436,pokladna,cashpoint,kˈæʃpɔɪnt,cashpoint,4217,5,,1
14437,nahrát,tape,tˈeɪp,tape,4218,5,,1
14438,neformální,casual,kˈæʒuːəl,casual,4219,5,,1
14439,kanál,canal,kənˈæl,canal,4220,5,,1
14440,nádrž,tank,tˈæŋk,tank,4221,5,,1
14441,kategorie,category,kˈæɾɪɡɚɹi,category,4222,5,,1
14442,kategorizovat,categorise,kˈæɾɪɡɚɹˌaɪz,categorise,4223,5,,1
14443,klimatizace,air conditioning,ˈɛɹ kəndˈɪʃənɪŋ,air_conditioning,4224,5,,1
14444,hovorný,talkative,tˈɔːkətˌɪv,talkative,4225,5,,1
14445,letectvo,air force,ˈɛɹ fˈɔːɹs,air_force,4226,5,,1
14446,chutný,tasty,tˈeɪsti,tasty,4227,5,,1
14447,neopatrný,careless,kˈɛɹləs,careless,4228,5,,1
14448,nedbale,carelessly,kˈɛɹləsli,carelessly,4229,5,,1
14449,neopatrnost,carelessness,kˈɛɹləsnəs,carelessness,4230,5,,1
14450,dočasný,temporary,tˈɛmpɚɹˌɛɹi,temporary,4231,5,,1
14451,zmírnit,temper,tˈɛmpɚ,temper,4232,5,,1
14452,pokladník,teller,tˈɛlɚ,teller,4233,5,,1
14453,dohoda,agreement,ɐɡɹˈiːmənt,agreement,4234,5,,1
14454,zemědělství,agriculture,ˈæɡɹɪkˌʌltʃɚ,agriculture,4235,5,,1
14455,zemědělský,agricultural,ˌæɡɹɪkˈʌltʃɚɹəl,agricultural,4236,5,,1
14456,telegram,telegram,tˈɛlᵻɡɹˌæm,telegram,4237,5,,1
14457,telekomunikace,telecommunications,tˌɛlᵻkəmjˌuːnɪkˈeɪʃənz,telecommunications,4238,5,,1
14458,maličký,tiny,tˈaɪni,tiny,4239,5,,1
14459,technologický,technological,tˌɛknəlˈɑːdʒɪkəl,technological,4240,5,,1
14460,vtipálek,tease,tˈiːz,tease,4241,5,,1
14461,slza,tear,tˈɪɹ,tear,4242,5,,1
14462,týmová práce,teamwork,tˈiːmwɜːk,teamwork,4243,5,,1
14463,spoluhráč,teammate,tˈiːmeɪt,teammate,4244,5,,1
14464,pomáhat,aid,ˈeɪd,aid,4245,5,,1
14465,pomoc,aid,ˈeɪd,aid,4246,5,,1
14466,výuka,teaching,tˈiːtʃɪŋ,teaching,4247,5,,1
14467,cíl,aim,ˈeɪm,aim,4248,5,,1
14468,daň,tax,tˈæks,tax,4249,5,,1
14469,technika,technique,tɛknˈiːk,technique,4250,5,,1
14470,únavné,tiring,tˈaɪɚɹɪŋ,tiring,4251,5,,1
14471,neuvěřitelný,unbelievable,ʌnbᵻlˈiːvəbəl,unbelievable,4252,5,,1
14472,nebojácný,unafraid,ʌnɐfɹˈeɪd,unafraid,4253,5,,1
14473,neschopný,unable,ʌnˈeɪbəl,unable,4254,5,,1
14474,oslovit,address,ɐdɹˈɛs,address,4255,5,,1
14475,typický,typical,tˈɪpɪkəl,typical,4256,5,,1
14476,obvykle,typically,tˈɪpɪkli,typically,4257,5,,1
14477,psát na stroji,type,tˈaɪp,type,4258,5,,1
14478,adresát,addressee,ɐdɹˈɛsiː,addressee,4259,5,,1
14479,kroutit,twist,twˈɪst,twist,4260,5,,1
14480,krut,twist,twˈɪst,twist,4261,5,,1
14481,dvojče,twin,twˈɪn,twin,4262,5,,1
14482,želva,turtle,tˈɜːɾəl,turtle,4263,5,,1
14483,soustružení,turning,tˈɜːnɪŋ,turning,4264,5,,1
14484,správa,administration,ɐdmˌɪnɪstɹˈeɪʃən,administration,4265,5,,1
14485,turbulence,turbulence,tˈɜːbjʊləns,turbulence,4266,5,,1
14486,tuňák,tuna,tˈuːnə,tuna,4267,5,,1
14487,pád,tumble,tˈʌmbəl,tumble,4268,5,,1
14488,obdiv,admiration,ˌædmɚɹˈeɪʃən,admiration,4269,5,,1
14489,důvěryhodný,trustworthy,tɹˈʌstwɜːði,trustworthy,4270,5,,1
14490,nejistota,uncertainty,ʌnsˈɜːtənti,uncertainty,4271,5,,1
14491,trubka,trumpet,tɹˈʌmpɪt,trumpet,4272,5,,1
14492,nejasný,unclear,ʌŋklˈɪɹ,unclear,4273,5,,1
14493,odhalit,uncover,ʌŋkˈʌvɚ,uncover,4274,5,,1
14494,bez zájmu,uninterested,ʌnˈɪntɚɹəstᵻd,uninterested,4275,5,,1
14495,neslýchaný,unheard,ʌnhˈɜːd,unheard,4276,5,,1
14496,nepřátelský,unfriendly,ʌnfɹˈɛndli,unfriendly,4277,5,,1
14497,nešťastný,unfortunate,ʌnfˈɔːɹtʃənət,unfortunate,4278,5,,1
14498,rozvinout,unfold,ʌnfˈoʊld,unfold,4279,5,,1
14499,nevhodný,unfit,ʌnfˈɪt,unfit,4280,5,,1
14500,nespravedlivě,unfairly,ʌnfˈɛɹli,unfairly,4281,5,,1
14501,neočekávané,unexpected,ˌʌnɛkspˈɛktᵻd,unexpected,4282,5,,1
14502,nečekaně,unexpectedly,ˌʌnɛkspˈɛktᵻdli,unexpectedly,4283,5,,1
14503,nezaměstnanost,unemployment,ʌnɛmplˈɔɪmənt,unemployment,4284,5,,1
14504,nezaměstnaný,unemployed,ʌnɛmplˈɔɪd,unemployed,4285,5,,1
14505,svléknout,undress,ʌndɹˈɛs,undress,4286,5,,1
14506,vrátit zpět,undo,ʌndˈuː,undo,4287,5,,1
14507,spodky,underpants,ˌʌndɚpˈænts,underpants,4288,5,,1
14508,pod,underneath,ˌʌndɚnˈiːθ,underneath,4289,5,,1
14509,podstoupit,undergo,ˌʌndɚɡˈoʊ,undergo,4290,5,,1
14510,nezletilý,underage,ˌʌndɚɹˈeɪdʒ,underage,4291,5,,1
14511,neovladatelný,uncontrollable,ʌŋkəntɹˈoʊləbəl,uncontrollable,4292,5,,1
14512,přijetí,admission,ɐdmˈɪʃən,admission,4293,5,,1
14513,trápit,trouble,tɹˈʌbəl,trouble,4294,5,,1
14514,tropický,tropical,tɹˈɑːpɪkəl,tropical,4295,5,,1
14515,tepláky,tracksuit,tɹˈæksuːt,tracksuit,4296,5,,1
14516,stopa,trace,tɹˈeɪs,trace,4297,5,,1
14517,turnaj,tournament,tˈʊɹnəmənt,tournament,4298,5,,1
14518,cestovní ruch,tourism,tˈʊɹɹɪzəm,tourism,4299,5,,1
14519,dotýkat,touch,tˈʌtʃ,touch,4300,5,,1
14520,součet,total,tˈoʊɾəl,total,4301,5,,1
14521,celkový,total,tˈoʊɾəl,total,4302,5,,1
14522,naprosto,totally,tˈoʊɾəli,totally,4303,5,,1
14523,hodit,toss,tˈɔs,toss,4304,5,,1
14524,tornádo,tornado,tɔːɹnˈeɪdoʊ,tornado,4305,5,,1
14525,nahoře,top,tˈɑːp,top,4306,5,,1
14526,zubní pasta,toothpaste,tˈuːθpeɪst,toothpaste,4307,5,,1
14527,jazyk,tongue,tˈʌŋ,tongue,4308,5,,1
14528,příslovce,adverb,ˈædvɜːb,adverb,4309,5,,1
14529,adverbiální,adverbial,ædvˈɜːbɪəl,adverbial,4310,5,,1
14530,tabák,tobacco,təbˈækoʊ,tobacco,4311,5,,1
14531,inzerát,advert,ˈædvɜːt,advert,4312,5,,1
14532,tkáň,tissue,tˈɪʃuː,tissue,4313,5,,1
14533,tradičně,traditionally,tɹɐdˈɪʃənəli,traditionally,4314,5,,1
14534,dopravní zácpa,traffic jam,tɹˈæfɪk dʒˈæm,traffic_jam,4315,5,,1
14535,tragédie,tragedy,tɹˈædʒədi,tragedy,4316,5,,1
14536,tragický,tragic,tɹˈædʒɪk,tragic,4317,5,,1
14537,triumf,triumph,tɹˈaɪʌmf,triumph,4318,5,,1
14538,přijmout,adopt,ɐdˈɑːpt,adopt,4319,5,,1
14539,oříznout,trim,tɹˈɪm,trim,4320,5,,1
14540,spustit,trigger,tɹˈɪɡɚ,trigger,4321,5,,1
14541,trend,trend,tɹˈɛnd,trend,4322,5,,1
14542,obrovský,tremendous,tɹəmˈɛndəs,tremendous,4323,5,,1
14543,třást se,tremble,tɹˈɛmbəl,tremble,4324,5,,1
14544,léčit,treat,tɹˈiːt,treat,4325,5,,1
14545,zacházení,treatment,tɹˈiːtmənt,treatment,4326,5,,1
14546,cestovní kancelář,travel agent,tɹˈævəl ˈeɪdʒənt,travel_agent,4327,5,,1
14547,doprava,transport,tɹˈænspɔːɹt,transport,4328,5,,1
14548,přeprava,transportation,tɹænspɔːɹtˈeɪʃən,transportation,4329,5,,1
14549,přeložit,translate,tɹænslˈeɪt,translate,4330,5,,1
14550,přechodný,transitional,tɹænsˈɪʃənəl,transitional,4331,5,,1
14551,transformovat,transform,tɹænsfˈɔːɹm,transform,4332,5,,1
14552,transformace,transformation,tɹænsfɔːɹmˈeɪʃən,transformation,4333,5,,1
14553,převádět,transfer,tɹˈænsfɜː,transfer,4334,5,,1
14554,rozkošný,adorable,ɐdˈɔːɹəbəl,adorable,4335,5,,1
14555,stezka,trail,tɹˈeɪl,trail,4336,5,,1
14556,odpadky,trash,tɹˈæʃ,trash,4337,5,,1
14557,depresivní,depressed,dᵻpɹˈɛst,depressed,4338,5,,1
14558,podpůrný,supportive,səpˈɔːɹɾɪv,supportive,4339,5,,1
14559,kurz,exchange rate,ɛkstʃˈeɪndʒ ɹˈeɪt,exchange_rate,4340,5,,1
14560,obohatit,enrich,ɛnɹˈɪtʃ,enrich,4341,5,,1
14561,zajistit,ensure,ɛnʃˈʊɹ,ensure,4342,5,,1
14562,konferenciér,entertainer,ˌɛntɚtˈeɪnɚ,entertainer,4343,5,,1
14563,nadšení,enthusiasm,ɛnθˈuːziˌæzəm,enthusiasm,4344,5,,1
14564,nadšenec,enthusiast,ɛnθˈuːziˌæst,enthusiast,4345,5,,1
14565,nadšený,enthusiastic,ɛnθˌuːziˈæstɪk,enthusiastic,4346,5,,1
14566,celý,entire,ɛntˈaɪɚ,entire,4347,5,,1
14567,požitek,enjoyment,ɛndʒˈɔɪmənt,enjoyment,4348,5,,1
14568,zcela,entirely,ɛntˈaɪɚli,entirely,4349,5,,1
14569,vstup,entry,ˈɛntɹi,entry,4350,5,,1
14570,životního prostředí,environmental,ɛnvˌaɪɹənmˈɛntəl,environmental,4351,5,,1
14571,ekolog,environmentalist,ɛnvˌaɪɹənmˈɛntəlˌɪst,environmentalist,4352,5,,1
14572,rovnost,equality,iːkwˈɔlᵻɾi,equality,4353,5,,1
14573,stejně,equally,ˈiːkwəli,equally,4354,5,,1
14574,zařízení,equipment,ɪkwˈɪpmənt,equipment,4355,5,,1
14575,éra,era,ˈiəɹə,era,4356,5,,1
14576,kýchnutí,sneeze,snˈiːz,sneeze,4357,5,,1
14577,kuřák,smoker,smˈoʊkɚ,smoker,4358,5,,1
14578,příjemný,enjoyable,ɛndʒˈɔɪəbəl,enjoyable,4359,5,,1
14579,inženýrství,engineering,ˌɛndʒɪnˈɪɹɪŋ,engineering,4360,5,,1
14580,říše,empire,ˈɛmpaɪɚ,empire,4361,5,,1
14581,zaměstnat,employ,ɛmplˈɔɪ,employ,4362,5,,1
14582,zaměstnanost,employment,ɛmplˈɔɪmənt,employment,4363,5,,1
14583,umožnit,enable,ɛnˈeɪbəl,enable,4364,5,,1
14584,přiložit,enclose,ɛŋklˈoʊz,enclose,4365,5,,1
14585,setkání,encounter,ɛŋkˈaʊntɚ,encounter,4366,5,,1
14586,telenovela,soap opera,sˈoʊp ˈɑːpɚɹə,soap_opera,4367,5,,1
14587,povzbuzení,encouragement,ɛŋkˈɜːɹɪdʒmənt,encouragement,4368,5,,1
14588,povzbudivý,encouraging,ɛŋkˈɜːɹɪdʒɪŋ,encouraging,4369,5,,1
14589,encyklopedie,encyclopaedia,ɛnsˌaɪkləpˈiːdiə,encyclopaedia,4370,5,,1
14590,nekonečný,endless,ˈɛndləs,endless,4371,5,,1
14591,vydržet,endure,ɛndˈʊɹ,endure,4372,5,,1
14592,chumelenice,snowstorm,snˈoʊstɔːɹm,snowstorm,4373,5,,1
14593,zapojit,engage,ɛŋɡˈeɪdʒ,engage,4374,5,,1
14594,zasnoubený,engaged,ɛŋɡˈeɪdʒd,engaged,4375,5,,1
14595,uniknout,escape,ɛskˈeɪp,escape,4376,5,,1
14596,esence,essence,ˈɛsəns,essence,4377,5,,1
14597,nepatrný,slight,slˈaɪt,slight,4378,5,,1
14598,zkouška,examination,ɛɡzˌæmᵻnˈeɪʃən,examination,4379,5,,1
14599,přezkoumat,examine,ɛɡzˈæmɪn,examine,4380,5,,1
14600,zkoušející,examiner,ɛɡzˈæmɪnɚ,examiner,4381,5,,1
14601,pobočka,branch,bɹˈæntʃ,branch,4382,5,,1
14602,rukáv,sleeve,slˈiːv,sleeve,4383,5,,1
14603,excelence,excellence,ˈɛksələns,excellence,4384,5,,1
14604,přebytek,excess,ɛksˈɛs,excess,4385,5,,1
14605,vyměnit,exchange,ɛkstʃˈeɪndʒ,exchange,4386,5,,1
14606,vzrušeně,excitedly,ɛksˈaɪɾɪdli,excitedly,4387,5,,1
14607,vzrušení,excitement,ɛksˈaɪtmənt,excitement,4388,5,,1
14608,výhradní,exclusive,ɛksklˈuːsɪv,exclusive,4389,5,,1
14609,brainstorming,brainstorming,bɹˈeɪnstɔːɹmɪŋ,brainstorming,4390,5,,1
14610,mrakodrap,skyscraper,skˈaɪskɹeɪpɚ,skyscraper,4391,5,,1
14611,vyčerpat,exhaust,ɛɡzˈɔːst,exhaust,4392,5,,1
14612,vyčerpaný,exhausted,ɛɡzˈɔːstᵻd,exhausted,4393,5,,1
14613,otroctví,slavery,slˈeɪvɚɹi,slavery,4394,5,,1
14614,zábavný,amusing,ɐmjˈuːzɪŋ,amusing,4395,5,,1
14615,mírně,slightly,slˈaɪtli,slightly,4396,5,,1
14616,evidentní,evident,ˈɛvɪdənt,evident,4397,5,,1
14617,základní,essential,ᵻsˈɛnʃəl,essential,4398,5,,1
14618,úsmívat se,smile,smˈaɪl,smile,4399,5,,1
14619,zřízení,establishment,ɪstˈæblɪʃmənt,establishment,4400,5,,1
14620,vonět,smell,smˈɛl,smell,4401,5,,1
14621,odhadovat,estimate,ˈɛstᵻmət,estimate,4402,5,,1
14622,věčný,eternal,ɪtˈɜːnəl,eternal,4403,5,,1
14623,věčnost,eternity,ɪtˈɜːnᵻɾi,eternity,4404,5,,1
14624,analyzovat,analyse,ˈænɐlˌaɪz,analyse,4405,5,,1
14625,analýza,analysis,ɐnˈæləsˌɪs,analysis,4406,5,,1
14626,uklouznout,slip,slˈɪp,slip,4407,5,,1
14627,dokonce,even,ˈiːvən,even,4408,5,,1
14628,rovnoměrně,evenly,ˈiːvənli,evenly,4409,5,,1
14629,nakonec,eventually,ᵻvˈɛntʃuːəli,eventually,4410,5,,1
14630,sklon,slope,slˈoʊp,slope,4411,5,,1
14631,heslo,slogan,slˈoʊɡən,slogan,4412,5,,1
14632,statečně,bravely,bɹˈeɪvli,bravely,4413,5,,1
14633,mosaz,brass,bɹˈæs,brass,4414,5,,1
14634,Zcela nový,brand-new,bɹˈændnˈuː,brandnew,4415,5,,1
14635,slot,slot,slˈɑːt,slot,4416,5,,1
14636,kůže,skin,skˈɪn,skin,4417,5,,1
14637,zdůraznit,emphasize,ˈɛmfɐsˌaɪz,emphasize,4418,5,,1
14638,císař,emperor,ˈɛmpɚɹɚ,emperor,4419,5,,1
14639,druhák,sophomore,sˈɑːfəmˌɔːɹ,sophomore,4420,5,,1
14640,skládka,dump,dˈʌmp,dump,4421,5,,1
14641,pustit k vodě,dump,dˈʌmp,dump,4422,5,,1
14642,uklidnit,soothe,sˈuːð,soothe,4423,5,,1
14643,popelnice,dustbin,dˈʌstbɪn,dustbin,4424,5,,1
14644,zaprášený,dusty,dˈʌsti,dusty,4425,5,,1
14645,bezcelní,duty-free,dˈuːɾifɹˈiː,dutyfree,4426,5,,1
14646,nudný,dull,dˈʌl,dull,4427,5,,1
14647,peřina,duvet,dˈuːveɪ,duvet,4428,5,,1
14648,dynastie,dynasty,dˈaɪnɐsti,dynasty,4429,5,,1
14649,dychtivý,eager,ˈiːɡɚ,eager,4430,5,,1
14650,dychtivost,eagerness,ˈiːɡɚnəs,eagerness,4431,5,,1
14651,bolest ucha,earache,ˈɪɹeɪk,earache,4432,5,,1
14652,množit,breed,bɹˈiːd,breed,4433,5,,1
14653,chov,breeding,bɹˈiːdɪŋ,breeding,4434,5,,1
14654,seriózní,earnest,ˈɜːnɪst,earnest,4435,5,,1
14655,někdy,sometime,sˈʌmtaɪm,sometime,4436,5,,1
14656,cihlový,brick,bɹˈɪk,brick,4437,5,,1
14657,východní,eastern,ˈiːstɚn,eastern,4438,5,,1
14658,bolavý,sore,sˈɔːɹ,sore,4439,5,,1
13702,opilý,drunk,dɹˈʌŋk,drunk,4440,5,,1
14659,dolů,downward,dˈaʊnwɚd,downward,4441,5,,1
14660,podřimovat,doze,dˈoʊz,doze,4442,5,,1
14661,tucet,dozen,dˈʌzən,dozen,4443,5,,1
14662,jižní,southern,sˈʌðɚn,southern,4444,5,,1
14663,táhnout,drag,dɹˈæɡ,drag,4445,5,,1
14664,jihovýchodní,southeast,sˈaʊθiːst,southeast,4446,5,,1
14665,vysílání,broadcast,bɹˈɔːdkæst,broadcast,4447,5,,1
14666,dramatický,dramatic,dɹəmˈæɾɪk,dramatic,4448,5,,1
14667,vole,dude,dˈuːd,dude,4449,5,,1
14668,kyselý,sour,sˈaʊɚ,sour,4450,5,,1
14669,široký,broad,bɹˈɔːd,broad,4451,5,,1
14670,duše,soul,sˈoʊl,soul,4452,5,,1
14671,zářivě,brightly,bɹˈaɪtli,brightly,4453,5,,1
14672,třídění,sort,sˈɔːɹt,sort,4454,5,,1
14673,stručný,brief,bɹˈiːf,brief,4455,5,,1
14674,krátce,briefly,bɹˈiːfli,briefly,4456,5,,1
14675,zármutek,sorrow,sˈɑːɹoʊ,sorrow,4457,5,,1
14676,utopit,drown,dɹˈaʊn,drown,4458,5,,1
14677,ohromit,amaze,ɐmˈeɪz,amaze,4459,5,,1
14678,úžasný,amazing,ɐmˈeɪzɪŋ,amazing,4460,5,,1
14679,důraz,emphasis,ˈɛmfəsɪs,emphasis,4461,5,,1
14680,někde,someplace,sˈʌmpleɪs,someplace,4462,5,,1
14681,ležérní,easy-going,ˈiːziɡˈoʊɪŋ,easygoing,4463,5,,1
14682,volby,election,ᵻlˈɛkʃən,election,4464,5,,1
14683,půda,soil,sˈɔɪl,soil,4465,5,,1
14684,elektrický,electrical,ᵻlˈɛktɹɪkəl,electrical,4466,5,,1
14685,elektřina,electricity,ᵻlɛktɹˈɪsᵻɾi,electricity,4467,5,,1
14686,elektron,electron,ᵻlˈɛktɹɑːn,electron,4468,5,,1
14687,elektronický,electronic,ᵻlɛktɹˈɑːnɪk,electronic,4469,5,,1
14688,živel,element,ˈɛlɪmənt,element,4470,5,,1
14689,průlom,breakthrough,bɹˈeɪkθɹuː,breakthrough,4471,5,,1
14690,koleno,elbow,ˈɛlboʊ,elbow,4472,5,,1
14691,odstranit,eliminate,ᵻlˈɪmᵻnˌeɪt,eliminate,4473,5,,1
14692,trapně,embarrass,ɛmbˈæɹəs,embarrass,4474,5,,1
14693,v rozpacích,embarrassed,ɛmbˈæɹəst,embarrassed,4475,5,,1
14694,rozpaky,embarrassment,ɛmbˈæɹəsmənt,embarrassment,4476,5,,1
14695,sociální sítě,social networking,sˈoʊʃəl nˈɛtwɜːkɪŋ,social_networking,4477,5,,1
14696,emoce,emotion,ɪmˈoʊʃən,emotion,4478,5,,1
14697,emocionální,emotional,ɪmˈoʊʃənəl,emotional,4479,5,,1
14698,citově,emotionally,ɪmˈoʊʃənəli,emotionally,4480,5,,1
14699,společensky,socially,sˈoʊʃəli,socially,4481,5,,1
14700,prsa,breast,bɹˈɛst,breast,4482,5,,1
14701,bezdechý,breathless,bɹˈɛθləs,breathless,4483,5,,1
14702,ambiciózní,ambitious,æmbˈɪʃəs,ambitious,4484,5,,1
14703,eko,eco,ˈiːkoʊ,eco,4485,5,,1
14704,ekologický,ecological,ˌɛkəlˈɑːdʒɪkəl,ecological,4486,5,,1
14705,nějak,somehow,sˈʌmhaʊ,somehow,4487,5,,1
14706,ekologie,ecology,ɛkˈɑːlədʒi,ecology,4488,5,,1
14707,ekonomika,economy,ɪkˈɑːnəmi,economy,4489,5,,1
14708,hospodářský,economic,ˌiːkənˈɑːmɪk,economic,4490,5,,1
14709,ekonomika,economics,ˌiːkənˈɑːmɪks,economics,4491,5,,1
14710,ambulance,ambulance,ˈæmbjʊləns,ambulance,4492,5,,1
14711,dech,breath,bɹˈɛθ,breath,4493,5,,1
14712,extáze,ecstasy,ˈɛkstəsi,ecstasy,4494,5,,1
14713,okraj,edge,ˈɛdʒ,edge,4495,5,,1
14714,vydání,edition,ᵻdˈɪʃən,edition,4496,5,,1
14715,efektivní,effective,ɪfˈɛktɪv,effective,4497,5,,1
14716,solidní,solid,sˈɑːlɪd,solid,4498,5,,1
14717,účinnost,efficiency,ɪfˈɪʃənsi,efficiency,4499,5,,1
14718,účinný,efficient,ɪfˈɪʃənt,efficient,4500,5,,1
14719,ekosystému,ecosystem,ˈiːkoʊsˌɪstəm,ecosystem,4501,5,,1
14720,přízemí,downstairs,dˈaʊnstɛɹz,downstairs,4502,5,,1
14721,existence,existence,ɛɡzˈɪstəns,existence,4503,5,,1
14722,odejít,exit,ˈɛɡzɪt,exit,4504,5,,1
14723,rybařit,fish,fˈɪʃ,fish,4505,5,,1
14724,namontovat,fit,fˈɪt,fit,4506,5,,1
14725,fitness,fitness,fˈɪtnəs,fitness,4507,5,,1
14726,zakrátko,shortly,ʃˈɔːɹtli,shortly,4508,5,,1
14727,nedostatek,shortage,ʃˈɔːɹɾɪdʒ,shortage,4509,5,,1
14728,výložník,boom,bˈuːm,boom,4510,5,,1
14729,otrávený,annoyed,ɐnˈɔɪd,annoyed,4511,5,,1
14730,záblesk,flash,flˈæʃ,flash,4512,5,,1
14731,bota,boot,bˈuːt,boot,4513,5,,1
14732,výroční,annual,ˈænjuːəl,annual,4514,5,,1
14733,nakupovat,shop,ʃˈɑːp,shop,4515,5,,1
14734,zákazník,shopper,ʃˈɑːpɚ,shopper,4516,5,,1
14735,každoročně,annually,ˈænjuːəli,annually,4517,5,,1
14736,plovat,float,flˈoʊt,float,4518,5,,1
14737,stádo,flock,flˈɑːk,flock,4519,5,,1
14738,potopa,flood,flˈʌd,flood,4520,5,,1
14739,tok,flow,flˈoʊ,flow,4521,5,,1
14740,téci,flow,flˈoʊ,flow,4522,5,,1
14741,chuť,flavour,flˈeɪvɚ,flavour,4523,5,,1
14742,chřipka,flu,flˈuː,flu,4524,5,,1
14743,nepříjemnost,annoyance,ɐnˈɔɪəns,annoyance,4525,5,,1
14744,první dáma,first lady,fˈɜːst lˈeɪdi,first_lady,4526,5,,1
14745,finanční,financial,faɪnˈænʃəl,financial,4527,5,,1
14746,nález,finding,fˈaɪndɪŋ,finding,4528,5,,1
14747,jemný,fine,fˈaɪn,fine,4529,5,,1
14748,krevety,shrimp,ʃɹˈɪmp,shrimp,4530,5,,1
14749,nuda,boredom,bˈɔːɹdəm,boredom,4531,5,,1
14750,otvor,bore,bˈɔːɹ,bore,4532,5,,1
14751,oznámit,announce,ɐnˈaʊns,announce,4533,5,,1
14752,první patro,first-floor,fˈɜːstflˈɔːɹ,firstfloor,4534,5,,1
14753,hasičská zbrojnice,fire station,fˈaɪɚ stˈeɪʃən,fire_station,4535,5,,1
14754,oznámení,announcement,ɐnˈaʊnsmənt,announcement,4536,5,,1
14755,ohňostroj,firework,fˈaɪɚwɜːk,firework,4537,5,,1
14756,upevnit,firm,fˈɜːm,firm,4538,5,,1
14757,pevný,firm,fˈɜːm,firm,4539,5,,1
14758,pevně,firmly,fˈɜːmli,firmly,4540,5,,1
14759,pohraniční,border,bˈɔːɹdɚ,border,4541,5,,1
11492,křičet,shout,ʃˈaʊt,shout,4542,5,,1
14760,první patro,first floor,fˈɜːst flˈɔːɹ,first_floor,4543,5,,1
14761,hasič,firefighter,fˈaɪɚfaɪɾɚ,firefighter,4544,5,,1
14762,financovat,finance,fˈaɪnæns,finance,4545,5,,1
14763,plynulý,fluent,flˈuːənt,fluent,4546,5,,1
14764,šokující,shocking,ʃˈɑːkɪŋ,shocking,4547,5,,1
14765,odpustit,forgive,fɚɡˈɪv,forgive,4548,5,,1
14766,pouto,bond,bˈɑːnd,bond,4549,5,,1
14767,tvarovat,form,fˈɔːɹm,form,4550,5,,1
14768,formální,formal,fˈɔːɹməl,formal,4551,5,,1
14769,formálně,formally,fˈɔːɹməli,formally,4552,5,,1
14770,formát,format,fˈɔːɹmæt,format,4553,5,,1
14771,naformátovat,format,fˈɔːɹmæt,format,4554,5,,1
14772,bývalý,former,fˈɔːɹmɚ,former,4555,5,,1
14773,přístřeší,shelter,ʃˈɛltɚ,shelter,4556,5,,1
14774,list,sheet,ʃˈiːt,sheet,4557,5,,1
14775,dále,forth,fˈɔːɹθ,forth,4558,5,,1
14776,naprostý,sheer,ʃˈɪɹ,sheer,4559,5,,1
14777,čtrnáct dní,fortnight,fˈɔːɹtnaɪt,fortnight,4560,5,,1
14778,štěstí,fortunate,fˈɔːɹtʃənət,fortunate,4561,5,,1
11493,mravenec,ant,ˈænt,ant,4562,5,,1
14779,nadace,foundation,faʊndˈeɪʃən,foundation,4563,5,,1
14780,kašna,fountain,fˈaʊntɪn,fountain,4564,5,,1
14781,oholení,shave,ʃˈeɪv,shave,4565,5,,1
14782,vzorec,formula,fˈɔːɹmjʊlə,formula,4566,5,,1
14783,plynně,fluently,flˈuːəntli,fluently,4567,5,,1
14784,šerif,sheriff,ʃˈɛɹɪf,sheriff,4568,5,,1
14785,předpověď,forecast,fˈɔːɹkæst,forecast,4569,5,,1
14786,propadnout,flunk,flˈʌŋk,flunk,4570,5,,1
14787,flétna,flute,flˈuːt,flute,4571,5,,1
14788,šokován,shocked,ʃˈɑːkt,shocked,4572,5,,1
14789,zachvění,shiver,ʃˈɪvɚ,shiver,4573,5,,1
13304,složit,fold,fˈoʊld,fold,4574,5,,1
14790,záhyb,fold,fˈoʊld,fold,4575,5,,1
14791,lidový,folk,fˈoʊk,folk,4576,5,,1
14792,rezervace,booking,bˈʊkɪŋ,booking,4577,5,,1
14793,čelo,forehead,fˈɔːɹhɛd,forehead,4578,5,,1
14794,dopravovat lodí,ship,ʃˈɪp,ship,4579,5,,1
14795,záliba,fondness,fˈɑːndnəs,fondness,4580,5,,1
14796,pobláznit,fool,fˈuːl,fool,4581,5,,1
14797,pošetilý,foolish,fˈuːlɪʃ,foolish,4582,5,,1
14798,lesklý,shiny,ʃˈaɪni,shiny,4583,5,,1
14799,rezervovat,book,bˈʊk,book,4584,5,,1
14800,zakázáno,forbidden,fɚbˈɪdən,forbidden,4585,5,,1
14801,řadit,shift,ʃˈɪft,shift,4586,5,,1
14802,rád,fond,fˈɑːnd,fond,4587,5,,1
14803,výstup,exit,ˈɛɡzɪt,exit,4588,5,,1
14804,filtr,filter,fˈɪltɚ,filter,4589,5,,1
14805,blána,film,fˈɪlm,film,4590,5,,1
14806,potopit,sink,sˈɪŋk,sink,4591,5,,1
14807,zrak,eyesight,ˈaɪsaɪt,eyesight,4592,5,,1
14808,svobodný,single,sˈɪŋɡəl,single,4593,5,,1
14809,tváří v tvář,face to face,fˈeɪs tə fˈeɪs,face_to_face,4594,5,,1
14810,zařízení,facility,fəsˈɪlᵻɾi,facility,4595,5,,1
14811,náramek,bracelet,bɹˈeɪslɪt,bracelet,4596,5,,1
14812,vyblednout,fade,fˈeɪd,fade,4597,5,,1
14813,selhání,failure,fˈeɪlɪɹ,failure,4598,5,,1
14814,úhel,angle,ˈæŋɡəl,angle,4599,5,,1
14815,slabý,faint,fˈeɪnt,faint,4600,5,,1
14816,víra,faith,fˈeɪθ,faith,4601,5,,1
14817,věřící,faithful,fˈeɪθfəl,faithful,4602,5,,1
14818,falešný,fake,fˈeɪk,fake,4603,5,,1
14819,podzim,fall,fˈɔːl,fall,4604,5,,1
14820,padlý,fallen,fˈɔːlən,fallen,4605,5,,1
14821,simultánní,simultaneous,sˌaɪməltˈeɪniəs,simultaneous,4606,5,,1
14822,zároveň,simultaneously,sˌaɪməltˈeɪniəsli,simultaneously,4607,5,,1
14823,box,boxing,bˈɑːksɪŋ,boxing,4608,5,,1
14824,představit si,fancy,fˈænsi,fancy,4609,5,,1
14825,zjednodušit,simplify,sˈɪmplᵻfˌaɪ,simplify,4610,5,,1
14826,fantazie,fantasy,fˈæntəsi,fantasy,4611,5,,1
14827,extrémní sporty,extreme sports,ɛkstɹˈiːm spˈɔːɹts,extreme_sports,4612,5,,1
14828,mimořádný,extraordinary,ɛkstɹˈɔːɹdɪnˌɛɹi,extraordinary,4613,5,,1
14829,rozšířit,expand,ɛkspˈænd,expand,4614,5,,1
14830,lyžovat,ski,skˈiː,ski,4615,5,,1
14831,zkoušet,experiment,ɛkspˈɛɹɪmənt,experiment,4616,5,,1
14832,zkušený,experienced,ɛkspˈiəɹɪənst,experienced,4617,5,,1
14833,kostra,skeleton,skˈɛlᵻtən,skeleton,4618,5,,1
14834,průzkum,exploration,ɛksplɔːɹˈeɪʃən,exploration,4619,5,,1
14835,extrémní,extreme,ɛkstɹˈiːm,extreme,4620,5,,1
14836,výbuch,explosion,ɛksplˈoʊʒən,explosion,4621,5,,1
14837,vystavit,expose,ɛkspˈoʊz,expose,4622,5,,1
14838,rozšířit,extend,ɛkstˈɛnd,extend,4624,5,,1
14839,rozsáhle,extensively,ɛkstˈɛnsɪvli,extensively,4625,5,,1
14840,rozsah,extent,ɛkstˈɛnt,extent,4626,5,,1
14841,vyhynulý,extinct,ɛkstˈɪŋkt,extinct,4627,5,,1
14842,zánik,extinction,ɛkstˈɪŋkʃən,extinction,4628,5,,1
14843,hněv,anger,ˈæŋɡɚ,anger,4629,5,,1
14844,bruslit,skate,skˈeɪt,skate,4630,5,,1
14845,filmař,film-maker,fˈɪlmmˈeɪkɚ,filmmaker,4631,5,,1
14846,nepřítomný,faraway,fˌɑːɹɹəwˈeɪ,faraway,4632,5,,1
14847,hrát bowling,bowl,bˈoʊl,bowl,4633,5,,1
14848,druh,fellow,fˈɛloʊ,fellow,4634,5,,1
14849,podpis,signature,sˈɪɡnɪtʃɚ,signature,4635,5,,1
14850,trajekt,ferry,fˈɛɹi,ferry,4636,5,,1
14851,signál,signal,sˈɪɡnəl,signal,4637,5,,1
14852,podepsat,sign,sˈaɪn,sign,4638,5,,1
14853,slavnostní,festive,fˈɛstɪv,festive,4639,5,,1
14854,vynést,fetch,fˈɛtʃ,fetch,4640,5,,1
14855,horečně,feverishly,fˈiːvɚɹɪʃli,feverishly,4641,5,,1
14856,význam,significance,sɪɡnˈɪfɪkəns,significance,4642,5,,1
14857,obtěžovat,bother,bˈɑːðɚ,bother,4644,5,,1
14858,pátý,fifth,fˈɪfθ,fifth,4645,5,,1
14859,povzdech,sigh,sˈaɪ,sigh,4646,5,,1
14860,chodník,sidewalk,sˈaɪdwɔːk,sidewalk,4647,5,,1
14861,animace,animation,ˌænɪmˈeɪʃən,animation,4648,5,,1
14862,nemoc,sickness,sˈɪknəs,sickness,4649,5,,1
14863,plnicí,filling,fˈɪlɪŋ,filling,4650,5,,1
14864,animovaný,animated,ˈænɪmˌeɪɾᵻd,animated,4651,5,,1
14865,rozloučení,farewell,fɛɹwˈɛl,farewell,4652,5,,1
14866,vepřové,pork,pˈɔːɹk,pork,4653,5,,1
14867,rozcestník,signpost,sˈaɪnpoʊst,signpost,4654,5,,1
14868,zemědělství,farming,fˈɑːɹmɪŋ,farming,4655,5,,1
14869,zemědělská půda,farmland,fˈɑːɹmlənd,farmland,4656,5,,1
14870,dál,farther,fˈɑːɹðɚ,farther,4657,5,,1
14871,nejdále,farthest,fˈɑːɹðɪst,farthest,4658,5,,1
14872,módní,fashionable,fˈæʃənəbəl,fashionable,4659,5,,1
14873,podobně,similarly,sˈɪmɪlɚli,similarly,4660,5,,1
14874,luk,bow,bˈoʊ,bow,4661,5,,1
14875,připevnit,fasten,fˈæsən,fasten,4662,5,,1
14876,vázaný,bound,bˈaʊnd,bound,4663,5,,1
14877,příznivý,favourable,fˈeɪvɚɹəbəl,favourable,4664,5,,1
14878,odskočit,bounce,bˈaʊns,bounce,4665,5,,1
14879,fax,fax,fˈæks,fax,4666,5,,1
14880,hedvábí,silk,sˈɪlk,silk,4667,5,,1
14881,svátek,feast,fˈiːst,feast,4668,5,,1
14882,podobnost,similarity,sˌɪmɪlˈæɹᵻɾi,similarity,4669,5,,1
14883,jihozápadní,southwest,saʊθwˈɛst,southwest,4670,5,,1
14884,lišit,differ,dˈɪfɚ,differ,4671,5,,1
14885,katastrofa,disaster,dɪzˈæstɚ,disaster,4672,5,,1
14886,dialog,dialogue,dˈaɪəlɑːɡ,dialogue,4673,5,,1
14887,katastrofální,disastrous,dɪzˈæstɹəs,disastrous,4674,5,,1
14888,vytočit telefon,dial,dˈaɪəl,dial,4675,5,,1
14889,designový,designer,dɪzˈaɪnɚ,designer,4676,5,,1
14890,skok,dive,dˈaɪv,dive,4677,5,,1
14891,dokumentární,documentary,dˌɑːkjuːmˈɛntɚɹi,documentary,4678,5,,1
14892,odradit,discourage,dɪskˈɜːɹɪdʒ,discourage,4679,5,,1
14893,objev,discovery,dɪskˈʌvɚɹi,discovery,4680,5,,1
14894,rozdělit,split,splˈɪt,split,4681,5,,1
14895,brokolice,broccoli,bɹˈɑːkəli,broccoli,4682,5,,1
14896,zobrazit,display,dɪsplˈeɪ,display,4683,5,,1
14897,rušení,disturbance,dɪstˈɜːbəns,disturbance,4684,5,,1
14898,odhodlání,determination,dɪtˌɜːmᵻnˈeɪʃən,determination,4685,5,,1
14899,rozvoj,development,dɪvˈɛləpmənt,development,4686,5,,1
14900,diskriminace,discrimination,dɪskɹˌɪmᵻnˈeɪʃən,discrimination,4687,5,,1
14901,nesouhlas,disagreement,dˌɪsɐɡɹˈiːmənt,disagreement,4688,5,,1
14902,vzdálený,distant,dˈɪstənt,distant,4689,5,,1
14903,určit,determine,dɪtˈɜːmɪn,determine,4690,5,,1
14904,mít odpor,dislike,dɪslˈaɪk,dislike,4691,5,,1
14905,rozdíl,distinction,dɪstˈɪŋkʃən,distinction,4692,5,,1
14906,delfín,dolphin,dˈɑːlfɪn,dolphin,4693,5,,1
14907,bratrství,brotherhood,bɹˈʌðɚhˌʊd,brotherhood,4694,5,,1
14908,digitální,digital,dˈɪdʒɪɾəl,digital,4695,5,,1
14909,rozlišovat,distinguish,dɪstˈɪŋɡwɪʃ,distinguish,4696,5,,1
14910,koule,sphere,sfˈɪɹ,sphere,4697,5,,1
14911,bronz,bronze,bɹˈɑːnz,bronze,4698,5,,1
14912,předěl,divide,dᵻvˈaɪd,divide,4699,5,,1
14913,rozmanité,diverse,daɪvˈɜːs,diverse,4700,5,,1
14914,stánek,stall,stˈɔːl,stall,4701,5,,1
14915,norma,standard,stˈændɚd,standard,4702,5,,1
14916,zoufalství,despair,dᵻspˈɛɹ,despair,4703,5,,1
14917,potápěč,diver,dˈaɪvɚ,diver,4704,5,,1
14918,špenát,spinach,spˈɪnɪtʃ,spinach,4705,5,,1
14919,božský,divine,dᵻvˈaɪn,divine,4706,5,,1
14920,spirála,spiral,spˈaɪɚɹəl,spiral,4707,5,,1
14921,potápění,diving,dˈaɪvɪŋ,diving,4708,5,,1
14922,duch,spirit,spˈɪɹɪt,spirit,4709,5,,1
14923,sleva,discount,dˈɪskaʊnt,discount,4710,5,,1
14924,alternativní,alternative,ɔːltˈɜːnətˌɪv,alternative,4711,5,,1
14925,pavouk,spider,spˈaɪdɚ,spider,4712,5,,1
14926,spektakulární,spectacular,spɛktˈækjʊlɚ,spectacular,4713,5,,1
14927,zoufalý,desperate,dˈɛspɚɹət,desperate,4714,5,,1
14928,duchovní,spiritual,spˈɪɹɪtʃˌuːəl,spiritual,4715,5,,1
14929,koření,spice,spˈaɪs,spice,4716,5,,1
14930,pikantní,spicy,spˈaɪsi,spicy,4717,5,,1
14931,stabilní,stable,stˈeɪbəl,stable,4718,5,,1
14932,touha,desire,dɪzˈaɪɚ,desire,4719,5,,1
14933,bublina,bubble,bˈʌbəl,bubble,4720,5,,1
14934,zklamat,disappoint,dˌɪsɐpˈɔɪnt,disappoint,4721,5,,1
14935,zklamání,disappointment,dˌɪsɐpˈɔɪntmənt,disappointment,4722,5,,1
14936,rozvést,divorce,dᵻvˈɔːɹs,divorce,4723,5,,1
14937,rozvedený,divorced,dᵻvˈɔːɹst,divorced,4724,5,,1
14938,detektivní,detective,dɪtˈɛktɪv,detective,4725,5,,1
14939,rozpustit,dissolve,dɪsˈɑːlv,dissolve,4726,5,,1
14940,divák,spectator,spɛktˈeɪɾɚ,spectator,4727,5,,1
14941,speciálně,specially,spˈɛʃəli,specially,4728,5,,1
14942,zřetelně,distinctly,dɪstˈɪŋktli,distinctly,4729,5,,1
14943,pravopis,spelling,spˈɛlɪŋ,spelling,4730,5,,1
14944,pilný,diligent,dˈɪlɪdʒənt,diligent,4731,5,,1
14945,pečlivost,diligence,dˈɪlɪdʒəns,diligence,4732,5,,1
14946,přímý,direct,dᵻɹˈɛkt,direct,4733,5,,1
14947,přímo,directly,dᵻɹˈɛktli,directly,4734,5,,1
14948,specializovat se,specialise,spˈɛʃəlˌaɪz,specialise,4735,5,,1
14949,okres,district,dˈɪstɹɪkt,district,4736,5,,1
14950,zpustošit,devastate,dˈɛvᵻstˌeɪt,devastate,4737,5,,1
14951,myčka nádobí,dishwasher,dˈɪʃwɑːʃɚ,dishwasher,4738,5,,1
14952,průměr,diameter,daɪˈæmɪɾɚ,diameter,4739,5,,1
14953,zničující,devastating,dˈɛvᵻstˌeɪɾɪŋ,devastating,4740,5,,1
14954,hloubka,depth,dˈɛpθ,depth,4741,5,,1
14955,celkem,altogether,ˌɔːltəɡˈɛðɚ,altogether,4742,5,,1
14956,zbavit,deprive,dᵻpɹˈaɪv,deprive,4743,5,,1
14957,sponzor,sponsor,spˈɑːnsɚ,sponsor,4744,5,,1
14958,deprese,depression,dᵻpɹˈɛʃən,depression,4745,5,,1
14959,houba,sponge,spˈʌndʒ,sponge,4746,5,,1
14960,oddanost,devotion,dɪvˈoʊʃən,devotion,4747,5,,1
14961,rozdělení,distribution,dˌɪstɹɪbjˈuːʃən,distribution,4748,5,,1
14962,depresivní,depressing,dᵻpɹˈɛsɪŋ,depressing,4749,5,,1
14963,oxidem uhličitým,dioxide,daɪˈɑːksaɪd,dioxide,4750,5,,1
14964,sportovní chování,sportsmanship,spˈɔːɹtsmənʃˌɪp,sportsmanship,4751,5,,1
14965,nechutný,disgusting,dɪsɡˈʌstɪŋ,disgusting,4752,5,,1
14966,distribuovat,distribute,dˈɪstɹɪbjˌuːt,distribute,4753,5,,1
14967,zařízení,device,dɪvˈaɪs,device,4754,5,,1
14968,suvenýr,souvenir,sˌuːvənˈɪɹ,souvenir,4755,5,,1
14969,destruktivní,destructive,dᵻstɹˈʌktɪv,destructive,4756,5,,1
14970,nepohodlí,discomfort,dɪskˈʌmfɚt,discomfort,4757,5,,1
14971,odvodit,derive,dᵻɹˈaɪv,derive,4758,5,,1
14972,diskžokej,disk jockey,dˈɪsk dʒˈɑːki,disk_jockey,4759,5,,1
14973,sportovní,sports,spˈɔːɹts,sports,4760,5,,1
14974,cíl,destination,dˌɛstɪnˈeɪʃən,destination,4761,5,,1
14975,jiskra,sparkle,spˈɑːɹkəl,sparkle,4762,5,,1
14976,disk,disc,dˈɪsk,disc,4763,5,,1
14977,zazářit,star,stˈɑːɹ,star,4764,5,,1
14978,navzdory,despite,dᵻspˈaɪt,despite,4765,5,,1
14979,zaslouží si,deserve,dɪzˈɜːv,deserve,4766,5,,1
14980,choroba,disease,dɪzˈiːz,disease,4767,5,,1
14981,číselník,dial,dˈaɪəl,dial,4768,5,,1
14982,zakázáno,disabled,dˌɪsˈeɪbəld,disabled,4769,5,,1
14983,ohromen,amazed,ɐmˈeɪzd,amazed,4770,5,,1
14984,specialista,specialist,spˈɛʃəlˌɪst,specialist,4771,5,,1
14985,plena,diaper,dˈaɪpɚ,diaper,4772,5,,1
14986,diagram,diagram,dˈaɪəɡɹˌæm,diagram,4773,5,,1
14987,tečka,dot,dˈɑːt,dot,4774,5,,1
14988,zakázat,disable,dˌɪsˈeɪbəl,disable,4775,5,,1
14989,chvátat,speed,spˈiːd,speed,4776,5,,1
14990,zničení,destruction,dᵻstɹˈʌkʃən,destruction,4777,5,,1
14991,kamarád,buddy,bˈʌdi,buddy,4778,5,,1
14992,zírat,stare,stˈɛɹ,stare,4779,5,,1
14993,postižení,disability,dˌɪsɐbˈɪləɾi,disability,4780,5,,1
14994,resumé,resume,ɹᵻzˈuːm,resume,4781,5,,1
14995,naléhavě,urgently,ˈɜːdʒəntli,urgently,4782,5,,1
14996,volný,vacant,vˈeɪkənt,vacant,4783,5,,1
14997,pohotový,prompt,pɹˈɑːmpt,prompt,4784,5,,1
14998,napovídat,prompt,pɹˈɑːmpt,prompt,4785,5,,1
14999,raketa,rocket,ɹˈɑːkɪt,rocket,4786,5,,1
15000,narkoman,addict,ˈædɪkt,addict,4787,5,,1
15001,uznalý,appreciative,ɐpɹˈiːʃiətˌɪv,appreciative,4788,5,,1
15002,akcie,stock,stˈɑːk,stock,4789,5,,1
15003,cítit,sense,sˈɛns,sense,4790,5,,1
15004,citlivý,sensitive,sˈɛnsᵻtˌɪv,sensitive,4791,5,,1
15005,pronést,utter,ˈʌɾɚ,utter,4792,5,,1
15006,naprosto,utterly,ˈʌɾɚli,utterly,4793,5,,1
15007,využít,utilise,jˈuːɾəlˌaɪz,utilise,4794,5,,1
15008,antický,antique,æntˈiːk,antique,4795,5,,1
15009,vakcína,vaccine,væksˈiːn,vaccine,4796,5,,1
15010,výtečnost,prominence,pɹˈɑːmɪnəns,prominence,4797,5,,1
15011,ples,prom,pɹˈɑːm,prom,4798,5,,1
15012,okamžitě,promptly,pɹˈɑːmptli,promptly,4799,5,,1
15013,steh,stitch,stˈɪtʃ,stitch,4800,5,,1
15014,utility,utility,juːtˈɪlᵻɾi,utility,4801,5,,1
15015,uživatel,user,jˈuːzɚ,user,4802,5,,1
15016,promítat,project,pɹˈɑːdʒɛkt,project,4803,5,,1
15017,adaptabilní,adaptable,ɐdˈæptəbəl,adaptable,4804,5,,1
15018,projekce,projection,pɹədʒˈɛkʃən,projection,4805,5,,1
15019,výzva,prompt,pɹˈɑːmpt,prompt,4806,5,,1
15020,projekt,project,pɹˈɑːdʒɛkt,project,4807,5,,1
15021,alkoholismus,alcoholism,ˈælkəhˌoʊlɪzəm,alcoholism,4808,5,,1
15022,platný,valid,vˈælɪd,valid,4809,5,,1
15023,veterán,veteran,vˈɛɾɚɹən,veteran,4810,5,,1
15024,zpomalit,retard,ɹᵻtˈɑːɹd,retard,4811,5,,1
15025,vibrovat,vibrate,vˈaɪbɹeɪt,vibrate,4812,5,,1
15026,vibrace,vibration,vˌaɪbɹˈeɪʃən,vibration,4813,5,,1
15027,stimulace,stimulation,stˌɪmjʊlˈeɪʃən,stimulation,4814,5,,1
15028,animovat,animate,ˈænɪmˌeɪt,animate,4815,5,,1
15029,aktuální,actual,ˈæktʃuːəl,actual,4816,5,,1
15030,stimulovat,stimulate,stˈɪmjʊlˌeɪt,stimulate,4817,5,,1
15031,zpracovat,process,pɹˈɑːsɛs,process,4818,5,,1
15032,sítnice,retina,ɹˈɛtɪnə,retina,4819,5,,1
15033,divák,viewer,vjˈuːɚ,viewer,4820,5,,1
15034,klidný,serene,sɚɹˈiːn,serene,4821,5,,1
15035,ráznost,vigour,vˈɪɡɚ,vigour,4822,5,,1
15036,rázný,vigorous,vˈɪɡɚɹəs,vigorous,4823,5,,1
15037,rázně,vigorously,vˈɪɡɚɹəsli,vigorously,4824,5,,1
15038,vila,villa,vˈɪlə,villa,4825,5,,1
15039,vesničan,villager,vˈɪlɪdʒɚ,villager,4826,5,,1
15040,postup,procedure,pɹəsˈiːdʒɚ,procedure,4827,5,,1
15041,ocet,vinegar,vˈɪnᵻɡɚ,vinegar,4828,5,,1
15042,náruč,armful,ˈɑːɹmfəl,armful,4829,5,,1
15043,porušit,violate,vˈaɪəleɪt,violate,4830,5,,1
15044,seriál,serial,sˈɪɹiəl,serial,4831,5,,1
15045,sonda,probe,pɹˈoʊb,probe,4832,5,,1
15046,povzdechnout,sigh,sˈaɪ,sigh,4833,5,,1
15047,virtuální realita,virtual reality,vˈɜːtʃuːəl ɹɪˈælᵻɾi,virtual_reality,4834,5,,1
15048,prakticky,virtually,vˈɜːtʃuːəli,virtually,4835,5,,1
15049,ctnost,virtue,vˈɜːtʃuː,virtue,4836,5,,1
15050,střídat,alternate,ɔːltˈɜːnət,alternate,4837,5,,1
15051,alternativně,alternatively,ɔːltˈɜːnətˌɪvli,alternatively,4838,5,,1
15052,lakomý,stingy,stˈɪndʒi,stingy,4839,5,,1
15053,miláček,valentine,vˈæləntˌaɪn,valentine,4840,5,,1
15054,Antipoluce,antipollution,ˌæntɪpəlˈuːʃən,antipollution,4841,5,,1
15055,verze,version,vˈɜːʒən,version,4842,5,,1
15056,cenit si,value,vˈæljuː,value,4843,5,,1
15057,odsoudit,sentence,sˈɛntəns,sentence,4844,5,,1
15058,pokročit,progress,pɹˈɑːɡɹɛs,progress,4845,5,,1
15059,zmizet,vanish,vˈænɪʃ,vanish,4846,5,,1
15060,marnost,vanity,vˈænᵻɾi,vanity,4847,5,,1
15061,programování,programming,pɹˈoʊɡɹæmɪŋ,programming,4848,5,,1
15062,programátor,programmer,pɹˈoʊɡɹæmɚ,programmer,4849,5,,1
15063,variace,variation,vˌɛɹɪˈeɪʃən,variation,4850,5,,1
15064,pestrý,varied,vˈɛɹid,varied,4851,5,,1
15065,otřásat,rock,ɹˈɑːk,rock,4852,5,,1
15066,ziskový,profitable,pɹˈɑːfɪɾəbəl,profitable,4853,5,,1
15067,výrazně,significantly,sɪɡnˈɪfɪkəntli,significantly,4854,5,,1
15068,maloobchodník,retailer,ɹˈiːteɪlɚ,retailer,4855,5,,1
15069,rozumný,sensible,sˈɛnsᵻbəl,sensible,4856,5,,1
15070,profil,profile,pɹˈoʊfaɪl,profile,4857,5,,1
15071,odborný,professional,pɹəfˈɛʃənəl,professional,4858,5,,1
15072,akutní,acute,ɐkjˈuːt,acute,4859,5,,1
15073,odděleně,separately,sˈɛpɹətli,separately,4860,5,,1
15074,smrad,stink,stˈɪŋk,stink,4861,5,,1
15075,podnik,venture,vˈɛntʃɚ,venture,4862,5,,1
15076,místo,venue,vˈɛnjuː,venue,4863,5,,1
15077,slovní,verbal,vˈɜːbəl,verbal,4864,5,,1
15078,ústně,verbally,vˈɜːbəli,verbally,4865,5,,1
15079,verš,verse,vˈɜːs,verse,4866,5,,1
15080,veršovat,verse,vˈɜːs,verse,4867,5,,1
15081,versus,versus,vˈɜːsᵻz,versus,4868,5,,1
15082,urgovat,urge,ˈɜːdʒ,urge,4869,5,,1
15083,kamenictví,stonework,stˈoʊnwɜːk,stonework,4870,5,,1
15084,navrhovatel,proponent,pɹəpˈoʊnənt,proponent,4871,5,,1
15085,dýně,squash,skwˈɑːʃ,squash,4872,5,,1
15086,svlečený,undressed,ʌndɹˈɛst,undressed,4873,5,,1
15087,neklid,unease,ʌnˈiːz,unease,4874,5,,1
15088,neklidně,uneasily,ʌnˈiːzili,uneasily,4875,5,,1
15089,antistatické,antistatic,ˌæntɪstˈæɾɪk,antistatic,4876,5,,1
15090,nenadšený,unenthusiastic,ˌʌnɛnθˌuːziˈæstɪk,unenthusiastic,4877,5,,1
15091,pudink,pudding,pˈʊdɪŋ,pudding,4878,5,,1
15092,nerovný,uneven,ʌnˈiːvən,uneven,4879,5,,1
15093,rozmáčkout,squash,skwˈɑːʃ,squash,4880,5,,1
15094,sebevědomí,self-confidence,sˈɛlfkˈɑːnfɪdəns,selfconfidence,4881,5,,1
15095,neznámý,unfamiliar,ʌnfəmˈɪlɪɹ,unfamiliar,4882,5,,1
15096,propagovat,publicise,pˈʌblɪsˌaɪz,publicise,4883,5,,1
15097,nemoderní,unfashionable,ʌnfˈæʃənəbəl,unfashionable,4884,5,,1
15098,sebevědomý,self-confident,sˈɛlfkˈɑːnfɪdənt,selfconfident,4885,5,,1
15099,stopky,stopwatch,stˈɑːpwɑːtʃ,stopwatch,4886,5,,1
15100,publicita,publicity,pʌblˈɪsᵻɾi,publicity,4887,5,,1
15101,stabilita,stability,stəbˈɪlᵻɾi,stability,4888,5,,1
15102,bodnout,stab,stˈæb,stab,4889,5,,1
15103,nepředstavitelně,unimaginably,ˌʌnɪmˈædʒɪnəbli,unimaginably,4890,5,,1
15104,psychologicky,psychologically,saɪkəlˈɑːdʒɪkli,psychologically,4891,5,,1
15105,nepředstavitelné,unimaginable,ˌʌnɪmˈædʒɪnəbəl,unimaginable,4892,5,,1
15106,psychologie,psychology,saɪkˈɑːlədʒi,psychology,4893,5,,1
15107,nevysněné,undreamed,ʌndɹˈiːmd,undreamed,4894,5,,1
15108,nesobecký,selfless,sˈɛlfləs,selfless,4895,5,,1
15109,sevření,squeeze,skwˈiːz,squeeze,4896,5,,1
15110,neštěstí,unhappiness,ʌnhˈæpɪnəs,unhappiness,4897,5,,1
15111,bezbožný,ungodly,ʌŋɡˈɑːdli,ungodly,4898,5,,1
15112,mezipřistání,stopover,stˈɑːpoʊvɚ,stopover,4899,5,,1
15113,nepředvídané,unforeseen,ʌnfɔːɹsˈiːn,unforeseen,4900,5,,1
15114,vydání,publication,pˌʌblɪkˈeɪʃən,publication,4901,5,,1
15115,neužitečné,unhelpful,ʌnhˈɛlpfəl,unhelpful,4902,5,,1
15116,blízkost,proximity,pɹɑːksˈɪmᵻɾi,proximity,4903,5,,1
15117,nepochybně,undoubtedly,ʌndˈaʊɾᵻdli,undoubtedly,4904,5,,1
15118,spodní prádlo,underwear,ˌʌndɚwˈɛɹ,underwear,4905,5,,1
11495,sprint,sprint,spɹˈɪnt,sprint,4906,5,,1
15119,beze změny,unchanged,ʌntʃˈeɪndʒd,unchanged,4907,5,,1
15120,necharakteristický,uncharacteristic,ʌŋkˌæɹɪktɚɹˈɪstɪk,uncharacteristic,4908,5,,1
15121,navíc,additionally,ɐdˈɪʃənəli,additionally,4909,5,,1
15122,nejasně,unclearly,ʌŋklˈɪɹli,unclearly,4910,5,,1
15123,nepohodlně,uncomfortably,ʌŋkˈʌmftəbli,uncomfortably,4911,5,,1
15124,neobvyklé,uncommon,ʌŋkˈɑːmən,uncommon,4912,5,,1
15125,nankupovat,purchase,pˈɜːtʃɪs,purchase,4913,5,,1
15126,nákup,purchase,pˈɜːtʃɪs,purchase,4914,5,,1
15127,nezaujatý,unconcerned,ʌŋkənsˈɜːnd,unconcerned,4915,5,,1
15128,v bezvědomí,unconscious,ʌŋkˈɑːnʃəs,unconscious,4916,5,,1
15129,ostruha,spur,spˈɜː,spur,4917,5,,1
15130,četa,squad,skwˈɑːd,squad,4918,5,,1
15131,upřímný,sincere,sɪnsˈɪɹ,sincere,4919,5,,1
15132,upřímnost,sincerity,sɪnsˈɛɹᵻɾi,sincerity,4920,5,,1
15133,odhad,estimate,ˈɛstᵻmət,estimate,4921,5,,1
15134,podcenění,underestimate,ˌʌndɚɹˈɛstᵻmət,underestimate,4922,5,,1
15135,vysokoškolák,undergraduate,ˌʌndɚɡɹˈædʒuːət,undergraduate,4923,5,,1
15136,podniknout,undertake,ˌʌndɚtˈeɪk,undertake,4924,5,,1
15137,puls,pulse,pˈʌls,pulse,4925,5,,1
15138,srozumitelný,understandable,ˌʌndɚstˈændəbəl,understandable,4926,5,,1
15139,dýně,pumpkin,pˈʌmpkɪn,pumpkin,4927,5,,1
15140,podmořský,undersea,ˌʌndɚsˈiː,undersea,4928,5,,1
15141,vedle,alongside,ɐlˈɔŋsaɪd,alongside,4929,5,,1
15142,udeřit,punch,pˈʌntʃ,punch,4930,5,,1
15143,ilegální,underground,ˌʌndɚɡɹˈaʊnd,underground,4931,5,,1
15144,dochvilnost,punctuality,pˌʌŋktʃuːˈælᵻɾi,punctuality,4932,5,,1
15145,podzemí,underground,ˌʌndɚɡɹˈaʊnd,underground,4933,5,,1
15146,úder,punch,pˈʌntʃ,punch,4934,5,,1
15147,ustanovení,provision,pɹəvˈɪʒən,provision,4935,5,,1
15148,rozvázat,untie,ʌntˈaɪ,untie,4936,5,,1
15149,závislost,addiction,ɐdˈɪkʃən,addiction,4937,5,,1
15150,k,unto,ˈʌntʊ,unto,4938,5,,1
15151,neléčené,untreated,ʌntɹˈiːɾᵻd,untreated,4939,5,,1
15152,neořezané,untrimmed,ʌntɹˈɪmd,untrimmed,4940,5,,1
15153,senátor,senator,sˈɛnəɾɚ,senator,4941,5,,1
15154,neobvyklost,unusualness,ʌnjˈuːʒuːəlnəs,unusualness,4942,5,,1
15155,abecední,alphabetical,ˌælfəbˈɛɾɪkəl,alphabetical,4943,5,,1
15156,nepřející,unwilling,ʌnwˈɪlɪŋ,unwilling,4944,5,,1
15157,nemoudrý,unwise,ʌnwˈaɪz,unwise,4945,5,,1
15158,nezkušený,unworldly,ʌnwˈɜːldli,unworldly,4946,5,,1
15159,závislý,addicted,ɐdˈɪktᵻd,addicted,4947,5,,1
15160,výchova,upbringing,ʌpbɹɪŋˈɪŋ,upbringing,4948,5,,1
15161,aktualizace,update,ˈʌpdeɪt,update,4949,5,,1
15162,vyhlídka,prospect,pɹˈɑːspɛkt,prospect,4950,5,,1
15163,upgrade,upgrade,ˈʌpɡɹeɪd,upgrade,4951,5,,1
15164,městský,urban,ˈɜːbən,urban,4952,5,,1
15165,omezení,restriction,ɹᵻstɹˈɪkʃən,restriction,4953,5,,1
15166,akciový trh,stock market,stˈɑːk mˈɑːɹkɪt,stock_market,4954,5,,1
15167,zásoby,stockpile,stˈɑːkpaɪl,stockpile,4955,5,,1
15168,vzhůru nohama,upside down,ˈʌpsaɪd dˈaʊn,upside_down,4956,5,,1
15169,naštvat,upset,ʌpsˈɛt,upset,4957,5,,1
15170,stoh,stack,stˈæk,stack,4958,5,,1
15171,vzpřímený,upright,ˈʌpɹaɪt,upright,4959,5,,1
15172,stříbro,silverware,sˈɪlvɚwˌɛɹ,silverware,4960,5,,1
15173,skalnatý,rocky,ɹˈɑːki,rocky,4961,5,,1
15174,upgradovat,upgrade,ˈʌpɡɹeɪd,upgrade,4962,5,,1
15175,navržený,proposed,pɹəpˈoʊzd,proposed,4963,5,,1
15176,próza,prose,pɹˈoʊz,prose,4964,5,,1
15177,stíhat,prosecute,pɹˈɑːsɪkjˌuːt,prosecute,4965,5,,1
15178,sloupek,upright,ˈʌpɹaɪt,upright,4966,5,,1
15179,prodejce,seller,sˈɛlɚ,seller,4967,5,,1
15180,nemyslitelně,unthinkably,ʌnθˈɪŋkəbli,unthinkably,4968,5,,1
15181,nejistý,unsure,ʌnʃˈʊɹ,unsure,4969,5,,1
15182,sjednocený,united,juːnˈaɪɾᵻd,united,4970,5,,1
15183,univerzální,universal,jˌuːnɪvˈɜːsəl,universal,4971,5,,1
15184,stolice,stool,stˈuːl,stool,4972,5,,1
15185,provincie,province,pɹˈɑːvɪns,province,4973,5,,1
15186,nespravedlivě,unjustly,ʌndʒˈʌstli,unjustly,4974,5,,1
15187,nevlídný,unkind,ʌŋkˈaɪnd,unkind,4975,5,,1
15188,neomezený,unlimited,ʌnlˈɪmɪɾᵻd,unlimited,4976,5,,1
15189,vyložit,unload,ʌnlˈoʊd,unload,4977,5,,1
15190,odemknout,unlock,ʌnlˈɑːk,unlock,4978,5,,1
15191,středník,semicolon,sˌɛmɪkˈoʊlən,semicolon,4979,5,,1
15192,nezaměnitelný,unmistakable,ʌnmɪstˈeɪkəbəl,unmistakable,4980,5,,1
15193,neomylně,unmistakably,ʌnmɪstˈeɪkəbli,unmistakably,4981,5,,1
15194,nepřirozený,unnatural,ʌnnˈætʃɚɹəl,unnatural,4982,5,,1
15195,neoficiální,unofficial,ʌnəfˈɪʃəl,unofficial,4983,5,,1
15196,osvědčený,proven,pɹˈuːvən,proven,4984,5,,1
15197,zjednodušení,simplification,sˌɪmplɪfɪkˈeɪʃən,simplification,4985,5,,1
15198,nepopulární,unpopular,ʌnpˈɑːpjʊlɚ,unpopular,4986,5,,1
15199,nevhodný,unsuitable,ʌnsˈuːɾəbəl,unsuitable,4987,5,,1
15200,protestovat,protest,pɹˈoʊtɛst,protest,4988,5,,1
15201,neúspěšný,unsuccessful,ʌnsəksˈɛsfəl,unsuccessful,4989,5,,1
15202,nezastavitelný,unstoppable,ʌnstˈɑːpəbəl,unstoppable,4990,5,,1
15203,nesobecký,unselfish,ʌnsˈɛlfɪʃ,unselfish,4991,5,,1
15204,nevyhovující,unsatisfactory,ʌnsˌæɾɪsfˈæktɚɹi,unsatisfactory,4992,5,,1
15205,netalentovaný,untalented,ʌntˈæləntᵻd,untalented,4993,5,,1
15206,nebezpečný,unsafe,ʌnsˈeɪf,unsafe,4994,5,,1
15207,nespolehlivý,unreliable,ˌʌnɹᵻlˈaɪəbəl,unreliable,4995,5,,1
15208,seminář,seminar,sˈɛmɪnˌɑːɹ,seminar,4996,5,,1
15209,pyšně,proudly,pɹˈaʊdli,proudly,4997,5,,1
15210,nerozumné,unreasonable,ʌnɹˈiːzənəbəl,unreasonable,4998,5,,1
15211,nereálné,unrealistic,ʌnɹiːəlˈɪstɪk,unrealistic,4999,5,,1
15212,semifinále,semi-final,sˈɛmaɪfˈaɪnəl,semifinal,5000,5,,1
15213,neklid,unrest,ʌnɹˈɛst,unrest,5001,5,,1
15214,viditelně,visibly,vˈɪzᵻbli,visibly,5002,5,,1
15215,chodítko,walker,wˈɔːkɚ,walker,5003,5,,1
15216,privilegium,privilege,pɹˈɪvᵻlɪdʒ,privilege,5004,5,,1
15217,praktičnost,practicality,pɹˈæktɪkˈælᵻɾi,practicality,5005,5,,1
15218,zneužívání,abuse,ɐbjˈuːs,abuse,5006,5,,1
15219,vrak,shipwreck,ʃˈɪpɹɛk,shipwreck,5007,5,,1
15220,čelní sklo,windshield,wˈɪndʃiːld,windshield,5008,5,,1
15221,zastavení,standstill,stˈændstɪl,standstill,5009,5,,1
15222,odměnit,reward,ɹᵻwˈɔːɹd,reward,5010,5,,1
15223,mrkat,wink,wˈɪŋk,wink,5011,5,,1
15224,otřít,wipe,wˈaɪp,wipe,5012,5,,1
15225,mocně,powerfully,pˈaʊɚfəli,powerfully,5013,5,,1
15226,expedice,shipping,ʃˈɪpɪŋ,shipping,5014,5,,1
15227,navléci,wire,wˈaɪɚ,wire,5015,5,,1
15228,okraj,rim,ɹˈɪm,rim,5016,5,,1
15229,vtip,wit,wˈɪt,wit,5017,5,,1
15230,absurdní,absurd,ɐbsˈɜːd,absurd,5018,5,,1
15231,prakticky,practically,pɹˈæktɪkli,practically,5019,5,,1
15232,stáhnout,withdraw,wɪθdɹˈɔː,withdraw,5020,5,,1
15233,nosorožec,rhinoceros,ɹaɪnˈɑːsɚɹəs,rhinoceros,5021,5,,1
15234,svědek,witness,wˈɪtnəs,witness,5022,5,,1
15235,rým,rhyme,ɹˈaɪm,rhyme,5023,5,,1
15236,vtipný,witty,wˈɪɾi,witty,5024,5,,1
15237,tlouci,pound,pˈaʊnd,pound,5025,5,,1
15238,sloka,stanza,stˈænzə,stanza,5026,5,,1
15239,Antiaircraft,antiaircraft,ˌæntɪˈɛɹkɹæft,antiaircraft,5027,5,,1
15240,statistika,statistics,stɐtˈɪstɪks,statistics,5028,5,,1
15241,úžasné,wondrous,wˈʌndɹəs,wondrous,5029,5,,1
15242,dřevořezba,woodcarving,wˈʊdkɑːɹvɪŋ,woodcarving,5030,5,,1
15243,otřesený,shaken,ʃˈeɪkən,shaken,5031,5,,1
15244,beze slov,wordlessly,wˈɜːdləsli,wordlessly,5032,5,,1
15245,poprášit,powder,pˈaʊdɚ,powder,5033,5,,1
15246,navíjení,winding,wˈaɪndɪŋ,winding,5034,5,,1
15247,natáhnout,wind,wˈɪnd,wind,5035,5,,1
15248,otáčet se,revolve,ɹᵻvˈɑːlv,revolve,5036,5,,1
15249,prediktivní,predictive,pɹɪdˈɪktɪv,predictive,5037,5,,1
15250,sexuální,sexual,sˈɛkʃuːəl,sexual,5038,5,,1
15251,předvídatelný,predictable,pɹɪdˈɪktəbəl,predictable,5039,5,,1
15252,šeptat,whisper,wˈɪspɚ,whisper,5040,5,,1
15253,orazit,stamp,stˈæmp,stamp,5041,5,,1
15254,píšťalka,whistle,wˈɪsəl,whistle,5042,5,,1
15255,predikativní,predicative,pɹɪdˈɪkətˌɪv,predicative,5043,5,,1
15256,predikát,predicate,pɹˈɛdᵻkˌeɪt,predicate,5044,5,,1
15257,sexy,sexy,sˈɛksi,sexy,5045,5,,1
15258,nesnáze,predicament,pɹɪdˈɪkəmənt,predicament,5046,5,,1
15259,přístupnost,accessibility,æksˌɛsəbˈɪlᵻɾi,accessibility,5047,5,,1
15260,přesně,precisely,pɹɪsˈaɪsli,precisely,5048,5,,1
15261,mít přístup,access,ˈæksɛs,access,5049,5,,1
15262,anonymní,anonymous,ɐnˈɑːnəməs,anonymous,5050,5,,1
15263,ošuntělý,shabby,ʃˈæbi,shabby,5051,5,,1
15264,revolucionizovat,revolutionise,ɹˌɛvəlˈuːʃənˌaɪz,revolutionise,5052,5,,1
15265,rozšířit,widen,wˈaɪdən,widen,5053,5,,1
15266,šokovat,shock,ʃˈɑːk,shock,5054,5,,1
15267,chválit,praise,pɹˈeɪz,praise,5055,5,,1
15268,vyhrát,win,wˈɪn,win,5056,5,,1
15269,skok,prance,pɹˈæns,prance,5057,5,,1
15270,kreveta,prawn,pɹˈɔːn,prawn,5058,5,,1
15271,pohotovostní,standby,stˈændbaɪ,standby,5059,5,,1
15272,celostátní,statewide,stˈeɪtwaɪd,statewide,5060,5,,1
15273,ochotně,willingly,wˈɪlɪŋli,willingly,5061,5,,1
15274,vůle,will,wˈɪl,will,5062,5,,1
15275,roztrhnout,rip,ɹˈɪp,rip,5063,5,,1
15276,divočina,wilderness,wˈɪldɚnəs,wilderness,5064,5,,1
15277,šířka,width,wˈɪtθ,width,5065,5,,1
15278,vdova,widow,wˈɪdoʊ,widow,5066,5,,1
15279,předcházet,precede,pɹɪsˈiːd,precede,5067,5,,1
15280,ochotný,willing,wˈɪlɪŋ,willing,5068,5,,1
15281,whisky,whisky,wˈɪski,whisky,5069,5,,1
15282,potenciálně,potentially,pətˈɛnʃəli,potentially,5070,5,,1
15283,workoholik,workaholic,wˌɜːkɐhˈɑːlɪk,workaholic,5071,5,,1
15284,jachta,yacht,jˈɑːt,yacht,5072,5,,1
15285,zívnutí,yawn,jˈɔːn,yawn,5073,5,,1
15286,zívat,yawn,jˈɔːn,yawn,5074,5,,1
15287,toužit,yearn,jˈɜːn,yearn,5075,5,,1
15288,křičet,yell,jˈɛl,yell,5076,5,,1
15289,oltář,altar,ˈɔltɚ,altar,5077,5,,1
15290,domorodý,aboriginal,ˌæbɚɹˈɪdʒɪnəl,aboriginal,5078,5,,1
15291,zrušit,abolish,ɐbˈɑːlɪʃ,abolish,5079,5,,1
15292,hádanka,riddle,ɹˈɪdəl,riddle,5080,5,,1
15293,výtěžek,yield,jˈiːld,yield,5081,5,,1
15294,abnormálně,abnormally,ɐbnˈɔːɹməli,abnormally,5082,5,,1
15295,hladovějící,starving,stˈɑːɹvɪŋ,starving,5083,5,,1
15296,posedlý,possessed,pəzˈɛst,possessed,5084,5,,1
15297,rentgen,X-ray,ˈɛksɹˈeɪ,xray,5085,5,,1
15298,vyhladovět,starve,stˈɑːɹv,starve,5086,5,,1
15299,opuštěný,abandoned,ɐbˈændənd,abandoned,5087,5,,1
15300,kůlna,shed,ʃˈɛd,shed,5088,5,,1
15301,mladistvý,youthful,jˈuːθfəl,youthful,5089,5,,1
15302,báječný,yummy,jˈʌmi,yummy,5090,5,,1
15303,zebra,zebra,zˈiːbɹə,zebra,5091,5,,1
19603,zip,zip,zˈɪp,zip,5092,5,,1
15304,nóbl,posh,pˈɑːʃ,posh,5093,5,,1
15305,hladovění,starvation,stɑːɹvˈeɪʃən,starvation,5094,5,,1
15306,hřbet,ridge,ɹˈɪdʒ,ridge,5095,5,,1
15307,rozbít,shatter,ʃˈæɾɚ,shatter,5096,5,,1
15308,pózovat,pose,pˈoʊz,pose,5097,5,,1
15309,ostře,sharply,ʃˈɑːɹpli,sharply,5098,5,,1
15310,zoom,zoom,zˈuːm,zoom,5099,5,,1
15311,část,portion,pˈɔːɹʃən,portion,5100,5,,1
15312,žadatel,applicant,ˈæplɪkənt,applicant,5101,5,,1
15313,nesprávně,wrongly,ɹˈɔŋli,wrongly,5102,5,,1
15314,arogantní,arrogant,ˈæɹəɡənt,arrogant,5103,5,,1
15315,pracovní stůl,workbench,wˈɜːkbɛntʃ,workbench,5104,5,,1
15316,Shakespearovský,Shakespearean,ʃˈeɪkspɪɹˌiən,shakespearean,5105,5,,1
15317,rytmický,rhythmic,ɹˈɪðmɪk,rhythmic,5106,5,,1
15318,dělník,workman,wˈɜːkmən,workman,5107,5,,1
15319,nejistý,shaky,ʃˈeɪki,shaky,5108,5,,1
15320,správně,rightly,ɹˈaɪtli,rightly,5109,5,,1
15321,žebro,rib,ɹˈɪb,rib,5110,5,,1
15322,pracovní stůl,worktable,wˈɜːkteɪbəl,worktable,5111,5,,1
15323,státník,statesman,stˈeɪtsmən,statesman,5112,5,,1
15324,potenciál,potential,pətˈɛnʃəl,potential,5113,5,,1
15325,silný,potent,pˈoʊtənt,potent,5114,5,,1
15326,světský,worldly,wˈɜːldli,worldly,5115,5,,1
15327,světonázor,worldview,wˈɜːldvjuː,worldview,5116,5,,1
15328,celosvětově,worldwide,wˈɜːldwaɪd,worldwide,5117,5,,1
15329,červ,worm,wˈɜːm,worm,5118,5,,1
15330,posun,shift,ʃˈɪft,shift,5119,5,,1
15331,opotřebovaný,worn-out,wˈɔːɹnˈaʊt,wornout,5120,5,,1
15332,změnit,alter,ˈɔltɚ,alter,5121,5,,1
15333,vrak,wreck,ɹˈɛk,wreck,5122,5,,1
15334,granát,shell,ʃˈɛl,shell,5123,5,,1
15335,poštovní,postal,pˈoʊstəl,postal,5124,5,,1
15336,spravedlnost,righteousness,ɹˈaɪtʃəsnəs,righteousness,5125,5,,1
15337,zranit,wound,wˈuːnd,wound,5126,5,,1
15338,nepřítomný,absentee,ˌæbsəntˈiː,absentee,5127,5,,1
15339,štít,shield,ʃˈiːld,shield,5128,5,,1
15340,odložit,postpone,poʊstpˈoʊn,postpone,5129,5,,1
15341,uctívání,worship,wˈɜːʃɪp,worship,5130,5,,1
15342,zhoršit,worsen,wˈɜːsən,worsen,5131,5,,1
15343,znepokojující,worrying,wˈʌɹiɪŋ,worrying,5132,5,,1
15344,náhle,abruptly,ɐbɹˈʌptli,abruptly,5133,5,,1
15345,bezcenný,worthless,wˈɜːθləs,worthless,5134,5,,1
15346,odchod do důchodu,retirement,ɹᵻtˈaɪɚmənt,retirement,5135,5,,1
15347,prediktor,predictor,pɹɪdˈɪktɚ,predictor,5136,5,,1
15348,prefekt,prefect,pɹˈiːfɛkt,prefect,5137,5,,1
15349,primární,primary,pɹˈaɪmɚɹi,primary,5138,5,,1
15350,vlašský ořech,walnut,wˈɔːlnʌt,walnut,5139,5,,1
15351,potřeba,want,wˈɔnt,want,5140,5,,1
15352,dusit,stew,stˈuː,stew,5141,5,,1
15353,sprchovat,shower,ʃˈaʊɚ,shower,5142,5,,1
15354,očekávání,anticipation,æntˈɪsɪpˈeɪʃən,anticipation,5143,5,,1
15355,záď,stern,stˈɜːn,stern,5144,5,,1
15356,stereotyp,stereotype,stˈɛɹɪˌoʊtaɪp,stereotype,5145,5,,1
15357,vitrína,showcase,ʃˈoʊkeɪs,showcase,5146,5,,1
15358,showbyznysu,showbiz,ʃˈoʊbɪz,showbiz,5147,5,,1
15359,podraz,setback,sˈɛtbæk,setback,5148,5,,1
15360,řev,roar,ɹˈɔːɹ,roar,5149,5,,1
15361,bodnutí,prick,pɹˈɪk,prick,5150,5,,1
15362,zjevení,revelation,ɹˌɛvɪlˈeɪʃən,revelation,5151,5,,1
15363,nástěnná deska,wallboard,wˈɔːlbɔːɹd,wallboard,5152,5,,1
15364,neocenitelný,priceless,pɹˈaɪsləs,priceless,5153,5,,1
15365,válečná loď,warship,wˈɔːɹʃɪp,warship,5154,5,,1
15366,válečné době,wartime,wˈɔːɹtaɪm,wartime,5155,5,,1
15367,toulat se,roam,ɹˈoʊm,roam,5156,5,,1
15368,kyselina,acid,ˈæsɪd,acid,5157,5,,1
15369,pomsta,revenge,ɹᵻvˈɛndʒ,revenge,5158,5,,1
15370,dříve,previously,pɹˈiːviəsli,previously,5159,5,,1
15371,příjmy,revenue,ɹˈɛvənˌuː,revenue,5160,5,,1
15372,preventivní,preventive,pɹɪvˈɛntɪv,preventive,5161,5,,1
15373,prevence,prevention,pɹɪvˈɛnʃən,prevention,5162,5,,1
15374,vosa,wasp,wˈɑːsp,wasp,5163,5,,1
15375,nevlastní matka,stepmother,stˈɛpmʌðɚ,stepmother,5164,5,,1
15376,nevlastní otec,stepfather,stˈɛpfɑːðɚ,stepfather,5165,5,,1
15377,dosažitelný,achievable,ɐtʃˈiːvəbəl,achievable,5166,5,,1
15378,převažovat,prevail,pɹɪvˈeɪl,prevail,5167,5,,1
15379,ocenit,price,pɹˈaɪs,price,5168,5,,1
15380,získávání,acquisition,ɐkwɪsˈɪʃən,acquisition,5169,5,,1
15381,primární,prime,pɹˈaɪm,prime,5170,5,,1
15382,nepřekonatelný,unbeatable,ʌnbˈiːɾəbəl,unbeatable,5171,5,,1
15383,útočiště,retreat,ɹᵻtɹˈiːt,retreat,5172,5,,1
15384,soukromě,privately,pɹˈaɪvətli,privately,5173,5,,1
15385,vrávorat,stagger,stˈæɡɚ,stagger,5174,5,,1
15386,služebník,servant,sˈɜːvənt,servant,5175,5,,1
15387,vitální,vital,vˈaɪɾəl,vital,5176,5,,1
15388,vitamín,vitamin,vˈaɪɾəmɪn,vitamin,5177,5,,1
15389,ustoupit,retreat,ɹᵻtɹˈiːt,retreat,5178,5,,1
15390,povzbuzující,stimulant,stˈɪmjʊlənt,stimulant,5179,5,,1
15391,zpěvák,vocalist,vˈoʊkəlˌɪst,vocalist,5180,5,,1
15392,přednost,priority,pɹaɪˈɔːɹᵻɾi,priority,5181,5,,1
15393,předchozí,prior,pɹˈaɪɚ,prior,5182,5,,1
15394,načíst,retrieve,ɹᵻtɹˈiːv,retrieve,5183,5,,1
15395,tuhý,stiff,stˈɪf,stiff,5184,5,,1
15396,dobrovolník,volunteer,vˌɑːləntˈɪɹ,volunteer,5185,5,,1
15397,zvracení,vomit,vˈɑːmɪt,vomit,5186,5,,1
15398,aktivně,actively,ˈæktɪvli,actively,5187,5,,1
15399,volič,voter,vˈoʊɾɚ,voter,5188,5,,1
15400,ministerský předseda,prime minister,pɹˈaɪm mˈɪnɪstɚ,prime_minister,5189,5,,1
15401,procházka,walkabout,wˈɔːkɐbˌaʊt,walkabout,5190,5,,1
15402,držet,stick,stˈɪk,stick,5191,5,,1
15403,pečeně,roast,ɹˈoʊst,roast,5192,5,,1
15404,zmenšit,shrink,ʃɹˈɪŋk,shrink,5193,5,,1
15405,čekání,wait,wˈeɪt,wait,5194,5,,1
15406,vzbudit,arouse,ɚɹˈaʊz,arouse,5195,5,,1
15407,vesta,waistcoat,wˈeɪstkoʊt,waistcoat,5196,5,,1
15408,ušpinit,stain,stˈeɪn,stain,5197,5,,1
15409,mzda,wage,wˈeɪdʒ,wage,5198,5,,1
15410,pokrčit rameny,shrug,ʃɹˈʌɡ,shrug,5199,5,,1
15411,skvrna,stain,stˈeɪn,stain,5200,5,,1
15412,slib,vow,vˈaʊ,vow,5201,5,,1
15413,ředitel školy,principal,pɹˈɪnsɪpəl,principal,5202,5,,1
15414,pás,waist,wˈeɪst,waist,5203,5,,1
15415,bič,whip,wˈɪp,whip,5204,5,,1
15416,bolet,ache,ˈeɪk,ache,5205,5,,1
15417,prestižní,prestigious,pɹɛstˈɪdʒəs,prestigious,5206,5,,1
15418,dobře vyvážený,well-balanced,wˈɛlbˈælənst,wellbalanced,5207,5,,1
15419,dobře stavěný,well-built,wˈɛlbˈɪlt,wellbuilt,5208,5,,1
15420,obrození,revival,ɹᵻvˈaɪvəl,revival,5209,5,,1
15421,zaujatý,preoccupy,pɹɪˈɑːkjʊpˌaɪ,preoccupy,5210,5,,1
15422,dobře organizovaný,well-organised,wˈɛlˈɔːɹɡɐnˌaɪzd,wellorganised,5211,5,,1
15423,předběžný,preliminary,pɹɪlˈɪmɪnˌɛɹi,preliminary,5212,5,,1
15424,dobře placený,well-paid,wˈɛlpˈeɪd,wellpaid,5213,5,,1
15425,západní,western,wˈɛstɚn,western,5214,5,,1
15426,oživit,revive,ɹᵻvˈaɪv,revive,5215,5,,1
15427,revoluce,revolution,ɹˌɛvəlˈuːʃən,revolution,5216,5,,1
15428,krádeže v obchodech,shoplifting,ʃˈɑːplɪftɪŋ,shoplifting,5217,5,,1
15429,proto,accordingly,ɐkˈɔːɹdɪŋli,accordingly,5218,5,,1
15430,zloděj v obchodě,shoplifter,ʃˈɑːplɪftɚ,shoplifter,5219,5,,1
15431,pšenice,wheat,wˈiːt,wheat,5220,5,,1
15432,obřad,rite,ɹˈaɪt,rite,5221,5,,1
15433,krást v obchodě,shoplift,ʃˈɑːplɪft,shoplift,5222,5,,1
15434,obchodník,shopkeeper,ʃˈɑːpkiːpɚ,shopkeeper,5223,5,,1
15435,ubytování,accommodation,ɐkˌɑːmədˈeɪʃən,accommodation,5224,5,,1
15436,předindustriální,preindustrial,pɹˌiːɪndˈʌstɹɪəl,preindustrial,5225,5,,1
15437,riskantní,risky,ɹˈɪski,risky,5226,5,,1
15438,riskovat,risk,ɹˈɪsk,risk,5227,5,,1
15439,předlidský,prehuman,pɹɪhjˈuːmən,prehuman,5228,5,,1
15440,prehistorický,prehistoric,pɹˌiːhɪstˈɔːɹɪk,prehistoric,5229,5,,1
15441,natáčení,shooting,ʃˈuːɾɪŋ,shooting,5230,5,,1
15442,zatímco,whereas,wˈɛɹæz,whereas,5231,5,,1
15443,revoluční,revolutionary,ɹˌɛvəlˈuːʃənˌɛɹi,revolutionary,5232,5,,1
15444,kterýkoliv,whichever,wɪtʃˈɛvɚ,whichever,5233,5,,1
15445,nejlépe,preferably,pɹˈɛfɹəbli,preferably,5234,5,,1
15446,vhodnější,preferable,pɹɪfˈɜːɹəbəl,preferable,5235,5,,1
15447,sexismus,sexism,sˈɛksɪzəm,sexism,5236,5,,1
15448,předjímat,prejudge,pɹɪdʒˈʌdʒ,prejudge,5237,5,,1
15449,blahobytu,welfare,wˈɛlfɛɹ,welfare,5238,5,,1
15450,akumulovat,accumulate,ɐkjˈuːmjʊlˌeɪt,accumulate,5239,5,,1
15451,ocelový,steely,stˈiːli,steely,5240,5,,1
15452,zalévat,water,wˈɔːɾɚ,water,5241,5,,1
15453,úcta,reverence,ɹˈɛvɚɹəns,reverence,5242,5,,1
15454,prestiž,prestige,pɹɛstˈiːʒ,prestige,5243,5,,1
15455,vodotěsný,waterproof,wˈɔːɾɚpɹˌuːf,waterproof,5244,5,,1
15456,zvrátit,reverse,ɹᵻvˈɜːs,reverse,5245,5,,1
15457,kůl,stake,stˈeɪk,stake,5246,5,,1
15458,předvídat,anticipate,æntˈɪsᵻpˌeɪt,anticipate,5247,5,,1
15459,recenzovat,review,ɹᵻvjˈuː,review,5248,5,,1
15460,oslabit,weaken,wˈiːkən,weaken,5249,5,,1
15461,slabě,weakly,wˈiːkli,weakly,5250,5,,1
15462,koktat,stammer,stˈæmɚ,stammer,5251,5,,1
15463,prezidentské,presidential,pɹˌɛzɪdˈɛnʃəl,presidential,5252,5,,1
15464,bohatý,wealthy,wˈɛlθi,wealthy,5253,5,,1
15465,krátkodobé,short-term,ʃˈɔːɹttˈɜːm,shortterm,5254,5,,1
15466,předsednictví,presidency,pɹˈɛzɪdənsi,presidency,5255,5,,1
15467,protirakoviště,anticancer,ˌæntɪkˈænsɚ,anticancer,5256,5,,1
15468,únavný,wearisome,wˈɛɹisˌʌm,wearisome,5257,5,,1
15469,rituál,ritual,ɹˈɪtʃuːəl,ritual,5258,5,,1
15470,soupeřit,rival,ɹˈaɪvəl,rival,5259,5,,1
15471,řídit,steer,stˈɪɹ,steer,5260,5,,1
15472,plevel,weed,wˈiːd,weed,5261,5,,1
15473,volant,steering wheel,stˈɪɹɪŋ wˈiːl,steering_wheel,5262,5,,1
15474,předepsat,prescribe,pɹɪskɹˈaɪb,prescribe,5263,5,,1
15475,pravděpodobně,presumably,pɹɪzˈuːməbli,presumably,5264,5,,1
15476,st,wed,wˈɛd,wed,5265,5,,1
15477,vazba,weave,wˈiːv,weave,5266,5,,1
15478,Antibakteriální,antibacterial,ˌæntɪbæktˈɪɹiəl,antibacterial,5267,5,,1
15479,obvinění,accusation,ˌækjuːzˈeɪʃən,accusation,5268,5,,1
15480,předvést,present,pɹˈɛzənt,present,5269,5,,1
15481,unavený,weary,wˈɪɹi,weary,5270,5,,1
15482,moderátorka,presenter,pɹɪzˈɛntɚ,presenter,5271,5,,1
15483,krátkost,shortness,ʃˈɔːɹtnəs,shortness,5272,5,,1
15484,nesnesitelný,unbearable,ʌnbˈɛɹəbəl,unbearable,5273,5,,1
15485,tunel,tunnel,tˈʌnəl,tunnel,5274,5,,1
15486,nedostupný,unavailable,ʌnɐvˈeɪləbəl,unavailable,5275,5,,1
15487,napomínat,reprove,ɹᵻpɹˈuːv,reprove,5276,5,,1
15488,školačka,schoolgirl,skˈuːlɡɜːl,schoolgirl,5277,5,,1
15489,bulvár,tabloid,tˈæblɔɪd,tabloid,5278,5,,1
15490,rákos,reed,ɹˈiːd,reed,5279,5,,1
15491,spojovací způsob,subjunctive,sˈʌbdʒəŋktˌɪv,subjunctive,5280,5,,1
15492,připínáček,tack,tˈæk,tack,5281,5,,1
15493,řešit,tackle,tˈækəl,tackle,5282,5,,1
15494,taktilní,tactile,tˈæktaɪl,tactile,5283,5,,1
15495,štítek,tag,tˈæɡ,tag,5284,5,,1
15496,očarovaný,spellbound,spˈɛlbaʊnd,spellbound,5285,5,,1
15497,aliance,alliance,ɐlˈaɪəns,alliance,5286,5,,1
15498,pododdělení,subdivision,sˌʌbdᵻvˈɪʒən,subdivision,5287,5,,1
15499,předělat,redo,ɹˈiːduː,redo,5288,5,,1
15500,odkaz,reference,ɹˈɛfɹəns,reference,5289,5,,1
15501,subkultury,subculture,sˈʌbkʌltʃɚ,subculture,5290,5,,1
15502,namáčení,soaking,sˈoʊkɪŋ,soaking,5291,5,,1
15503,subkontinent,subcontinent,sʌbkˈɑːntɪnənt,subcontinent,5292,5,,1
15504,promočený,soaked,sˈoʊkt,soaked,5293,5,,1
15505,namočit,soak,sˈoʊk,soak,5294,5,,1
15506,dostatek,ample,ˈæmpəl,ample,5295,5,,1
15507,venkovský,rural,ɹˈʊɹɹəl,rural,5296,5,,1
15508,zesilovač,amplifier,ˈæmplɪfˌaɪɚ,amplifier,5297,5,,1
15509,stylista,stylist,stˈaɪlɪst,stylist,5298,5,,1
15510,vědecky,scientifically,saɪəntˈɪfɪkli,scientifically,5299,5,,1
15511,sněhová koule,snowball,snˈoʊbɔːl,snowball,5300,5,,1
15512,zesilovat,amplify,ˈæmplᵻfˌaɪ,amplify,5301,5,,1
15513,krotký,tame,tˈeɪm,tame,5302,5,,1
15514,opálení,tan,tˈæn,tan,5303,5,,1
15515,ocas,tail,tˈeɪl,tail,5304,5,,1
15516,referent,referent,ɹˈɛfɹənt,referent,5305,5,,1
15517,rafinerie,refinery,ɹᵻfˈaɪnɚɹi,refinery,5306,5,,1
15518,scholastika,scholasticism,skəlˈæstɪsˌɪzəm,scholasticism,5307,5,,1
15519,ohled,regard,ɹᵻɡˈɑːɹd,regard,5308,5,,1
15520,socializovat,socialise,sˈoʊʃəlˌaɪz,socialise,5309,5,,1
15521,naplánovat,schedule,skˈɛdʒuːl,schedule,5310,5,,1
15522,vyvrátit,refute,ɹᵻfjˈuːt,refute,5311,5,,1
15523,naplánováno,scheduled,skˈɛdʒuːld,scheduled,5312,5,,1
15524,pytel,sack,sˈæk,sack,5313,5,,1
15525,uprchlík,refugee,ɹˈɛfjuːdʒˌiː,refugee,5314,5,,1
15526,útočiště,refuge,ɹˈɛfjuːdʒ,refuge,5315,5,,1
15527,systém,scheme,skˈiːm,scheme,5316,5,,1
15528,synonymum,synonym,sˈɪnənˌɪm,synonym,5317,5,,1
15529,mezi,amongst,ɐmˈʌŋst,amongst,5318,5,,1
15530,rezavý,rusty,ɹˈʌsti,rusty,5319,5,,1
15531,refrén,refrain,ɹᵻfɹˈeɪn,refrain,5320,5,,1
15532,posádka,aircrew,ˈɛɹkɹuː,aircrew,5321,5,,1
15533,společenský,sociable,sˈoʊʃiəbəl,sociable,5322,5,,1
15534,stoupat,soar,sˈɔːɹ,soar,5323,5,,1
15535,vzlykat,sob,sˈɑːb,sob,5324,5,,1
15536,tzv,so-called,sˌoʊkˈɔːld,socalled,5325,5,,1
15537,předložit,submit,səbmˈɪt,submit,5326,5,,1
15538,dotisk,reprint,ɹᵻpɹˈɪnt,reprint,5327,5,,1
15539,represe,repression,ɹᵻpɹˈɛʃən,repression,5328,5,,1
15540,nacpat,stuff,stˈʌf,stuff,5329,5,,1
15541,reflexní,reflective,ɹᵻflˈɛktɪv,reflective,5330,5,,1
15542,ubrus,tablecloth,tˈeɪbəlklˌɔθ,tablecloth,5331,5,,1
15543,podzápletka,subplot,sˈʌbplɑːt,subplot,5332,5,,1
15544,ubývat,subside,sʌbsˈaɪd,subside,5333,5,,1
15545,látka,substance,sˈʌbstəns,substance,5334,5,,1
15546,dopravní špička,rush hour,ɹˈʌʃ ˈaʊɚ,rush_hour,5335,5,,1
15547,reforma,reform,ɹᵻfˈɔːɹm,reform,5336,5,,1
15548,potlačit,repress,ɹᵻpɹˈɛs,repress,5337,5,,1
15549,sympatizovat,sympathise,sˈɪmpəθˌaɪz,sympathise,5338,5,,1
15550,obdélníkový,rectangular,ɹɛktˈæŋɡjʊlɚ,rectangular,5339,5,,1
15551,rekrut,recruit,ɹᵻkɹˈuːt,recruit,5340,5,,1
15552,recept,recipe,ɹˈɛsᵻpˌiː,recipe,5341,5,,1
15553,recese,recession,ɹᵻsˈɛʃən,recession,5342,5,,1
15554,komín,smokestack,smˈoʊkstæk,smokestack,5343,5,,1
15555,poškrábat,scratch,skɹˈætʃ,scratch,5344,5,,1
15556,dalekohled,telescope,tˈɛlᵻskˌoʊp,telescope,5345,5,,1
15557,vládnout,rule,ɹˈuːl,rule,5346,5,,1
15558,rezidence,residence,ɹˈɛzᵻdəns,residence,5347,5,,1
15559,vzpurný,rebellious,ɹᵻbˈɛliəs,rebellious,5348,5,,1
15560,úder,stroke,stɹˈoʊk,stroke,5349,5,,1
15561,mírný,temperate,tˈɛmpɚɹət,temperate,5350,5,,1
15562,dočasně,temporarily,tˌɛmpɚɹˈɛɹᵻli,temporarily,5351,5,,1
15563,mrtvice,stroke,stɹˈoʊk,stroke,5352,5,,1
15564,vzbouřit se,rebel,ɹˈɛbəl,rebel,5353,5,,1
15565,spojenec,ally,ˈælaɪ,ally,5354,5,,1
15566,vzbouřenec,rebel,ɹˈɛbəl,rebel,5355,5,,1
15567,pokušení,temptation,tɛmptˈeɪʃən,temptation,5356,5,,1
15568,muka,agony,ˈæɡəni,agony,5357,5,,1
15569,usedlý,resident,ɹˈɛzᵻdənt,resident,5358,5,,1
15570,usilovat,strive,stɹˈaɪv,strive,5359,5,,1
15571,nabídka,tender,tˈɛndɚ,tender,5360,5,,1
15572,něžně,tenderly,tˈɛndɚli,tenderly,5361,5,,1
15573,něha,tenderness,tˈɛndɚnəs,tenderness,5362,5,,1
15574,zadní,rear,ɹˈɪɹ,rear,5363,5,,1
15575,Agonize,agonise,ˈæɡənˌaɪz,agonise,5364,5,,1
15576,analogie,analogy,ɐnˈælədʒi,analogy,5365,5,,1
15577,svléknout,strip,stɹˈɪp,strip,5366,5,,1
15578,kontrolovat,screen,skɹˈiːn,screen,5367,5,,1
15579,realizace,realisation,ɹˌiːələzˈeɪʃən,realisation,5368,5,,1
15580,rozumně,reasonably,ɹˈiːzənəbli,reasonably,5369,5,,1
15581,šplouchnutí,splash,splˈæʃ,splash,5370,5,,1
15582,technicky,technically,tˈɛknɪkli,technically,5371,5,,1
15583,technický,technical,tˈɛknɪkəl,technical,5372,5,,1
15584,rekreace,recreation,ɹˌɛkɹiːˈeɪʃən,recreation,5373,5,,1
15585,dřezová baterie,tap,tˈæp,tap,5374,5,,1
15586,chrápat,snore,snˈɔːɹ,snore,5375,5,,1
15587,chrápání,snore,snˈɔːɹ,snore,5376,5,,1
15588,skútr,scooter,skˈuːɾɚ,scooter,5377,5,,1
15589,tvrdošíjně,stubbornly,stˈʌbɚnli,stubbornly,5378,5,,1
15590,čichat,sniff,snˈɪf,sniff,5379,5,,1
15591,roztočit,spin,spˈɪn,spin,5380,5,,1
15592,zápasit,struggle,stɹˈʌɡəl,struggle,5381,5,,1
15593,kýchnout,sneeze,snˈiːz,sneeze,5382,5,,1
15594,rozdírat,tatter,tˈæɾɚ,tatter,5383,5,,1
15595,přehodnotit,reconsider,ɹˌiːkənsˈɪdɚ,reconsider,5384,5,,1
15596,tetování,tattoo,tætˈuː,tattoo,5385,5,,1
15597,posměch,taunt,tˈɔːnt,taunt,5386,5,,1
15598,škrábat,scramble,skɹˈæmbəl,scramble,5387,5,,1
15599,mířit,aim,ˈeɪm,aim,5388,5,,1
15600,čajová lžička,teaspoon,tˈiːspuːn,teaspoon,5389,5,,1
15601,počítat,reckon,ɹˈɛkən,reckon,5390,5,,1
15602,dráždit,tease,tˈiːz,tease,5391,5,,1
15603,uznání,recognition,ɹˌɛkəɡnˈɪʃən,recognition,5392,5,,1
15604,snap,snap,snˈæp,snap,5393,5,,1
15605,opálený,tanned,tˈænd,tanned,5394,5,,1
15606,vzpomenout si,recollect,ɹˈɛkəlˌɛkt,recollect,5395,5,,1
15607,apostrof,apostrophe,ɐpˈɔstɹəfi,apostrophe,5396,5,,1
15608,navzdory,spite,spˈaɪt,spite,5397,5,,1
15609,žalobníček,sneak,snˈiːk,sneak,5398,5,,1
15610,doporučitelné,recommendable,ɹˌɛkəmˈɛndəbəl,recommendable,5399,5,,1
15611,úšklebek,sneer,snˈɪɹ,sneer,5400,5,,1
15612,doporučení,recommendation,ɹˌɛkəmɛndˈeɪʃən,recommendation,5401,5,,1
15613,rozbít,smash,smˈæʃ,smash,5402,5,,1
15614,podtitulek,subtitle,sˈʌbtaɪɾəl,subtitle,5403,5,,1
15615,jemný,subtle,sˈʌɾəl,subtle,5404,5,,1
15616,zmírnit,relieve,ɹᵻlˈiːv,relieve,5405,5,,1
15617,úleva,relief,ɹᵻlˈiːf,relief,5406,5,,1
15618,relikvie,relic,ɹˈɛlɪk,relic,5407,5,,1
15619,vhodně,appropriately,ɐpɹˈoʊpɹɪətli,appropriately,5408,5,,1
15620,úžasně,amazingly,ɐmˈeɪzɪŋli,amazingly,5409,5,,1
15621,prodejnost,salesmanship,sˈeɪlzmənʃˌɪp,salesmanship,5410,5,,1
15622,ušetřit,spare,spˈɛɹ,spare,5411,5,,1
15623,potlačit,suppress,səpɹˈɛs,suppress,5412,5,,1
15624,žebro,sparerib,spˈɛɹɪb,sparerib,5413,5,,1
15625,jiskra,spark,spˈɑːɹk,spark,5414,5,,1
15626,relevantní,relevant,ɹˈɛlᵻvənt,relevant,5415,5,,1
15627,vhodně,suitably,sˈuːɾəbli,suitably,5416,5,,1
15628,připomínka,reminder,ɹᵻmˈaɪndɚ,reminder,5417,5,,1
15629,ulevilo se,relieved,ɹᵻlˈiːvd,relieved,5418,5,,1
15630,přepětí,surge,sˈɜːdʒ,surge,5419,5,,1
15631,relé,relay,ɹˈiːleɪ,relay,5420,5,,1
15632,vrabec,sparrow,spˈæɹoʊ,sparrow,5421,5,,1
15633,sofistikovaný,sophisticated,səfˈɪstᵻkˌeɪɾᵻd,sophisticated,5422,5,,1
15634,ohromení,amazement,ɐmˈeɪzmənt,amazement,5423,5,,1
15635,plat,salary,sˈælɚɹi,salary,5424,5,,1
15636,relaxace,relaxation,ɹᵻlɐksˈeɪʃən,relaxation,5425,5,,1
15637,specialita,specialty,spˈɛʃəlɾi,specialty,5426,5,,1
15638,relativita,relativity,ɹˌɛlətˈɪvᵻɾi,relativity,5427,5,,1
15639,velvyslanec,ambassador,ɐmbˈæsədɚ,ambassador,5428,5,,1
15640,sonet,sonnet,sˈɑːnɪt,sonnet,5429,5,,1
15641,zeť,son-in-law,sˈʌnɪnlˈɔː,soninlaw,5430,5,,1
15642,dvojznačnost,ambiguity,ˌæmbɪɡjˈuːɪɾi,ambiguity,5431,5,,1
15643,dvojznačný,ambiguous,æmbˈɪɡjuːəs,ambiguous,5432,5,,1
15644,kapitulace,surrender,sɚɹˈɛndɚ,surrender,5433,5,,1
15645,šumivé,sparkling,spˈɑːɹklɪŋ,sparkling,5434,5,,1
15646,vyhovující,satisfactory,sˌæɾɪsfˈæktɚɹi,satisfactory,5435,5,,1
15647,pozoruhodně,remarkably,ɹᵻmˈɑːɹkəbli,remarkably,5436,5,,1
15648,zásobovat,supply,səplˈaɪ,supply,5437,5,,1
15649,zbytky,remains,ɹᵻmˈeɪnz,remains,5438,5,,1
15650,alkoholik,alcoholic,ˌælkəhˈɑːlɪk,alcoholic,5439,5,,1
15651,jižním směrem,southward,sˈaʊθwɚd,southward,5440,5,,1
15652,nádherný,superb,suːpˈɜːb,superb,5441,5,,1
15653,superintendent,superintendent,sˌuːpɚɹɪntˈɛndənt,superintendent,5442,5,,1
15654,zbývající,remaining,ɹᵻmˈeɪnɪŋ,remaining,5443,5,,1
15655,sovětský,Soviet,sˈoʊviət,soviet,5444,5,,1
15656,sója,soybean,sˈɔɪbiːn,soybean,5445,5,,1
15657,salsa,salsa,sˈælsə,salsa,5446,5,,1
15659,nadpřirozený,supernatural,sˌuːpɚnˈætʃɚɹəl,supernatural,5447,5,,1
15660,Upozornění,alert,ɐlˈɜːt,alert,5448,5,,1
15661,dohlížet,supervise,sˈuːpɚvˌaɪz,supervise,5449,5,,1
15662,salon,salon,sɐlˈɑːn,salon,5450,5,,1
15663,pískovec,sandstone,sˈændstoʊn,sandstone,5451,5,,1
15664,sluneční paprsek,sunbeam,sˈʌnbiːm,sunbeam,5452,5,,1
15665,dozor,supervision,suːpɚvˈɪʒən,supervision,5453,5,,1
15666,třídit,sort,sˈɔːɹt,sort,5454,5,,1
15667,kanalizace,sanitation,sˌænɪtˈeɪʃən,sanitation,5455,5,,1
15668,sanitární,sanitary,sˈænətˌɛɹi,sanitary,5456,5,,1
15669,dodavatele,supplier,səplˈaɪɚ,supplier,5457,5,,1
15670,náhradní,spare,spˈɛɹ,spare,5458,5,,1
15671,znít,sound,sˈaʊnd,sound,5459,5,,1
15672,neochotný,reluctant,ɹᵻlˈʌktənt,reluctant,5460,5,,1
15673,doplněk,supplement,sˈʌplɪmənt,supplement,5461,5,,1
15674,soundtrack,soundtrack,sˈaʊndtɹæk,soundtrack,5462,5,,1
15675,vedoucí,supervisor,sˈuːpɚvˌaɪzɚ,supervisor,5463,5,,1
15676,prodavačka,saleswoman,sˈeɪlswʊmən,saleswoman,5464,5,,1
15677,rozpětí,span,spˈæn,span,5465,5,,1
15678,lázně,spa,spˈɑː,spa,5466,5,,1
15679,prodejce,salesperson,sˈeɪlspɚsən,salesperson,5467,5,,1
15680,vůně,scent,sˈɛnt,scent,5468,5,,1
15681,pronájem,rental,ɹˈɛntəl,rental,5469,5,,1
15682,poněkud,somewhat,sˈʌmwʌt,somewhat,5470,5,,1
15683,bohužel,regrettably,ɹᵻɡɹˈɛɾəbli,regrettably,5471,5,,1
15684,amoniak,ammonia,æmˈoʊniə,ammonia,5472,5,,1
15685,rychlý,swift,swˈɪft,swift,5473,5,,1
15686,jizva,scar,skˈɑːɹ,scar,5474,5,,1
15687,lítost,regret,ɹᵻɡɹˈɛt,regret,5475,5,,1
15688,sotva,scarcely,skˈɛɹsli,scarcely,5476,5,,1
15689,sólo,solo,sˈoʊloʊ,solo,5477,5,,1
15690,nahrazení,replacement,ɹᵻplˈeɪsmənt,replacement,5478,5,,1
15691,pevnost,solidity,səlˈɪdᵻɾi,solidity,5479,5,,1
15692,houpačka,swing,swˈɪŋ,swing,5480,5,,1
15693,postupné,successive,səksˈɛsɪv,successive,5481,5,,1
15694,tvrzení,allegation,ˌælɪɡˈeɪʃən,allegation,5482,5,,1
15695,sát,suck,sˈʌk,suck,5483,5,,1
15696,režim,regime,ɹeɪʒˈiːm,regime,5484,5,,1
15697,replika,replica,ɹˈɛplɪkə,replica,5485,5,,1
15698,šarlatový,scarlet,skˈɑːɹlɪt,scarlet,5486,5,,1
15699,sluneční,solar,sˈoʊlɚ,solar,5487,5,,1
15700,rychlík,speeder,spˈiːdɚ,speeder,5488,5,,1
15701,zašpinit,soil,sˈɔɪl,soil,5489,5,,1
15702,reggae,reggae,ɹˈɛɡiː,reggae,5490,5,,1
15703,předměstí,suburb,sˈʌbɜːb,suburb,5491,5,,1
15704,měkkost,softness,sˈɔftnəs,softness,5492,5,,1
15705,bez ohledu na to,regardless,ɹᵻɡˈɑːɹdləs,regardless,5493,5,,1
15706,odčítat,subtract,sʌbtɹˈækt,subtract,5494,5,,1
15707,slabika,syllable,sˈɪləbəl,syllable,5495,5,,1
15708,symbolický,symbolic,sɪmbˈɑːlɪk,symbolic,5496,5,,1
15709,přiblížit,approach,ɐpɹˈoʊtʃ,approach,5497,5,,1
15710,soucitný,sympathetic,sˌɪmpəθˈɛɾɪk,sympathetic,5498,5,,1
15711,houpat,swing,swˈɪŋ,swing,5499,5,,1
15712,skandál,scandal,skˈændəl,scandal,5500,5,,1
15713,rozpouštědlo,solvent,sˈɑːlvənt,solvent,5501,5,,1
15714,zametat,sweep,swˈiːp,sweep,5502,5,,1
15715,dohled,surveillance,sɚvˈeɪləns,surveillance,5503,5,,1
15716,reorganizovat,reorganise,ɹɪˈɔːɹɡɐnˌaɪz,reorganise,5504,5,,1
15717,úspory,savings,sˈeɪvɪŋz,savings,5505,5,,1
15718,přemalovat,repaint,ɹᵻpˈeɪnt,repaint,5506,5,,1
11496,pilovat,saw,sˈɔː,saw,5507,5,,1
15719,dostatečně,sufficiently,səfˈɪʃəntli,sufficiently,5508,5,,1
15720,související,related,ɹᵻlˈeɪɾᵻd,related,5509,5,,1
15721,znovu se připojit,rejoin,ɹᵻdʒˈɔɪn,rejoin,5510,5,,1
15722,konkrétně,specifically,spəsˈɪfɪkli,specifically,5511,5,,1
15723,utrpení,suffering,sˈʌfɚɹɪŋ,suffering,5512,5,,1
15724,odmítnutí,rejection,ɹᵻdʒˈɛkʃən,rejection,5513,5,,1
15725,tušit,suspect,sˈʌspɛkt,suspect,5514,5,,1
15726,pozastavit,suspend,səspˈɛnd,suspend,5515,5,,1
15727,podezřelý,suspicious,səspˈɪʃəs,suspicious,5516,5,,1
15728,podezřele,suspiciously,səspˈɪʃəsli,suspiciously,5517,5,,1
15729,udržet,sustain,səstˈeɪn,sustain,5518,5,,1
15730,chránit,safeguard,sˈeɪfɡɑːɹd,safeguard,5519,5,,1
15731,skenovat,scan,skˈæn,scan,5520,5,,1
15732,opakování,repetition,ɹˌɛpətˈɪʃən,repetition,5521,5,,1
15733,repertoár,repertoire,ɹˈɛpɚtwˌɑːɹ,repertoire,5522,5,,1
15734,podívaná,spectacle,spˈɛktəkəl,spectacle,5523,5,,1
15735,okolí,surroundings,sɚɹˈaʊndɪŋz,surroundings,5524,5,,1
15736,žalovat,sue,sˈuː,sue,5525,5,,1
15737,zkouška,rehearsal,ɹᵻhˈɜːsəl,rehearsal,5526,5,,1
15738,klesnout,sag,sˈæɡ,sag,5527,5,,1
15739,posílit,reinforce,ɹˌiːɪnfˈɔːɹs,reinforce,5528,5,,1
15740,zesílení,reinforcement,ɹˌiːɪnfˈɔːɹsmənt,reinforcement,5529,5,,1
15741,labuť,swan,swˈɑːn,swan,5530,5,,1
15742,šalvěj,sage,sˈeɪdʒ,sage,5531,5,,1
15743,specifikovat,specify,spˈɛsᵻfˌaɪ,specify,5532,5,,1
15744,terasa,terrace,tˈɛɹɪs,terrace,5533,5,,1
15745,ničivý,ruinous,ɹˈuːɪnəs,ruinous,5534,5,,1
15746,překvapující,striking,stɹˈaɪkɪŋ,striking,5535,5,,1
15747,průhledný,transparent,tɹænspˈæɹənt,transparent,5536,5,,1
15748,pramen,strand,stɹˈænd,strand,5537,5,,1
15749,dopravovat,transport,tɹˈænspɔːɹt,transport,5538,5,,1
15750,sprej,spray,spɹˈeɪ,spray,5539,5,,1
15751,přijetí,adoption,ɐdˈɑːpʃən,adoption,5540,5,,1
15752,sektor,sector,sˈɛktɚ,sector,5541,5,,1
15753,odejít,quit,kwˈɪt,quit,5542,5,,1
15754,přejíždět,traverse,tɹɐvˈɜːs,traverse,5543,5,,1
15755,zásobník,tray,tɹˈeɪ,tray,5544,5,,1
15756,namáhat,strain,stɹˈeɪn,strain,5545,5,,1
15757,zacházet,treat,tɹˈiːt,treat,5546,5,,1
15758,vysílat,transmit,tɹænsmˈɪt,transmit,5547,5,,1
15759,skicovat,sketch,skˈɛtʃ,sketch,5548,5,,1
15760,přijat,adopted,ɐdˈɑːptᵻd,adopted,5549,5,,1
15761,trek,trek,tɹˈɛk,trek,5550,5,,1
15762,řadit se,queue,kjˈuː,queue,5551,5,,1
15763,ohromně,tremendously,tɹəmˈɛndəsli,tremendously,5552,5,,1
15764,tremor,tremor,tɹˈɛmɚ,tremor,5553,5,,1
15765,sprejovat,spray,spɹˈeɪ,spray,5554,5,,1
15766,soud,trial,tɹˈaɪəl,trial,5555,5,,1
15767,trojúhelník,triangle,tɹˈaɪæŋɡəl,triangle,5556,5,,1
15768,kmen,tribe,tɹˈaɪb,tribe,5557,5,,1
15769,oklamat,trick,tɹˈɪk,trick,5558,5,,1
15770,aristokracie,aristocracy,ˌæɹɪstˈɑːkɹəsi,aristocracy,5559,5,,1
15771,záludný,tricky,tɹˈɪki,tricky,5560,5,,1
15772,dotaz,query,kwˈiəɹi,query,5561,5,,1
15773,smlouva,treaty,tɹˈiːɾi,treaty,5562,5,,1
15774,přenos,transmission,tɹænsmˈɪʃən,transmission,5563,5,,1
15775,stojící za zmínku,quotable,kwˈoʊɾəbəl,quotable,5564,5,,1
15776,citát,quotation,kwoʊtˈeɪʃən,quotation,5565,5,,1
15777,odstředěný,skim,skˈɪm,skim,5566,5,,1
15778,dovedně,skilfully,skˈɪlfəli,skilfully,5567,5,,1
15779,šikovný,skilful,skˈɪlfəl,skilful,5568,5,,1
15780,stopovat,trail,tɹˈeɪl,trail,5569,5,,1
15781,radar,radar,ɹˈeɪdɑːɹ,radar,5570,5,,1
15782,přívěs,trailer,tɹˈeɪlɚ,trailer,5571,5,,1
15783,uškrtit,strangle,stɹˈæŋɡəl,strangle,5572,5,,1
15784,praktikant,trainee,tɹˈeɪniː,trainee,5573,5,,1
15785,trenér,trainer,tɹˈeɪnɚ,trainer,5574,5,,1
15786,nosič,rack,ɹˈæk,rack,5575,5,,1
15787,vlastnost,trait,tɹˈeɪt,trait,5576,5,,1
15788,zrádce,traitor,tɹˈeɪɾɚ,traitor,5577,5,,1
15789,tulák,tramp,tɹˈæmp,tramp,5578,5,,1
15790,dupat,trample,tɹˈæmpəl,trample,5579,5,,1
15791,přepis,transcript,tɹˈænskɹɪpt,transcript,5580,5,,1
15792,rasista,racist,ɹˈeɪsɪst,racist,5581,5,,1
15793,překladatel,translator,tɹænslˈeɪɾɚ,translator,5582,5,,1
15794,překlad,translation,tɹænslˈeɪʃən,translation,5583,5,,1
15795,zahlédnout,spot,spˈɑːt,spot,5584,5,,1
15796,tranzitivní,transitive,tɹˈænsᵻtˌɪv,transitive,5585,5,,1
15797,moderátor,anchorman,ˈæŋkɚmən,anchorman,5586,5,,1
15798,citovat,quote,kwˈoʊt,quote,5587,5,,1
15799,Antivirus,antivirus,ˌæntɪvˈaɪɹəs,antivirus,5588,5,,1
15800,citát,quote,kwˈoʊt,quote,5589,5,,1
15801,tranzistor,transistor,tɹænzˈɪstɚ,transistor,5590,5,,1
15802,přechodný,transient,tɹˈænsiənt,transient,5591,5,,1
15803,transfúze,transfusion,tɹænsfjˈuːʒən,transfusion,5592,5,,1
11497,zručný,skilled,skˈɪld,skilled,5593,5,,1
15804,převod,transfer,tɹˈænsfɜː,transfer,5594,5,,1
15805,rasismus,racism,ɹˈeɪsɪzəm,racism,5595,5,,1
15806,přechod,transition,tɹænsˈɪʃən,transition,5596,5,,1
15807,obchodník,trader,tɹˈeɪdɚ,trader,5597,5,,1
15808,skateboardista,skateboarder,skˈeɪtbɔːɹdɚ,skateboarder,5598,5,,1
15809,skateboard,skateboard,skˈeɪtbɔːɹd,skateboard,5599,5,,1
15810,turbulentní,turbulent,tˈɜːbjʊlənt,turbulent,5600,5,,1
15811,zmatený,puzzled,pˈʌzəld,puzzled,5601,5,,1
15812,správní,administrative,ɐdmˈɪnɪstɹˌeɪɾɪv,administrative,5602,5,,1
15813,nastavení,adjustment,ɐdʒˈʌstmənt,adjustment,5603,5,,1
15814,spolubydlící,roommate,ɹˈuːmeɪt,roommate,5604,5,,1
15815,tutor,tutor,tˈuːɾɚ,tutor,5605,5,,1
15816,přiměřeně,adequately,ˈædɪkwətli,adequately,5606,5,,1
15817,dýchání,respiration,ɹˌɛspᵻɹˈeɪʃən,respiration,5607,5,,1
15818,blikat,twinkle,twˈɪŋkəl,twinkle,5608,5,,1
15819,švagrová,sister-in-law,sˈɪstɚɹɪnlˈɔː,sisterinlaw,5609,5,,1
15820,houpačka,seesaw,sˈiːsɔː,seesaw,5610,5,,1
15821,zkroucený,twisted,twˈɪstᵻd,twisted,5611,5,,1
15822,adekvátní,adequate,ˈædɪkwət,adequate,5612,5,,1
15823,respektován,respected,ɹᵻspˈɛktᵻd,respected,5613,5,,1
15824,tyfus,typhoid,tˈaɪfɔɪd,typhoid,5614,5,,1
15825,respirační,respiratory,ɹˈɛspɹətˌɔːɹi,respiratory,5615,5,,1
15826,tyranie,tyranny,tˈɪɹəni,tyranny,5616,5,,1
15827,tyran,tyrant,tˈaɪɹənt,tyrant,5617,5,,1
15828,tabulkový procesor,spreadsheet,spɹˈɛdʃiːt,spreadsheet,5618,5,,1
15829,konečný,ultimate,ˈʌltᵻmət,ultimate,5619,5,,1
15830,nakonec,ultimately,ˈʌltᵻmətli,ultimately,5620,5,,1
15831,nadmořská výška,altitude,ˈæltɪtˌuːd,altitude,5621,5,,1
15832,pronásledování,pursuit,pɚsˈuːt,pursuit,5622,5,,1
15833,nepřijatelný,unacceptable,ʌnɐksˈɛptəbəl,unacceptable,5623,5,,1
15834,úzkost,anguish,ˈæŋɡwɪʃ,anguish,5624,5,,1
15835,nestydatě,unashamedly,ʌnɐʃˈeɪmɪdli,unashamedly,5625,5,,1
15836,neatraktivní,unattractive,ʌnɐtɹˈæktɪv,unattractive,5626,5,,1
15837,neoprávněný,unauthorised,ʌnˈɔːθɚɹˌaɪzd,unauthorised,5627,5,,1
15838,cílevědomý,purposeful,pˈɜːpəsfəl,purposeful,5628,5,,1
15839,segment,segment,sˈɛɡmənt,segment,5629,5,,1
15840,slaný,salty,sˈɔlti,salty,5630,5,,1
15841,kvalifikace,qualification,kwˌɔlɪfɪkˈeɪʃən,qualification,5631,5,,1
15842,nádor,tumour,tˈuːmɚ,tumour,5632,5,,1
15843,klopýtnout,trip,tɹˈɪp,trip,5633,5,,1
15844,přímočarý,straightforward,stɹeɪtfˈɔːɹwɚd,straightforward,5634,5,,1
15845,triviální,trivial,tɹˈɪvɪəl,trivial,5635,5,,1
15846,vozík,trolley,tɹˈɑːli,trolley,5636,5,,1
15847,divný,queer,kwˈɪɹ,queer,5637,5,,1
15848,oddíl,troop,tɹˈuːp,troop,5638,5,,1
15849,trofej,trophy,tɹˈoʊfi,trophy,5639,5,,1
15850,obratník,tropic,tɹˈɑːpɪk,tropic,5640,5,,1
15851,narovnat,straighten,stɹˈeɪtən,straighten,5641,5,,1
15852,růžový,rosy,ɹˈoʊzi,rosy,5642,5,,1
15853,problematické,troublesome,tɹˈʌbəlsˌʌm,troublesome,5643,5,,1
15854,nesporně,admittedly,ɐdmˈɪɾᵻdli,admittedly,5644,5,,1
15855,Anchorperson,anchorperson,ˈæŋkɚpɚsən,anchorperson,5645,5,,1
15856,svárlivý,quarrelsome,kwˈɔːɹəlsˌʌm,quarrelsome,5646,5,,1
15857,hádka,quarrel,kwˈɔːɹəl,quarrel,5647,5,,1
15858,kufr,trunk,tɹˈʌŋk,trunk,5648,5,,1
15859,hádat se,quarrel,kwˈɔːɹəl,quarrel,5649,5,,1
15860,tulipán,tulip,tjˈuːlɪp,tulip,5650,5,,1
15861,výuka,tuition,tuːˈɪʃən,tuition,5651,5,,1
11498,tahat,tug,tˈʌɡ,tug,5652,5,,1
15862,obdivuhodný,admirable,ˈædmᵻɹəbəl,admirable,5653,5,,1
15863,tuberkulóza,tuberculosis,tˌuːbɚkjʊlˈoʊsɪs,tuberculosis,5654,5,,1
15864,vyčíslit,quantify,kwˈɔntᵻfˌaɪ,quantify,5655,5,,1
15865,trio,trio,tɹˈiːoʊ,trio,5656,5,,1
15866,vana,tub,tˈʌb,tub,5657,5,,1
15867,obdivuhodně,admiringly,ɐdmˈaɪɚɹɪŋli,admiringly,5658,5,,1
15868,pravdivost,truthfulness,tɹˈuːθfəlnəs,truthfulness,5659,5,,1
15869,pravdivý,truthful,tɹˈuːθfəl,truthful,5660,5,,1
15870,věrný,trusty,tɹˈʌsti,trusty,5661,5,,1
15871,slušně,respectably,ɹᵻspˈɛktəbli,respectably,5662,5,,1
15872,důvěra,trust,tɹˈʌst,trust,5663,5,,1
15873,karanténa,quarantine,kwˈɔːɹəntˌiːn,quarantine,5664,5,,1
15874,radikál,radical,ɹˈædɪkəl,radical,5665,5,,1
15875,přeskočit,skip,skˈɪp,skip,5667,5,,1
15876,laskavě,affectionately,ɐfˈɛkʃənətli,affectionately,5668,5,,1
15877,zpustošení,ravage,ɹˈævɪdʒ,ravage,5669,5,,1
15878,chrastit,rattle,ɹˈæɾəl,rattle,5670,5,,1
15879,láskyplný,affectionate,ɐfˈɛkʃənət,affectionate,5671,5,,1
15880,scrooge,scrooge,skɹˈuːdʒ,scrooge,5672,5,,1
15881,důkladně,thoroughly,θˈʌɹoʊli,thoroughly,5673,5,,1
15882,suť,rubble,ɹˈʌbəl,rubble,5674,5,,1
15883,přemýšlivý,thoughtful,θˈɔːtfəl,thoughtful,5675,5,,1
15884,bezohledný,thoughtless,θˈɔːtləs,thoughtless,5676,5,,1
11499,vlákno,thread,θɹˈɛd,thread,5677,5,,1
15886,sponzorovat,sponsor,spˈɑːnsɚ,sponsor,5678,5,,1
15887,vyhrožovat,threaten,θɹˈɛʔn̩,threaten,5679,5,,1
15888,za třetí,thirdly,θˈɜːdli,thirdly,5680,5,,1
15889,potápění,scuba,skˈuːbə,scuba,5681,5,,1
15890,vzrušení,thrill,θɹˈɪl,thrill,5682,5,,1
15891,nadšený,thrilled,θɹˈɪld,thrilled,5683,5,,1
15892,vzrušující,thrilling,θɹˈɪlɪŋ,thrilling,5684,5,,1
15893,hrdlo,throat,θɹˈoʊt,throat,5685,5,,1
15894,zdůrazňovat,stress,stɹˈɛs,stress,5686,5,,1
15895,kosa,scythe,sˈaɪð,scythe,5687,5,,1
15896,třít,rub,ɹˈʌb,rub,5688,5,,1
15897,sklouznout,slide,slˈaɪd,slide,5689,5,,1
15898,vyrážka,rash,ɹˈæʃ,rash,5690,5,,1
15899,krájet,slice,slˈaɪs,slice,5691,5,,1
15900,pečeť,seal,sˈiːl,seal,5692,5,,1
15901,odstoupit,resign,ɹɪzˈaɪn,resign,5693,5,,1
15902,hliník,aluminium,ˌæljʊmˈɪniəm,aluminium,5694,5,,1
15903,šimrání,tickle,tˈɪkəl,tickle,5695,5,,1
15904,střípek,sliver,slˈɪvɚ,sliver,5696,5,,1
15905,třetí osoba,third person,θˈɜːd pˈɜːsən,third_person,5697,5,,1
15906,myslitel,thinker,θˈɪŋkɚ,thinker,5698,5,,1
15907,cenově dostupné,affordable,ɐfˈɔːɹdəbəl,affordable,5699,5,,1
15908,analytik,analyst,ˈænɐlˌɪst,analyst,5700,5,,1
15909,děsivé,terrifying,tˈɛɹᵻfˌaɪɪŋ,terrifying,5701,5,,1
15910,území,territory,tˈɛɹɪtˌɔːɹi,territory,5702,5,,1
15911,nemovitost,real estate,ɹˈiːəl ᵻstˈeɪt,real_estate,5703,5,,1
15912,mluvčí,spokesman,spˈoʊksmən,spokesman,5704,5,,1
15913,agresivně,aggressively,ɐɡɹˈɛsɪvli,aggressively,5705,5,,1
15914,zkoušet,test,tˈɛst,test,5706,5,,1
15915,svědčit,testify,tˈɛstᵻfˌaɪ,testify,5707,5,,1
15916,svědectví,testimony,tˈɛstᵻməni,testimony,5708,5,,1
15917,nedbalý,sloppy,slˈɑːpi,sloppy,5709,5,,1
15918,krok,stride,stɹˈaɪd,stride,5710,5,,1
15919,šroubovat,screw,skɹˈuː,screw,5711,5,,1
15920,oblouk,arch,ˈɑːɹtʃ,arch,5712,5,,1
15921,nestárnoucí,ageless,ˈeɪdʒləs,ageless,5713,5,,1
15922,snadno,readily,ɹˈɛdili,readily,5714,5,,1
15923,mluvčí,spokeswoman,spˈoʊkswʊmən,spokeswoman,5715,5,,1
15924,téma,theme,θˈiːm,theme,5716,5,,1
15925,stehno,thigh,θˈaɪ,thigh,5717,5,,1
15926,tloušťka,thickness,θˈɪknəs,thickness,5718,5,,1
15927,hustě,thickly,θˈɪkli,thickly,5719,5,,1
15928,koberec,rug,ɹˈʌɡ,rug,5720,5,,1
15929,práce,thesis,θˈiːsɪs,thesis,5721,5,,1
15930,teploměr,thermometer,θɜːmˈɑːmɪɾɚ,thermometer,5722,5,,1
15931,královské hodnosti,royalty,ɹˈɔɪəlɾi,royalty,5723,5,,1
15932,poté,thereafter,ðɛɹˈæftɚ,thereafter,5724,5,,1
15933,terapie,therapy,θˈɛɹəpi,therapy,5725,5,,1
15934,terapeut,therapist,θˈɛɹəpˌɪst,therapist,5726,5,,1
15935,čmáranice,scribble,skɹˈɪbəl,scribble,5727,5,,1
15936,reakce,reaction,ɹɪˈækʃən,reaction,5728,5,,1
15937,teoretik,theorist,θˈiəɹɪst,theorist,5729,5,,1
15938,archeolog,archeologist,ˌɑːɹkɪˈɑːlədʒˌɪst,archeologist,5730,5,,1
15939,přísně,strictly,stɹˈɪktli,strictly,5731,5,,1
15940,rezignace,resignation,ɹˌɛzɪɡnˈeɪʃən,resignation,5732,5,,1
15941,znásilňovat,rape,ɹˈeɪp,rape,5733,5,,1
15942,znásilnění,rape,ɹˈeɪp,rape,5734,5,,1
15943,dobrodružný,adventurous,ɐdvˈɛntʃɚɹəs,adventurous,5735,5,,1
15944,tón,ton,tˈʌn,ton,5736,5,,1
15945,slang,slang,slˈæŋ,slang,5737,5,,1
15946,příchod,advent,ˈædvɛnt,advent,5738,5,,1
15947,pokrok,advancement,ɐdvˈænsmənt,advancement,5739,5,,1
15948,slam,slam,slˈæm,slam,5740,5,,1
15949,duha,rainbow,ɹˈeɪnboʊ,rainbow,5741,5,,1
15950,pochodeň,torch,tˈɔːɹtʃ,torch,5742,5,,1
15951,druhá osoba,second person,sˈɛkənd pˈɜːsən,second_person,5743,5,,1
15952,želvovina,tortoiseshell,tˈɔːɹɾəsʃˌɛl,tortoiseshell,5744,5,,1
15953,mučení,torture,tˈɔːɹtʃɚ,torture,5745,5,,1
15954,sekundární,secondary,sˈɛkəndɚɹi,secondary,5746,5,,1
15955,k nebi,skyward,skˈaɪwɚd,skyward,5747,5,,1
15956,trasa,route,ɹˈaʊt,route,5748,5,,1
15957,skřivan,skylark,skˈaɪlɑːɹk,skylark,5749,5,,1
15958,sledovat,track,tɹˈæk,track,5751,5,,1
15959,radikálně,radically,ɹˈædɪkli,radically,5752,5,,1
15960,stopovat,trace,tɹˈeɪs,trace,5753,5,,1
15961,aréna,arena,ɚɹˈiːnə,arena,5754,5,,1
15962,rádium,radium,ɹˈeɪdiəm,radium,5755,5,,1
15963,krokev,rafter,ɹˈæftɚ,rafter,5756,5,,1
15964,přitažlivost,appeal,ɐpˈiːl,appeal,5757,5,,1
15965,hadr,rag,ɹˈæɡ,rag,5758,5,,1
15966,toxický,toxic,tˈɑːksɪk,toxic,5759,5,,1
15967,ozdobit,adorn,ɐdˈɔːɹn,adorn,5760,5,,1
15968,kotviště,anchorage,ˈæŋkɚɹɪdʒ,anchorage,5761,5,,1
15969,za druhé,secondly,sˈɛkəndli,secondly,5762,5,,1
15970,tvrdý,tough,tˈʌf,tough,5763,5,,1
15971,ukotvit,anchor,ˈæŋkɚ,anchor,5764,5,,1
19604,uctívat,adore,ɐdˈɔːɹ,adore,5765,5,,1
15972,nevědomý,unaware,ˌʌnəwˈɛɹ,unaware,5766,5,,1
15973,mýtné,toll,tˈoʊl,toll,5767,5,,1
15974,tolerantní,tolerant,tˈɑːlɚɹənt,tolerant,5768,5,,1
15975,lano,tightrope,tˈaɪtɹoʊp,tightrope,5769,5,,1
15976,odpor,resistance,ɹᵻsˈɪstəns,resistance,5770,5,,1
15977,nadčasový,timeless,tˈaɪmləs,timeless,5771,5,,1
15978,včasnost,timeliness,tˈaɪmlinəs,timeliness,5772,5,,1
15979,rezoluce,resolution,ɹˌɛzəlˈuːʃən,resolution,5773,5,,1
15980,ranger,ranger,ɹˈeɪndʒɚ,ranger,5774,5,,1
15981,dostřel,range,ɹˈeɪndʒ,range,5775,5,,1
15982,časy,times,tˈaɪmz,times,5776,5,,1
15983,načasování,timing,tˈaɪmɪŋ,timing,5777,5,,1
15984,veslovat,row,ɹˈoʊ,row,5778,5,,1
15985,jezdec,rider,ɹˈaɪdɚ,rider,5779,5,,1
15986,rampa,ramp,ɹˈæmp,ramp,5780,5,,1
15987,spropitné,tip,tˈɪp,tip,5781,5,,1
15988,chodit po špičkách,tiptoe,tˈɪptoʊ,tiptoe,5782,5,,1
15989,sezónní,seasonal,sˈiːzənəl,seasonal,5783,5,,1
15990,beran,ram,ɹˈæm,ram,5784,5,,1
15991,rezonanční,resonant,ɹˈɛzənənt,resonant,5785,5,,1
15992,bouřka,rainstorm,ɹˈeɪnstɔːɹm,rainstorm,5786,5,,1
15993,facka,slap,slˈæp,slap,5787,5,,1
15994,dřina,toil,tˈɔɪl,toil,5788,5,,1
15995,nepříznivý,adverse,ædvˈɜːs,adverse,5789,5,,1
15996,nehet,toenail,tˈoʊneɪl,toenail,5790,5,,1
15997,nepříznivě,adversely,ædvˈɜːsli,adversely,5791,5,,1
15998,tolerovat,tolerate,tˈɑːlɚɹˌeɪt,tolerate,5792,5,,1
15999,arktický,arctic,ˈɑːɹktɪk,arctic,5793,5,,1
16000,nepřízeň osudu,adversity,ædvˈɚsᵻɾi,adversity,5794,5,,1
16001,lomítko,slash,slˈæʃ,slash,5795,5,,1
16002,porážka,slaughter,slˈɔːɾɚ,slaughter,5796,5,,1
16003,únavné,tiresome,tˈaɪɚsʌm,tiresome,5797,5,,1
16004,únava,tiredness,tˈaɪɚdnəs,tiredness,5798,5,,1
16005,shromáždění,rally,ɹˈæli,rally,5799,5,,1
16006,vrazit facku,slap,slˈæp,slap,5800,5,,1
16007,polekat,startle,stˈɑːɹɾəl,startle,5801,5,,1
16008,kánon,canon,kˈænən,canon,5802,5,,1
16009,popularizovat,popularise,pˈɑːpjʊlɚɹˌaɪz,popularise,5803,5,,1
16010,etický,ethic,ˈɛθɪk,ethic,5804,5,,1
16011,etnický,ethnic,ˈɛθnɪk,ethnic,5805,5,,1
16012,evakuuji,evacuate,ɪvˈækjuːˌeɪt,evacuate,5806,5,,1
16013,evakuace,evacuation,ɪvˌækjuːˈeɪʃən,evacuation,5807,5,,1
16014,hodnotit,evaluate,ɪvˈæljuːˌeɪt,evaluate,5808,5,,1
16015,hodnocení,evaluation,ɪvˌæljuːˈeɪʃən,evaluation,5809,5,,1
16016,věčný,everlasting,ˌɛvɚlˈæstɪŋ,everlasting,5810,5,,1
16017,statečnost,bravery,bɹˈeɪvɚɹi,bravery,5811,5,,1
16018,zřejmě,evidently,ˈɛvɪdəntli,evidently,5812,5,,1
16019,zlo,evil,ˈiːvəl,evil,5813,5,,1
16020,vývoj,evolution,ˌɛvəlˈuːʃən,evolution,5814,5,,1
16021,vyvíjet se,evolve,ɪvˈɑːlv,evolve,5815,5,,1
16022,přesnost,exactness,ɛɡzˈæktnəs,exactness,5816,5,,1
16023,přehánět,exaggerate,ɛɡzˈædʒɚɹˌeɪt,exaggerate,5817,5,,1
16024,přehánění,exaggeration,ɛɡzˌædʒɚɹˈeɪʃən,exaggeration,5818,5,,1
16025,oslavovat,exalt,ɛɡzˈɑːlt,exalt,5819,5,,1
16026,zkoušený,examinee,ɛɡzˈæmɪnˌiː,examinee,5820,5,,1
16027,překročit,exceed,ɛksˈiːd,exceed,5821,5,,1
16028,vynikat,excel,ɛksˈɛl,excel,5822,5,,1
16029,výjimka,exception,ɛksˈɛpʃən,exception,5823,5,,1
16030,výjimečný,exceptional,ɛksˈɛpʃənəl,exceptional,5824,5,,1
16031,věčně,eternally,ɪtˈɜːnəli,eternally,5825,5,,1
16032,odhadnutý,estimated,ˈɛstᵻmˌeɪɾᵻd,estimated,5826,5,,1
16033,majetek,estate,ᵻstˈeɪt,estate,5827,5,,1
16034,rozbitý,breakable,bɹˈeɪkəbəl,breakable,5828,5,,1
16035,pohltit,engulf,ɛŋɡˈʌlf,engulf,5829,5,,1
16036,zvýšit,enhance,ɛnhˈæns,enhance,5830,5,,1
16037,zapsat,enrol,ɛnɹˈoʊl,enrol,5831,5,,1
16038,podnik,enterprise,ˈɛntɚpɹˌaɪz,enterprise,5832,5,,1
16039,zábavný,entertaining,ˌɛntɚtˈeɪnɪŋ,entertaining,5833,5,,1
16040,nadšeně,enthusiastically,ɛnθˌuːziˈæstɪkli,enthusiastically,5834,5,,1
16041,opravňovat,entitle,ɛntˈaɪɾəl,entitle,5835,5,,1
16042,podnikatel,entrepreneur,ˌɑːntɹɪpɹənˈʊɹ,entrepreneur,5836,5,,1
16043,prostředí,environment,ɛnvˈaɪɹənmənt,environment,5837,5,,1
16044,výjimečně,exceptionally,ɛksˈɛpʃənəli,exceptionally,5838,5,,1
16045,ekologicky,environmentally,ɛnvˌaɪɹənmˈɛntəli,environmentally,5839,5,,1
16046,závidět,envy,ˈɛnvi,envy,5840,5,,1
16047,rovnat se,equal,ˈiːkwəl,equal,5841,5,,1
16048,rovnice,equation,ᵻkwˈeɪʒən,equation,5842,5,,1
16049,vybavit,equip,ɪkwˈɪp,equip,5843,5,,1
16050,vlastní kapitál,equity,ˈɛkwᵻɾi,equity,5844,5,,1
16051,postavit,erect,ɪɹˈɛkt,erect,5845,5,,1
16052,vybuchnout,erupt,ɪɹˈʌpt,erupt,5846,5,,1
16053,výbuch,eruption,ɪɹˈʌpʃən,eruption,5847,5,,1
16054,esejista,essayist,ˈɛseɪˌɪst,essayist,5848,5,,1
16055,v podstatě,essentially,ᵻsˈɛnʃəli,essentially,5849,5,,1
16056,nadměrný,excessive,ɛksˈɛsɪv,excessive,5850,5,,1
16057,brzdit,brake,bɹˈeɪk,brake,5851,5,,1
16058,zvolat,exclaim,ɛksklˈeɪm,exclaim,5852,5,,1
16059,vývozní,export,ˈɛkspɔːɹt,export,5853,5,,1
16060,expresivní,expressive,ɛkspɹˈɛsɪv,expressive,5854,5,,1
16061,vynikající,exquisite,ɛkskwˈɪsɪt,exquisite,5855,5,,1
16062,rozšíření,extension,ɛkstˈɛnʃən,extension,5856,5,,1
16063,rozsáhlý,extensive,ɛkstˈɛnsɪv,extensive,5857,5,,1
16064,externí,external,ɛkstˈɜːnəl,external,5858,5,,1
16065,výpis,extract,ˈɛkstɹækt,extract,5859,5,,1
16066,vytáhnout,extract,ˈɛkstɹækt,extract,5860,5,,1
16067,mimořádně,extraordinarily,ɛkstɹˌɔːɹdɪnˈɛɹᵻli,extraordinarily,5861,5,,1
16068,plesající,exultant,ɛɡzˈʌltənt,exultant,5862,5,,1
16069,chválit se,brag,bɹˈæɡ,brag,5863,5,,1
16070,řasa,eyelash,ˈaɪlæʃ,eyelash,5864,5,,1
16071,oční víčko,eyelid,ˈaɪlɪd,eyelid,5865,5,,1
16072,tkanina,fabric,fˈæbɹɪk,fabric,5866,5,,1
16073,báječný,fabulous,fˈæbjʊləs,fabulous,5867,5,,1
16074,konzola,bracket,bɹˈækɪt,bracket,5868,5,,1
16075,usnadnit,facilitate,fəsˈɪlᵻtˌeɪt,facilitate,5869,5,,1
16076,zařízení,facilities,fəsˈɪlᵻɾiz,facilities,5870,5,,1
16077,faktor,factor,fˈæktɚ,factor,5871,5,,1
16078,fakulta,faculty,fˈækəlti,faculty,5872,5,,1
16079,omdlít,faint,fˈeɪnt,faint,5873,5,,1
16080,obočí,eyebrow,ˈaɪbɹaʊ,eyebrow,5874,5,,1
16081,angažovanost,engagement,ɛŋɡˈeɪdʒmənt,engagement,5875,5,,1
16082,explozivní,explosive,ɛksplˈoʊsɪv,explosive,5876,5,,1
16083,využívat,exploit,ˈɛksplɔɪt,exploit,5877,5,,1
16084,vykřičník,exclamation mark,ɛksklɐmˈeɪʃən mˈɑːɹk,exclamation_mark,5878,5,,1
16085,vyloučit,exclude,ɛksklˈuːd,exclude,5879,5,,1
16086,vyloučení,exclusion,ɛksklˈuːʒən,exclusion,5880,5,,1
16087,výhradně,exclusively,ɛksklˈuːsɪvli,exclusively,5881,5,,1
16088,výlet,excursion,ɛkskˈɜːʃən,excursion,5882,5,,1
16089,vykonat,execute,ˈɛksᵻkjˌuːt,execute,5883,5,,1
16090,provedení,execution,ˌɛksɪkjˈuːʃən,execution,5884,5,,1
16091,výkonný,executive,ɛɡzˈɛkjuːtˌɪv,executive,5885,5,,1
16092,vedoucí pracovník,executive,ɛɡzˈɛkjuːtˌɪv,executive,5886,5,,1
16093,výfuk,exhaust,ɛɡzˈɔːst,exhaust,5887,5,,1
16094,badatel,explorer,ɛksplˈɔːɹɚ,explorer,5888,5,,1
16095,vyčerpávající,exhausting,ɛɡzˈɔːstɪŋ,exhausting,5889,5,,1
16096,vyhnanství,exile,ˈɛɡzaɪl,exile,5890,5,,1
16097,existující,existing,ɛɡzˈɪstɪŋ,existing,5891,5,,1
16098,exotický,exotic,ɛɡzˈɑːɾɪk,exotic,5892,5,,1
16099,rozšíření,expansion,ɛkspˈænʃən,expansion,5893,5,,1
16100,očekávání,expectation,ɛkspɪktˈeɪʃən,expectation,5894,5,,1
16101,očekávaný,expected,ɛkspˈɛktᵻd,expected,5895,5,,1
16102,expedice,expedition,ˌɛkspədˈɪʃən,expedition,5896,5,,1
16103,experimentovat,experiment,ɛkspˈɛɹɪmənt,experiment,5897,5,,1
16104,explodovat,explode,ɛksplˈoʊd,explode,5898,5,,1
16105,vyčerpání,exhaustion,ɛɡzˈɔːstʃən,exhaustion,5899,5,,1
16106,prosadit,enforce,ɛnfˈɔːɹs,enforce,5900,5,,1
16107,trvalý,enduring,ɛndˈʊɹɹɪŋ,enduring,5901,5,,1
16108,pád,downfall,dˈaʊnfɔːl,downfall,5902,5,,1
16109,stažení,download,dˈaʊnloʊd,download,5903,5,,1
16110,zmenšit,downsize,dˈaʊnsaɪz,downsize,5904,5,,1
16111,věno,dowry,dˈaʊɹi,dowry,5905,5,,1
16112,návrh,draught,dɹˈæft,draught,5906,5,,1
16113,vypustit,drain,dɹˈeɪn,drain,5907,5,,1
16114,stoka,drain,dɹˈeɪn,drain,5908,5,,1
16115,dramaticky,dramatically,dɹəmˈæɾɪkli,dramatically,5909,5,,1
16116,textil,drapery,dɹˈeɪpɚɹi,drapery,5910,5,,1
16117,širokopásmové připojení,broadband,bɹˈɔːdbænd,broadband,5911,5,,1
16118,strach,dread,dɹˈɛd,dread,5912,5,,1
16119,strašný,dreadful,dɹˈɛdfəl,dreadful,5913,5,,1
16120,zasněný,dreamy,dɹˈiːmi,dreamy,5914,5,,1
16121,skvěle,brilliantly,bɹˈɪliəntli,brilliantly,5915,5,,1
16122,pitný,drinkable,dɹˈɪŋkəbəl,drinkable,5916,5,,1
16123,vadnout,droop,dɹˈuːp,droop,5917,5,,1
16124,odpadnutí,dropout,dɹˈɑːpaʊt,dropout,5918,5,,1
16125,sucho,drought,dɹˈaʊt,drought,5919,5,,1
16126,souboj,duel,dˈuːəl,duel,5920,5,,1
16127,němý,dumb,dˈʌm,dumb,5921,5,,1
16128,duplikát,duplicate,dˈuːplᵻkˌeɪt,duplicate,5922,5,,1
16129,vysílat,broadcast,bɹˈɔːdkæst,broadcast,5923,5,,1
16130,holubice,dove,dˈʌv,dove,5924,5,,1
16131,pochybný,doubtful,dˈaʊtfəl,doubtful,5925,5,,1
16132,DNA,DNA,dˌiːˌɛnˈeɪ,dna,5926,5,,1
16133,dok,dock,dˈɑːk,dock,5927,5,,1
16134,brožura,brochure,bɹoʊʃˈʊɹr,brochure,5928,5,,1
16135,široce,broadly,bɹˈɔːdli,broadly,5929,5,,1
16136,rozšířit,broaden,bɹˈɔːdən,broaden,5930,5,,1
16137,domácí,domestic,dəmˈɛstɪk,domestic,5931,5,,1
16138,ovládat,dominate,dˈɑːmᵻnˌeɪt,dominate,5932,5,,1
16139,darovat,donate,doʊnˈeɪt,donate,5933,5,,1
16140,dar,donation,doʊnˈeɪʃən,donation,5934,5,,1
16141,zdvojení,duplication,dˌuːplɪkˈeɪʃən,duplication,5935,5,,1
16142,osel,donkey,dˈɔŋki,donkey,5936,5,,1
16143,vysílatel,broadcaster,bɹˈɔːdkæstɚ,broadcaster,5937,5,,1
16144,vrátný,doorkeeper,dˈɔːɹkiːpɚ,doorkeeper,5938,5,,1
16145,vchod,doorway,dˈɔːɹweɪ,doorway,5939,5,,1
16146,koleji,dorm,dˈɔːɹm,dorm,5940,5,,1
16147,ubytovna,dormitory,dˈɔːɹmɪtˌɔːɹi,dormitory,5941,5,,1
16148,dávka,dose,dˈoʊs,dose,5942,5,,1
16149,zdvojnásobit,double,dˈʌbəl,double,5943,5,,1
16150,dvojník,double,dˈʌbəl,double,5944,5,,1
16151,dvojnásobně,doubly,dˈʌbli,doubly,5945,5,,1
16152,pochybovat,doubt,dˈaʊt,doubt,5946,5,,1
11509,osud,doom,dˈuːm,doom,5947,5,,1
11510,barvivo,dye,dˈaɪ,dye,5948,5,,1
16153,dynamický,dynamic,daɪnˈæmɪk,dynamic,5949,5,,1
16154,elegance,elegance,ˈɛlɪɡəns,elegance,5950,5,,1
16155,elegantní,elegant,ˈɛlɪɡənt,elegant,5951,5,,1
16156,elegantně,elegantly,ˈɛlɪɡəntli,elegantly,5952,5,,1
16157,elementární,elemental,ˌɛlɪmˈɛntəl,elemental,5953,5,,1
16158,rozpad,breakup,bɹˈeɪkʌp,breakup,5954,5,,1
16159,oprávněný,eligible,ˈɛlɪdʒəbəl,eligible,5955,5,,1
16160,elita,elite,ɪlˈiːt,elite,5956,5,,1
16161,výmluvnost,eloquence,ˈɛləkwəns,eloquence,5957,5,,1
16162,výmluvný,eloquent,ˈɛləkwənt,eloquent,5958,5,,1
16163,velvyslanectví,embassy,ˈɛmbəsi,embassy,5959,5,,1
16164,elektronika,electronics,ᵻlɛktɹˈɑːnɪks,electronics,5960,5,,1
16165,objetí,embrace,ɛmbɹˈeɪs,embrace,5961,5,,1
16166,důrazně,emphatically,ɛmfˈæɾɪkli,emphatically,5962,5,,1
16167,zaměstnanec,employee,ɛmplˈɔɪiː,employee,5963,5,,1
16168,zaměstnavatel,employer,ɛmplˈɔɪɚ,employer,5964,5,,1
16169,setkat se,encounter,ɛŋkˈaʊntɚ,encounter,5965,5,,1
16170,zhroucení,breakdown,bɹˈeɪkdaʊn,breakdown,5966,5,,1
16171,usilovat,endeavour,ɛndˈɛvɚ,endeavour,5967,5,,1
16172,nekonečně,endlessly,ˈɛndləsli,endlessly,5968,5,,1
16173,podporovat,endorse,ɛndˈɔːɹs,endorse,5969,5,,1
16174,vytrvalost,endurance,ɛndˈʊɹɹəns,endurance,5970,5,,1
16175,vznik,emergence,ɪmˈɜːdʒəns,emergence,5971,5,,1
16176,energie,energy,ˈɛnɚdʒi,energy,5972,5,,1
16177,elektronicky,electronically,ᵻlɛktɹˈɑːnɪkli,electronically,5973,5,,1
16178,volitelný,elective,ᵻlˈɛktɪv,elective,5974,5,,1
16179,pivovar,brewery,bɹˈuːɚɹi,brewery,5975,5,,1
16180,svěží,breezy,bɹˈiːzi,breezy,5976,5,,1
16181,dychtivě,eagerly,ˈiːɡɚli,eagerly,5977,5,,1
16182,orel,eagle,ˈiːɡəl,eagle,5978,5,,1
16183,zisk,earnings,ˈɜːnɪŋz,earnings,5979,5,,1
16184,snadnost,ease,ˈiːz,ease,5980,5,,1
16185,zmírnit,ease,ˈiːz,ease,5981,5,,1
16186,na východ,eastward,ˈiːstwɚd,eastward,5982,5,,1
16187,plemeno,breed,bɹˈiːd,breed,5983,5,,1
16188,ekologicky,ecologically,ˌɛkəlˈɑːdʒɪkli,ecologically,5984,5,,1
16189,elektrikář,electrician,ᵻlɛktɹˈɪʃən,electrician,5985,5,,1
16190,ekolog,ecologist,ɛkˈɑːlədʒˌɪst,ecologist,5986,5,,1
16191,ekonom,economist,ɪkˈɑːnəmˌɪst,economist,5987,5,,1
16192,extatický,ecstatic,ɛkstˈæɾɪk,ecstatic,5988,5,,1
16193,vzdělaný,educated,ˈɛdʒuːkˌeɪɾᵻd,educated,5989,5,,1
16194,vychovatel,educator,ˈɛdʒuːkˌeɪɾɚ,educator,5990,5,,1
16195,účinně,effectively,ɪfˈɛktɪvli,effectively,5991,5,,1
16196,účinnost,effectiveness,ɪfˈɛktɪvnəs,effectiveness,5992,5,,1
16197,dechberoucí,breathtaking,bɹˈɛθteɪkɪŋ,breathtaking,5993,5,,1
16198,zvolit,elect,ᵻlˈɛkt,elect,5994,5,,1
16199,hospodárný,economical,ˌiːkənˈɑːmɪkəl,economical,5995,5,,1
16200,rozvod,divorce,dᵻvˈɔːɹs,divorce,5996,5,,1
16201,váhat,falter,fˈɔltɚ,falter,5997,5,,1
16202,dívat se,gaze,ɡˈeɪz,gaze,5998,5,,1
16203,zařízení,gear,ɡˈɪɹ,gear,5999,5,,1
16204,zobecnění,generalisation,dʒˌɛnɚɹələzˈeɪʃən,generalisation,6000,5,,1
16205,zevšeobecnit,generalise,dʒˈɛnɚɹəlˌaɪz,generalise,6001,5,,1
16206,štědrost,generosity,dʒˌɛnɚɹˈɔsᵻɾi,generosity,6002,5,,1
16207,velkoryse,generously,dʒˈɛnɚɹəsli,generously,6003,5,,1
16208,génius,genius,dʒˈiːnɪəs,genius,6004,5,,1
16209,žánr,genre,ʒˈɑːnɹə,genre,6005,5,,1
16210,jemně,gently,dʒˈɛntli,gently,6006,5,,1
16211,originální,genuine,dʒˈɛnjuːɪn,genuine,6007,5,,1
16212,skutečně,genuinely,dʒˈɛnjuːɪnli,genuinely,6008,5,,1
16213,zeměpisný,geographic,dʒˌɪəɡɹˈæfɪk,geographic,6009,5,,1
16214,zárodek,germ,dʒˈɜːm,germ,6010,5,,1
16215,útěk,getaway,ɡˈɛɾəwˌeɪ,getaway,6011,5,,1
16216,ghetto,ghetto,ɡˈɛɾoʊ,ghetto,6012,5,,1
16217,růžová,blush,blˈʌʃ,blush,6013,5,,1
16218,vyhrknout,blurt,blˈɜːt,blurt,6014,5,,1
16219,rozmazat,blur,blˈɜː,blur,6015,5,,1
16220,prozradí,giveaway,ɡˈɪvɐwˌeɪ,giveaway,6016,5,,1
16221,glacis,glacis,ɡlˈeɪsɪs,glacis,6017,5,,1
16222,okouzlující,glamourous,ɡlˈæmɜːɹəs,glamourous,6018,5,,1
16223,křiklavý,gaudy,ɡˈɔːdi,gaudy,6019,5,,1
16224,brána,gateway,ɡˈeɪtweɪ,gateway,6020,5,,1
16225,lapat po dechu,gasp,ɡˈæsp,gasp,6021,5,,1
16226,zahradník,gardener,ɡˈɑːɹdənɚ,gardener,6022,5,,1
16227,prchat,bolt,bˈoʊlt,bolt,6023,5,,1
16228,fregata,frigate,fɹˈɪɡət,frigate,6024,5,,1
16229,šroub,bolt,bˈoʊlt,bolt,6025,5,,1
16230,tučné písmo,bold,bˈoʊld,bold,6026,5,,1
16231,hranice,frontier,fɹʌntˈɪɹ,frontier,6027,5,,1
16232,jednouchý,frugal,fɹˈuːɡəl,frugal,6028,5,,1
16233,splnit,fulfil,fʊlfˈɪl,fulfil,6029,5,,1
16234,vařící,boiling,bˈɔɪlɪŋ,boiling,6030,5,,1
16235,kouř,fume,fjˈuːm,fume,6031,5,,1
16236,oslnění,glare,ɡlˈɛɹ,glare,6032,5,,1
16237,funkční,functional,fˈʌŋkʃənəl,functional,6033,5,,1
16238,základní,fundamental,fˌʌndəmˈɛntəl,fundamental,6034,5,,1
16239,funk,funk,fˈʌŋk,funk,6035,5,,1
16240,zděšený,funky,fˈʌŋki,funky,6036,5,,1
16241,zuřivý,furious,fjˈʊɹɹiəs,furious,6037,5,,1
16242,zuřivě,furiously,fjˈʊɹɹiəsli,furiously,6038,5,,1
16243,furore,furore,fjuːɹˈɔːɹi,furore,6039,5,,1
16244,veselost,gaiety,ɡˈeɪəɾi,gaiety,6040,5,,1
16245,hazardní hry,gambling,ɡˈæmblɪŋ,gambling,6041,5,,1
16246,gang,gang,ɡˈæŋ,gang,6042,5,,1
16247,gangster,gangster,ɡˈæŋstɚ,gangster,6043,5,,1
16248,funkčnost,functionality,fˌʌŋkʃənˈælᵻɾi,functionality,6044,5,,1
16249,záblesk,gleam,ɡlˈiːm,gleam,6045,5,,1
16250,veselí,glee,ɡlˈiː,glee,6046,5,,1
16251,globální oteplování,global warming,ɡlˈoʊbəl wˈɔːɹmɪŋ,global_warming,6047,5,,1
16252,graficky,graphically,ɡɹˈæfɪkli,graphically,6048,5,,1
16253,uchopit,grasp,ɡɹˈæsp,grasp,6049,5,,1
16254,slepě,blindly,blˈaɪndli,blindly,6050,5,,1
16255,náhrobek,gravestone,ɡɹˈeɪvstoʊn,gravestone,6051,5,,1
16256,gravitace,gravitation,ɡɹˌævɪtˈeɪʃən,gravitation,6052,5,,1
16257,velikost,greatness,ɡɹˈeɪtnəs,greatness,6053,5,,1
16258,smutek,grief,ɡɹˈiːf,grief,6054,5,,1
16259,truchlit,grieve,ɡɹˈiːv,grieve,6055,5,,1
16260,ponurý,grim,ɡɹˈɪm,grim,6056,5,,1
16261,úsměv,grin,ɡɹˈɪn,grin,6057,5,,1
16262,slepota,blindness,blˈaɪndnəs,blindness,6058,5,,1
16263,rukojeť,grip,ɡɹˈɪp,grip,6059,5,,1
16264,hrubý,gross,ɡɹˈoʊs,gross,6060,5,,1
16265,směs,blend,blˈɛnd,blend,6061,5,,1
16266,hořet,blaze,blˈeɪz,blaze,6062,5,,1
16267,rostoucí,growing,ɡɹˈoʊɪŋ,growing,6063,5,,1
16268,dospělý,grown-up,ɡɹˈoʊnˈʌp,grownup,6064,5,,1
16269,zaručit,guarantee,ɡˌæɹəntˈiː,guarantee,6065,5,,1
16270,stráž,guard,ɡˈɑːɹd,guard,6066,5,,1
16271,partyzán,guerrilla,ɡɛɹˈɪlə,guerrilla,6067,5,,1
16272,požár,blaze,blˈeɪz,blaze,6068,5,,1
16273,vybuchnout,blast,blˈæst,blast,6069,5,,1
16274,uchopit,grip,ɡɹˈɪp,grip,6070,5,,1
16275,blikat,blink,blˈɪŋk,blink,6071,5,,1
16276,obilí,grain,ɡɹˈeɪn,grain,6072,5,,1
16277,globálně,globally,ɡlˈoʊbəli,globally,6073,5,,1
16278,globální,glocal,ɡlˈoʊkəl,glocal,6074,5,,1
16279,ponurý,gloomy,ɡlˈuːmi,gloomy,6075,5,,1
16280,velebit,glorify,ɡlˈɔːɹᵻfˌaɪ,glorify,6076,5,,1
16281,záře,glow,ɡlˈoʊ,glow,6077,5,,1
16282,květ,blossom,blˈɔsəm,blossom,6078,5,,1
16283,koza,goat,ɡˈoʊt,goat,6079,5,,1
16284,Bůh,god,ɡˈɑːd,god,6080,5,,1
16285,zbožný,godly,ɡˈɑːdli,godly,6081,5,,1
16286,kvetoucí,blooming,blˈuːmɪŋ,blooming,6082,5,,1
16287,velký,grand,ɡɹˈænd,grand,6083,5,,1
16288,krvavý,bloody,blˈʌdi,bloody,6084,5,,1
16289,krevní řečiště,bloodstream,blˈʌdstɹiːm,bloodstream,6085,5,,1
16290,dobrá vůle,goodwill,ɡˈʊdwɪl,goodwill,6086,5,,1
16291,gook,gook,ɡˈʊk,gook,6087,5,,1
16292,rokle,gorge,ɡˈɔːɹdʒ,gorge,6088,5,,1
16293,klábosit,gossip,ɡˈɑːsɪp,gossip,6089,5,,1
16294,vládní,governmental,ɡˌʌvɚnmˈɛntəl,governmental,6090,5,,1
16295,půvab,gracefulness,ɡɹˈeɪsfəlnəs,gracefulness,6091,5,,1
16296,postupný,gradual,ɡɹˈædʒuːəl,gradual,6092,5,,1
16297,prokletý,bloody,blˈʌdi,bloody,6093,5,,1
16298,podivín,freak,fɹˈiːk,freak,6094,5,,1
16299,zběsile,frantically,fɹˈæntɪkli,frantically,6095,5,,1
16300,divoký,fierce,fˈɪɹs,fierce,6096,5,,1
16301,botanika,botany,bˈɑːtəni,botany,6097,5,,1
16302,bojování,fighting,fˈaɪɾɪŋ,fighting,6098,5,,1
16303,pánovitý,bossy,bˈɔsi,bossy,6099,5,,1
16304,filiální,filial,fˈɪlɪəl,filial,6100,5,,1
16305,finance,finance,fˈaɪnæns,finance,6101,5,,1
16306,finančně,financially,faɪnˈænʃəli,financially,6102,5,,1
16307,jemně,finely,fˈaɪnli,finely,6103,5,,1
16308,nehet,fingernail,fˈɪŋɡɚnˌeɪl,fingernail,6104,5,,1
16309,vyhodit zaměstnance,fire,fˈaɪɚ,fire,6105,5,,1
16310,hasiči,fire brigade,fˈaɪɚ bɹɪɡˈeɪd,fire_brigade,6106,5,,1
16311,střelná zbraň,firearm,fˈaɪɚɹɑːɹm,firearm,6107,5,,1
16312,krb,fireplace,fˈaɪɚpleɪs,fireplace,6108,5,,1
16313,pevnost,firmness,fˈɜːmnəs,firmness,6109,5,,1
16314,stánek,booth,bˈuːθ,booth,6110,5,,1
16315,první jazyk,first language,fˈɜːst lˈæŋɡwɪdʒ,first_language,6111,5,,1
16316,první osoba,first person,fˈɜːst pˈɜːsən,first_person,6112,5,,1
16317,za prvé,firstly,fˈɜːstli,firstly,6113,5,,1
16318,smyšlený,fictional,fˈɪkʃənəl,fictional,6114,5,,1
16319,vlákno,fibre,fˈaɪbɚ,fibre,6115,5,,1
16320,obtěžoval,bothered,bˈɑːðɚd,bothered,6116,5,,1
16321,obtěžující,bothersome,bˈɑːðɚsˌʌm,bothersome,6117,5,,1
16322,boxer,boxer,bˈɑːksɚ,boxer,6118,5,,1
16323,fantasticky,fantastically,fæntˈæstɪkli,fantastically,6119,5,,1
16324,fascinován,fascinated,fˈæsᵻnˌeɪɾᵻd,fascinated,6120,5,,1
16325,okouzlení,fascination,fˌæsᵻnˈeɪʃən,fascination,6121,5,,1
16326,uklonit se,bow,bˈoʊ,bow,6122,5,,1
16327,bourbon,bourbon,bˈɜːbən,bourbon,6123,5,,1
16328,fatální,fatal,fˈeɪɾəl,fatal,6124,5,,1
16329,osud,fate,fˈeɪt,fate,6125,5,,1
16330,tchán,father-in-law,fˈɑːðɚɹɪnlˈɔː,fatherinlaw,6126,5,,1
16331,vadný,faulty,fˈɔlti,faulty,6127,5,,1
16332,fiskální,fiscal,fˈɪskəl,fiscal,6128,5,,1
16333,obávat se,fear,fˈɪɹ,fear,6129,5,,1
16334,výkon,feat,fˈiːt,feat,6130,5,,1
16335,rys,feature,fˈiːtʃɚ,feature,6131,5,,1
16336,odmítnout,bounce,bˈaʊns,bounce,6132,5,,1
16337,otrávený,fed up,fˈɛd ˈʌp,fed_up,6133,5,,1
16338,federální,federal,fˈɛdɚɹəl,federal,6134,5,,1
16339,zpětná vazba,feedback,fˈiːdbæk,feedback,6135,5,,1
16340,lahvovat,bottle,bˈɑːɾəl,bottle,6136,5,,1
16341,chlapík,fellow,fˈɛloʊ,fellow,6137,5,,1
16342,samička,female,fˈiːmeɪl,female,6138,5,,1
16343,trajekt,ferryboat,fˈɛɹɪbˌoʊt,ferryboat,6139,5,,1
16344,hrůzostrašný,fearsome,fˈɪɹsʌm,fearsome,6140,5,,1
16345,podpora,boost,bˈuːst,boost,6141,5,,1
16346,způsobilý,fit,fˈɪt,fit,6142,5,,1
16347,zvýšit,boost,bˈuːst,boost,6143,5,,1
16348,s láskou,fondly,fˈɑːndli,fondly,6144,5,,1
16349,pošetile,foolishly,fˈuːlɪʃli,foolishly,6145,5,,1
16350,poznámka pod čarou,footnote,fˈʊtnoʊt,footnote,6146,5,,1
16351,platnost,force,fˈɔːɹs,force,6147,5,,1
16352,energicky,forcefully,fˈɔːɹsfəli,forcefully,6148,5,,1
16353,kostnatý,bony,bˈoʊni,bony,6149,5,,1
16354,předák,foreman,fˈɔːɹmən,foreman,6150,5,,1
16355,předvídat,foresee,fɔːɹsˈiː,foresee,6151,5,,1
16356,lesnictví,forestry,fˈɔːɹɪstɹi,forestry,6152,5,,1
16357,formace,formation,fɔːɹmˈeɪʃən,formation,6153,5,,1
16358,pošetilost,folly,fˈɑːli,folly,6154,5,,1
16359,dříve,formerly,fˈɔːɹmɚli,formerly,6155,5,,1
16360,nadcházející,forthcoming,fˈɔːɹθkʌmɪŋ,forthcoming,6156,5,,1
16361,bombardování,bombing,bˈɑːmɪŋ,bombing,6157,5,,1
16362,faul,foul,fˈaʊl,foul,6158,5,,1
16363,nalezeno,found,fˈaʊnd,found,6159,5,,1
16364,bombardér,bomber,bˈɑːmɚ,bomber,6160,5,,1
16365,bombardovat,bombard,bəmbˈɑːɹd,bombard,6161,5,,1
16366,liška,fox,fˈɑːks,fox,6162,5,,1
16367,vůně,fragrance,fɹˈeɪɡɹəns,fragrance,6163,5,,1
16368,falešně obvinit,frame,fɹˈeɪm,frame,6164,5,,1
16369,upřímně řečeno,frankly,fɹˈæŋkli,frankly,6165,5,,1
16370,podvod,fraud,fɹˈɔːd,fraud,6166,5,,1
16371,následovník,follower,fˈɑːloʊɚ,follower,6167,5,,1
16372,brožur,booklet,bˈʊklɪt,booklet,6168,5,,1
16373,opraveno,fixed,fˈɪkst,fixed,6169,5,,1
16374,plamen,flame,flˈeɪm,flame,6170,5,,1
16375,klapka,flap,flˈæp,flap,6171,5,,1
16376,posvítit,flash,flˈæʃ,flash,6172,5,,1
16377,rychle ukázat,flash,flˈæʃ,flash,6173,5,,1
16378,vada,flaw,flˈɔː,flaw,6174,5,,1
16379,bezchybný,flawless,flˈɔːləs,flawless,6175,5,,1
16380,len,flax,flˈæks,flax,6176,5,,1
16381,uprchnout,flee,flˈiː,flee,6177,5,,1
16382,knižní,bookish,bˈʊkɪʃ,bookish,6178,5,,1
16383,loďstvo,fleet,flˈiːt,fleet,6179,5,,1
16384,flexibilita,flexibility,flˌɛksəbˈɪlᵻɾi,flexibility,6180,5,,1
16385,flexibilní,flexible,flˈɛksɪbəl,flexible,6181,5,,1
16386,pružně,flexibly,flˈɛksᵻbli,flexibly,6182,5,,1
16387,převrátit,flip,flˈɪp,flip,6183,5,,1
16388,plynulost,fluency,flˈuːənsi,fluency,6184,5,,1
16389,tekutina,fluid,flˈuːɪd,fluid,6185,5,,1
16390,třepetání,flutter,flˈʌɾɚ,flutter,6186,5,,1
16391,založit,bookmark,bˈʊkmɑːɹk,bookmark,6187,5,,1
16392,záložka,bookmark,bˈʊkmɑːɹk,bookmark,6188,5,,1
16393,ohnisko,focus,fˈoʊkəs,focus,6189,5,,1
16394,maso,flesh,flˈɛʃ,flesh,6190,5,,1
16395,divize,division,dᵻvˈɪʒən,division,6191,5,,1
16396,rozdělené,divided,dᵻvˈaɪdᵻd,divided,6192,5,,1
16397,odklonit,divert,daɪvˈɜːt,divert,6193,5,,1
16398,pleť,complexion,kəmplˈɛkʃən,complexion,6194,5,,1
16399,složitost,complexity,kəmplˈɛksᵻɾi,complexity,6195,5,,1
16400,komponent,component,kəmpˈoʊnənt,component,6196,5,,1
16401,chápání,comprehension,kˌɑːmpɹihˈɛnʃən,comprehension,6197,5,,1
16402,komplexní,comprehensive,kˌɑːmpɹihˈɛnsɪv,comprehensive,6198,5,,1
16403,komprimovat,compress,kəmpɹˈɛs,compress,6199,5,,1
16404,komprese,compression,kəmpɹˈɛʃən,compression,6200,5,,1
16405,dohodnout se,compromise,kˈɑːmpɹəmˌaɪz,compromise,6201,5,,1
16406,povinný,compulsory,kəmpˈʌlsɚɹi,compulsory,6202,5,,1
16407,skrývat,conceal,kənsˈiːl,conceal,6203,5,,1
16408,připustit,concede,kənsˈiːd,concede,6204,5,,1
16409,domýšlivost,conceit,kənsˈiːt,conceit,6205,5,,1
16410,myslitelné,conceivable,kənsˈiːvəbəl,conceivable,6206,5,,1
16411,otěhotnět,conceive,kənsˈiːv,conceive,6207,5,,1
16412,početí,conception,kənsˈɛpʃən,conception,6208,5,,1
16413,týkat se,concern,kənsˈɜːn,concern,6209,5,,1
16414,týkající se,concerning,kənsˈɜːnɪŋ,concerning,6210,5,,1
16415,koncese,concession,kənsˈɛʃən,concession,6211,5,,1
16416,konkrétní,concrete,kˈɑːŋkɹiːt,concrete,6212,5,,1
16417,beton,concrete,kˈɑːŋkɹiːt,concrete,6213,5,,1
16418,dokončení,completion,kəmplˈiːʃən,completion,6214,5,,1
16419,kompilovat,compile,kəmpˈaɪl,compile,6215,5,,1
16420,kompetentní,competent,kˈɑːmpɪtənt,competent,6216,5,,1
16421,pravomoc,competence,kˈɑːmpɪtəns,competence,6217,5,,1
16422,shon,bustle,bˈʌsəl,bustle,6218,5,,1
16423,kolokace,collocation,kˌɑːloʊkˈeɪʃən,collocation,6219,5,,1
16424,dvojtečka,colon,kˈoʊlən,colon,6220,5,,1
16425,koloniální,colonial,kəlˈoʊnɪəl,colonial,6221,5,,1
16426,kóma,coma,kˈoʊmə,coma,6222,5,,1
16427,česat,comb,kˈoʊm,comb,6223,5,,1
16428,pohodlně,comfortably,kˈʌmftəbli,comfortably,6224,5,,1
16429,velitel,commander,kəmˈændɚ,commander,6225,5,,1
16430,připomínat,commemorate,kəmˈɛmɚɹˌeɪt,commemorate,6226,5,,1
16431,komentovat,comment,kˈɑːmɛnt,comment,6227,5,,1
16432,odsoudit,condemn,kəndˈɛm,condemn,6228,5,,1
16433,obchod,commerce,kˈɑːmɜːs,commerce,6229,5,,1
16434,komise,commission,kəmˈɪʃən,commission,6230,5,,1
16435,společenstvi,commonwealth,kˈɑːmənwˌɛlθ,commonwealth,6231,5,,1
16436,komunikativní,communicative,kəmjˈuːnɪkətˌɪv,communicative,6232,5,,1
16437,společenství,community,kəmjˈuːnᵻɾi,community,6233,5,,1
16438,dojíždět,commute,kəmjˈuːt,commute,6234,5,,1
16439,soucit,compassion,kəmpˈæʃən,compassion,6235,5,,1
16440,soucitný,compassionate,kəmpˈæʃənət,compassionate,6236,5,,1
16441,kompatibilní,compatible,kəmpˈæɾᵻbəl,compatible,6237,5,,1
16442,kompenzovat,compensate,kˈɑːmpənsˌeɪt,compensate,6238,5,,1
16443,kompenzace,compensation,kˌɑːmpənsˈeɪʃən,compensation,6239,5,,1
16444,reklamní šot,commercial,kəmˈɜːʃəl,commercial,6240,5,,1
16445,vést,conduct,kˈɑːndʌkt,conduct,6241,5,,1
16446,dirigent,conductor,kəndˈʌktɚ,conductor,6242,5,,1
19605,kužel,cone,kˈoʊn,cone,6243,5,,1
16447,odporovat,contradict,kˌɑːntɹədˈɪkt,contradict,6244,5,,1
16448,rozpor,contradiction,kˌɑːntɹədˈɪkʃən,contradiction,6245,5,,1
16449,rozporuplné,contradictory,kˌɑːntɹədˈɪktɚɹi,contradictory,6246,5,,1
16450,výhodně,conveniently,kənvˈiːnɪəntli,conveniently,6247,5,,1
16451,konvence,convention,kənvˈɛnʃən,convention,6248,5,,1
16452,konvenční,conventional,kənvˈɛnʃənəl,conventional,6249,5,,1
16453,naopak,conversely,kənvˈɜːsli,conversely,6250,5,,1
16454,konvertovat,convert,kənvˈɜːt,convert,6251,5,,1
16455,konverze,conversion,kənvˈɜːʒən,conversion,6252,5,,1
16456,spolupracovat,cooperate,koʊˈɑːpɚɹˌeɪt,cooperate,6253,5,,1
16457,spolupráce,cooperation,koʊˈɑːpɚɹˈeɪʃən,cooperation,6254,5,,1
16458,družstevní,cooperative,koʊˈɑːpɚɹətˌɪv,cooperative,6255,5,,1
16459,zvládnout,cope,kˈoʊp,cope,6256,5,,1
16460,měď,copper,kˈɑːpɚ,copper,6257,5,,1
16461,korál,coral,kˈɔːɹəl,coral,6258,5,,1
16462,jádro,core,kˈɔːɹ,core,6259,5,,1
16463,pohřbení,burial,bˈɛɹɪəl,burial,6260,5,,1
16464,základní kámen,cornerstone,kˈɔːɹnɚstˌoʊn,cornerstone,6261,5,,1
16465,přesvědčený,convinced,kənvˈɪnst,convinced,6262,5,,1
16466,kolektor,collector,kəlˈɛktɚ,collector,6263,5,,1
16467,obsah,content,kˈɑːntɛnt,content,6264,5,,1
16468,moderní,contemporary,kəntˈɛmpɚɹˌɛɹi,contemporary,6265,5,,1
16469,konference,conference,kˈɑːnfɹəns,conference,6266,5,,1
16470,konference,conferencing,kˈɑːnfɹənsɪŋ,conferencing,6267,5,,1
16471,vyznat se,confess,kənfˈɛs,confess,6268,5,,1
16472,zpověď,confession,kənfˈɛʃən,confession,6269,5,,1
16473,sebevědomě,confidently,kˈɑːnfɪdəntli,confidently,6270,5,,1
16474,omezit,confine,kənfˈaɪn,confine,6271,5,,1
16475,konfrontovat,confront,kənfɹˈʌnt,confront,6272,5,,1
16476,spojení,conjunction,kəndʒˈʌŋkʃən,conjunction,6273,5,,1
16477,dobytí,conquest,kˈɑːŋkwɛst,conquest,6274,5,,1
16478,svědomí,conscience,kˈɑːnʃəns,conscience,6275,5,,1
16479,opovržení,contempt,kəntˈɛmpt,contempt,6276,5,,1
16481,vědomí,consciousness,kˈɑːnʃəsnəs,consciousness,6277,5,,1
16482,souhlas,consent,kənsˈɛnt,consent,6278,5,,1
16483,značně,considerably,kənsˈɪdɚɹəbli,considerably,6279,5,,1
16484,s ohledem na,considering,kənsˈɪdɚɹɪŋ,considering,6280,5,,1
16485,konzistentní,consistent,kənsˈɪstənt,consistent,6281,5,,1
16486,útěcha,consolation,kɑːnsəlˈeɪʃən,consolation,6282,5,,1
16487,utěšit,console,kˈɑːnsoʊl,console,6283,5,,1
16488,konstantní,constant,kˈɑːnstənt,constant,6284,5,,1
16489,konzultovat,consult,kənsˈʌlt,consult,6285,5,,1
16490,poradce,consultant,kənsˈʌltənt,consultant,6286,5,,1
16491,kontaminovat,contaminate,kəntˈæmᵻnˌeɪt,contaminate,6287,5,,1
16492,konsensus,consensus,kənsˈɛnsəs,consensus,6288,5,,1
16493,kornet,cornet,kˈɔːɹnɪt,cornet,6289,5,,1
16494,rušný,bustling,bˈʌsəlɪŋ,bustling,6290,5,,1
16495,zhroutit se,collapse,kəlˈæps,collapse,6291,5,,1
16496,katastrofální,catastrophic,kˌæɾəstɹˈɑːfɪk,catastrophic,6292,5,,1
16497,chytlavý,catchy,kˈætʃi,catchy,6293,5,,1
16498,kategorizace,categorisation,kˌæɾɪɡɚɹəzˈeɪʃən,categorisation,6294,5,,1
16499,stravování,catering,kˈeɪɾɚɹɪŋ,catering,6295,5,,1
16500,katedrála,cathedral,kɐθˈiːdɹəl,cathedral,6296,5,,1
16501,příčina,cause,kˈɔːz,cause,6297,5,,1
16502,přestat,cease,sˈiːs,cease,6298,5,,1
16503,strop,ceiling,sˈiːlɪŋ,ceiling,6299,5,,1
16504,kampaň,campaign,kæmpˈeɪn,campaign,6300,5,,1
16505,sklep,cellar,sˈɛlɚ,cellar,6301,5,,1
16506,cellista,cellist,sˈɛlɪst,cellist,6302,5,,1
16507,cello,cello,tʃˈɛloʊ,cello,6303,5,,1
16508,hřbitov,cemetery,sˈɛmɪtˌɛɹi,cemetery,6304,5,,1
16509,stupně Celsia,centigrade,sˈɛntɪɡɹˌeɪd,centigrade,6305,5,,1
16510,osvědčení,certificate,sɚtˈɪfɪkət,certificate,6306,5,,1
16511,osvědčení,certification,sˌɜːɾɪfɪkˈeɪʃən,certification,6307,5,,1
16512,certifikovat,certify,sˈɜːɾᵻfˌaɪ,certify,6308,5,,1
16513,vyzývat,challenge,tʃˈælɪndʒ,challenge,6309,5,,1
16514,kancléř,chancellor,tʃˈænsɛlɚ,chancellor,6310,5,,1
16515,chaotický,chaotic,keɪˈɑːɾɪk,chaotic,6311,5,,1
16516,okouzlující,charming,tʃˈɑːɹmɪŋ,charming,6312,5,,1
16517,katastrofa,catastrophe,kɐtˈæstɹəfi,catastrophe,6313,5,,1
16518,katalyzátor,catalyst,kˈæɾɐlˌɪst,catalyst,6314,5,,1
16519,katalog,catalogue,kˈæɾɐlˌɑːɡ,catalogue,6315,5,,1
16520,náhodně,casually,kˈæʒuːəli,casually,6316,5,,1
16521,schopnost,capability,kˌeɪpəbˈɪlᵻɾi,capability,6317,5,,1
16522,titulek,caption,kˈæpʃən,caption,6318,5,,1
16523,zajatý,captive,kˈæptɪv,captive,6319,5,,1
16524,dělová koule,cannonball,kˈænənbˌɔːl,cannonball,6320,5,,1
16525,karavana,caravan,kˈæɹɐvˌæn,caravan,6321,5,,1
16526,uhlík,carbon,kˈɑːɹbən,carbon,6322,5,,1
16527,oxid uhličitý,carbon dioxide,kˈɑːɹbən daɪˈɑːksaɪd,carbon_dioxide,6323,5,,1
16528,uhlíková stopa,carbon footprint,kˈɑːɹbən fˈʊtpɹɪnt,carbon_footprint,6324,5,,1
16529,oxid uhelnatý,carbon monoxide,kˈɑːɹbən mʌnˈɑːksaɪd,carbon_monoxide,6325,5,,1
16530,lepenka,cardboard,kˈɑːɹdbɔːɹd,cardboard,6326,5,,1
16531,honit,chase,tʃˈeɪs,chase,6327,5,,1
16532,svetr,cardigan,kˈɑːɹdɪɡən,cardigan,6328,5,,1
16533,bezstarostný,carefree,kˈɛɹfɹiː,carefree,6329,5,,1
16534,veranda,porch,pˈɔːɹtʃ,porch,6330,5,,1
16535,pečující,caring,kˈɛɹɪŋ,caring,6331,5,,1
16536,karneval,carnival,kˈɑːɹnɪvəl,carnival,6332,5,,1
16537,spolujízda,carpool,kˈɑːɹpuːl,carpool,6333,5,,1
16538,kandidát,candidate,kˈændᵻdˌeɪt,candidate,6334,5,,1
16539,vyřezávat,carve,kˈɑːɹv,carve,6335,5,,1
16540,kaskáda,cascade,kɐskˈeɪd,cascade,6336,5,,1
16541,obsazení,cast,kˈæst,cast,6337,5,,1
16542,třtina,cane,kˈeɪn,cane,6338,5,,1
16543,podvádět,cheat,tʃˈiːt,cheat,6339,5,,1
16544,kontrolní bod,checkpoint,tʃˈɛkpɔɪnt,checkpoint,6340,5,,1
16545,drzý,cheeky,tʃˈiːki,cheeky,6341,5,,1
16546,klienta,client,klˈaɪənt,client,6342,5,,1
16547,klimatické změny,climate change,klˈaɪmət tʃˈeɪndʒ,climate_change,6343,5,,1
16548,skříň,cabinet,kˈæbᵻnət,cabinet,6344,5,,1
16549,dřevák,clog,klˈɑːɡ,clog,6345,5,,1
16550,uzavření,closure,klˈoʊʒɚ,closure,6346,5,,1
16551,vzrušení,buzz,bˈʌz,buzz,6347,5,,1
16552,oblečení,clothing,klˈoʊðɪŋ,clothing,6348,5,,1
16553,bzučet,buzz,bˈʌz,buzz,6349,5,,1
16554,nemotorný,clumsy,klˈʌmzi,clumsy,6350,5,,1
16555,kabel,cable,kˈeɪbəl,cable,6351,5,,1
16556,koučování,coaching,kˈoʊtʃɪŋ,coaching,6352,5,,1
16557,hrubý,coarse,kˈɔːɹs,coarse,6353,5,,1
16558,pobřežní čára,coastline,kˈoʊstlaɪn,coastline,6354,5,,1
16559,koktejl,cocktail,kˈɑːkteɪl,cocktail,6355,5,,1
16560,kakao,cocoa,kˈoʊkoʊ,cocoa,6356,5,,1
16561,kokos,coconut,kˈoʊkənˌʌt,coconut,6357,5,,1
16562,zmasakrovat,butcher,bˈʊtʃɚ,butcher,6358,5,,1
16563,soudržnost,coherence,koʊhˈɪɹəns,coherence,6359,5,,1
16564,koherentní,coherent,koʊhˈɪɹənt,coherent,6360,5,,1
16565,se shodovat,coincide,kˌoʊɪnsˈaɪd,coincide,6361,5,,1
16566,náhoda,coincidence,koʊˈɪnsɪdəns,coincidence,6362,5,,1
16567,koalice,coalition,kˌoʊəlˈɪʃən,coalition,6363,5,,1
16568,kolega,colleague,kˈɑːliːɡ,colleague,6364,5,,1
16569,úřednický,clerical,klˈɛɹɪkəl,clerical,6365,5,,1
16570,doložka,clause,klˈɔːz,clause,6366,5,,1
16571,vesele,cheerfully,tʃˈɪɹfəli,cheerfully,6367,5,,1
16572,veselí,cheerfulness,tʃˈɪɹfəlnəs,cheerfulness,6368,5,,1
16573,klidně,calmly,kˈɑːmli,calmly,6369,5,,1
16574,chemoterapie,chemotherapy,kˌiːmoʊθˈɛɹəpi,chemotherapy,6370,5,,1
16575,vážený,cherished,tʃˈɛɹɪʃt,cherished,6371,5,,1
16576,třešeň,cherry,tʃˈɛɹi,cherry,6372,5,,1
16577,žvýkat,chew,tʃˈuː,chew,6373,5,,1
16578,náčelník,chief,tʃˈiːf,chief,6374,5,,1
16579,dětinský,childish,tʃˈaɪldɪʃ,childish,6375,5,,1
16580,komín,chimney,tʃˈɪmni,chimney,6376,5,,1
16581,průzračnost,clearness,klˈɪɹnəs,clearness,6377,5,,1
16582,čip,chip,tʃˈɪp,chip,6378,5,,1
11502,kus,chunk,tʃˈʌŋk,chunk,6379,5,,1
16583,obvod,circuit,sˈɜːkɪt,circuit,6380,5,,1
16584,obvody,circuitry,sˈɜːkɪtɹi,circuitry,6381,5,,1
16585,okolnost,circumstance,sˈɜːkəmstˌæns,circumstance,6382,5,,1
16586,celoměstský,citywide,sˈɪɾɪwˌaɪd,citywide,6383,5,,1
16587,škeble,clam,klˈæm,clam,6384,5,,1
16588,tleskat,clap,klˈæp,clap,6385,5,,1
16589,vyjasnit,clarify,klˈæɹᵻfˌaɪ,clarify,6386,5,,1
16590,klasifikace,classification,klˌæsɪfɪkˈeɪʃən,classification,6387,5,,1
16591,kotleta,chop,tʃˈɑːp,chop,6388,5,,1
16592,korona,corona,kɔːɹˈoʊnə,corona,6389,5,,1
16593,desátník,corporal,kˈɔːɹpɹəl,corporal,6390,5,,1
16594,firemní,corporate,kˈɔːɹpɚɹət,corporate,6391,5,,1
16595,návrhář,designer,dɪzˈaɪnɚ,designer,6392,5,,1
16596,žádoucí,desirable,dɪzˈaɪɚɹəbəl,desirable,6393,5,,1
16597,toužit,desire,dɪzˈaɪɚ,desire,6394,5,,1
16598,desktop,desktop,dˈɛsktɑːp,desktop,6395,5,,1
16599,opuštěnost,desolation,dˌɛsəlˈeɪʃən,desolation,6396,5,,1
16600,zoufale,desperately,dˈɛspɚɹətli,desperately,6397,5,,1
16601,zoufalství,desperation,dˌɛspɚɹˈeɪʃən,desperation,6398,5,,1
16602,opovrhovat,despise,dᵻspˈaɪz,despise,6399,5,,1
16603,osud,destiny,dˈɛstɪni,destiny,6400,5,,1
16604,odpojit,detach,dɪtˈætʃ,detach,6401,5,,1
16605,oddělení,detachment,dɪtˈætʃmənt,detachment,6402,5,,1
16606,detailní,detailed,diːtˈeɪld,detailed,6403,5,,1
16607,zjistit,detect,dɪtˈɛkt,detect,6404,5,,1
16608,určeno,determined,dɪtˈɜːmɪnd,determined,6405,5,,1
16609,určovatel,determiner,dɪtˈɜːmɪnɚ,determiner,6406,5,,1
16610,rozvíjející se,developing,dɪvˈɛləpɪŋ,developing,6407,5,,1
16611,ďábel,devil,dˈɛvəl,devil,6408,5,,1
16612,věnovat,devote,dɪvˈoʊt,devote,6409,5,,1
16613,oddaný,devoted,dɪvˈoʊɾᵻd,devoted,6410,5,,1
16614,průjem,diarrhoea,dˌaɪɚɹˈiə,diarrhoea,6411,5,,1
16615,diktátor,dictator,dɪktˈeɪɾɚ,dictator,6412,5,,1
16616,pupen,bud,bˈʌd,bud,6413,5,,1
16617,popisný,descriptive,dᵻskɹˈɪptɪv,descriptive,6414,5,,1
16618,sestoupit,descend,dᵻsˈɛnd,descend,6415,5,,1
16619,zástupce,deputy,dˈɛpjuːɾi,deputy,6416,5,,1
16620,porážka,defeat,dᵻfˈiːt,defeat,6417,5,,1
16621,deficit,deficit,dˈɛfɪsˌɪt,deficit,6418,5,,1
16622,odlesňování,deforestation,diːfˌɔːɹɪstˈeɪʃən,deforestation,6419,5,,1
16623,vzdorovat,defy,dᵻfˈaɪ,defy,6420,5,,1
16624,dehumanizovat,dehumanise,dˌiːhjˈuːmɐnˌaɪz,dehumanise,6421,5,,1
16625,delegát,delegate,dˈɛlɪɡˌeɪt,delegate,6422,5,,1
16626,úmyslný,deliberate,dᵻlˈɪbɚɹət,deliberate,6423,5,,1
16627,záměrně,deliberately,dᵻlˈɪbɚɹətli,deliberately,6424,5,,1
16628,pohmoždit,bruise,bɹˈuːz,bruise,6425,5,,1
16629,pochoutka,delicacy,dˈɛlɪkəsi,delicacy,6426,5,,1
16630,udělat radost,delight,dᵻlˈaɪt,delight,6428,5,,1
16631,náročný,demanding,dᵻmˈændɪŋ,demanding,6429,5,,1
16632,strhnout,demolish,dᵻmˈɑːlɪʃ,demolish,6430,5,,1
16633,džínovina,denim,dˈɛnɪm,denim,6431,5,,1
16634,hustý,dense,dˈɛns,dense,6432,5,,1
16635,hustě,densely,dˈɛnsli,densely,6433,5,,1
16636,zubní,dental,dˈɛntəl,dental,6434,5,,1
16637,spolehlivý,dependable,dᵻpˈɛndəbəl,dependable,6435,5,,1
16638,vložit,deposit,dᵻpˈɑːzɪt,deposit,6436,5,,1
16639,jemně,delicately,dˈɛlᵻkətli,delicately,6437,5,,1
16640,prohlížeč,browser,bɹˈaʊzɚ,browser,6438,5,,1
16641,prohlížet,browse,bɹˈaʊz,browse,6439,5,,1
16642,strávit,digest,daɪdʒˈɛst,digest,6440,5,,1
16643,porucha,disorder,dɪsˈɔːɹdɚ,disorder,6441,5,,1
16644,neuspořádaně,disorderly,dɪsˈɔːɹdɚli,disorderly,6442,5,,1
16645,dezorganizovaný,disorganised,dɪsˈɔːɹɡɐnˌaɪzd,disorganised,6443,5,,1
16646,přemístit,displace,dɪsplˈeɪs,displace,6444,5,,1
16647,nelibost,displeasure,dɪsplˈɛʒɚ,displeasure,6445,5,,1
16648,likvidace,disposal,dɪspˈoʊzəl,disposal,6446,5,,1
16649,dispozice,disposition,dˌɪspəzˈɪʃən,disposition,6447,5,,1
16650,spor,dispute,dɪspjˈuːt,dispute,6448,5,,1
16651,diskvalifikovat,disqualify,dɪskwˈɑːlᵻfˌaɪ,disqualify,6449,5,,1
16652,propustit,dismiss,dɪsmˈɪs,dismiss,6450,5,,1
16653,ignorovat,disregard,dˌɪsɹɪɡˈɑːɹd,disregard,6451,5,,1
16654,nespokojenost,dissatisfaction,dɪsˌæɾɪsfˈækʃən,dissatisfaction,6452,5,,1
16655,nespokojený,dissatisfied,dɪsˈæɾɪsfˌaɪd,dissatisfied,6453,5,,1
16656,disident,dissident,dˈɪsɪdənt,dissident,6454,5,,1
16657,rozlišoval,distinguished,dɪstˈɪŋɡwɪʃt,distinguished,6455,5,,1
16658,zkreslení,distortion,dɪstˈɔːɹʃən,distortion,6456,5,,1
16659,rozptýlit,distract,dɪstɹˈækt,distract,6457,5,,1
16660,rozptýlení,distraction,dɪstɹˈækʃən,distraction,6458,5,,1
16661,znepokojující,distressing,dɪstɹˈɛsɪŋ,distressing,6459,5,,1
16662,distributor,distributor,dɪstɹˈɪbjuːɾɚ,distributor,6460,5,,1
16663,odklon,diversion,daɪvˈɜːʒən,diversion,6461,5,,1
16664,narušit,disrupt,dɪsɹˈʌpt,disrupt,6462,5,,1
16665,považovat,deem,dˈiːm,deem,6463,5,,1
16666,zbavit iluzí,disillusion,dɪsɪlˈuːʒən,disillusion,6464,5,,1
16667,přestrojit se,disguise,dɪsɡˈaɪz,disguise,6465,5,,1
16668,poctít,dignify,dˈɪɡnᵻfˌaɪ,dignify,6466,5,,1
16669,důstojnost,dignity,dˈɪɡnᵻɾi,dignity,6467,5,,1
16670,dilema,dilemma,dᵻlˈɛmə,dilemma,6468,5,,1
16671,ztlumit,dim,dˈɪm,dim,6469,5,,1
16672,deseticent,dime,dˈaɪm,dime,6470,5,,1
16673,dimenze,dimension,dᵻmˈɛnʃən,dimension,6471,5,,1
16674,dip,dip,dˈɪp,dip,6472,5,,1
16675,záškrt,diphtheria,dɪfθˈɜːɹiə,diphtheria,6473,5,,1
16676,diplom,diploma,dɪplˈoʊmə,diploma,6474,5,,1
16677,diplomat,diplomat,dˈɪpləmˌæt,diplomat,6475,5,,1
16678,nepoctivost,dishonesty,dɪsˈɑːnɪsti,dishonesty,6476,5,,1
16679,švagr,brother-in-law,bɹˈʌðɚɹɪnlˈɔː,brotherinlaw,6477,5,,1
16680,nesouhlas,disapproval,dɪsɐpɹˈuːvəl,disapproval,6478,5,,1
16681,neschválit,disapprove,dɪsɐpɹˈuːv,disapprove,6479,5,,1
16682,splnit,discharge,dɪstʃˈɑːɹdʒ,discharge,6480,5,,1
16683,žák,disciple,dɪsˈaɪpəl,disciple,6481,5,,1
16684,disciplína,discipline,dˈɪsɪplˌɪn,discipline,6482,5,,1
16685,odpojit,disconnect,dɪskənˈɛkt,disconnect,6483,5,,1
16686,diskreditovat,discredit,dɪskɹˈɛdɪt,discredit,6484,5,,1
16687,diskriminovat,discriminate,dɪskɹˈɪmᵻnˌeɪt,discriminate,6485,5,,1
16688,ostuda,disgrace,dɪsɡɹˈeɪs,disgrace,6486,5,,1
16689,přestrojení,disguise,dɪsɡˈaɪz,disguise,6487,5,,1
16690,zmizení,disappearance,dˌɪsɐpˈɪɹəns,disappearance,6488,5,,1
16691,dedukce,deduction,dᵻdˈʌkʃən,deduction,6489,5,,1
16692,odvodit,deduce,dᵻdˈuːs,deduce,6490,5,,1
16693,věnování,dedication,dˌɛdɪkˈeɪʃən,dedication,6491,5,,1
16694,krab,crab,kɹˈæb,crab,6492,5,,1
16695,trhlina,crack,kɹˈæk,crack,6493,5,,1
16696,prasknout,crack,kɹˈæk,crack,6494,5,,1
16697,řemeslník,craftsman,kɹˈæftsmən,craftsman,6495,5,,1
16698,kráter,crater,kɹˈeɪɾɚ,crater,6496,5,,1
16699,plazit se,crawl,kɹˈɔːl,crawl,6497,5,,1
16700,zatěžovat,burden,bˈɜːdən,burden,6498,5,,1
16701,záhyb,crease,kɹˈiːs,crease,6499,5,,1
16702,stvoření,creation,kɹiːˈeɪʃən,creation,6500,5,,1
16703,kreativně,creatively,kɹiːˈeɪɾɪvli,creatively,6501,5,,1
16704,útulný,cosy,kˈoʊzi,cosy,6502,5,,1
16705,potok,creek,kɹˈiːk,creek,6503,5,,1
16706,zločinec,criminal,kɹˈɪmɪnəl,criminal,6504,5,,1
16707,mrzák,cripple,kɹˈɪpəl,cripple,6505,5,,1
16708,kriticky,critically,kɹˈɪɾɪkli,critically,6506,5,,1
16709,kritika,criticism,kɹˈɪɾɪsˌɪzəm,criticism,6507,5,,1
16710,krokodýl,crocodile,kɹˈɑːkədˌaɪl,crocodile,6508,5,,1
16711,křivě,crossly,kɹˈɔsli,crossly,6509,5,,1
16712,rozhodující,crucial,kɹˈuːʃəl,crucial,6510,5,,1
16713,krutě,cruelly,kɹˈuːəli,cruelly,6511,5,,1
16714,krutost,cruelty,kɹˈuːəlti,cruelty,6512,5,,1
16715,plavit se,cruise,kɹˈuːz,cruise,6513,5,,1
16716,posádka,crew,kɹˈuː,crew,6514,5,,1
16717,útulnost,cosiness,kˈoʊzinəs,cosiness,6515,5,,1
16718,zbabělec,coward,kˈaʊɚd,coward,6516,5,,1
16719,korporace,corporation,kˌɔːɹpɚɹˈeɪʃən,corporation,6517,5,,1
16720,vyloupit,burgle,bˈɜːɡəl,burgle,6518,5,,1
16721,správnost,correctness,kɚɹˈɛktnəs,correctness,6519,5,,1
16722,korespondovat,correspond,kˌɔːɹɪspˈɑːnd,correspond,6520,5,,1
16723,korespondence,correspondence,kˌɔːɹɪspˈɑːndəns,correspondence,6521,5,,1
16724,korespondent,correspondent,kˌɔːɹɪspˈɑːndənt,correspondent,6522,5,,1
16725,odpovídající,corresponding,kˌɔːɹɪspˈɑːndɪŋ,corresponding,6523,5,,1
16726,koridor,corridor,kˈɔɹɪdˌɔːɹ,corridor,6524,5,,1
16727,zkorumpovaný,corrupt,kɚɹˈʌpt,corrupt,6525,5,,1
16728,zbabělý,cowardly,kˈaʊɚdli,cowardly,6526,5,,1
16729,korupce,corruption,kɚɹˈʌpʃən,corruption,6527,5,,1
16730,kostým,costume,kˈɔstuːm,costume,6528,5,,1
16731,vloupání,burglary,bˈɜːɡlɚɹi,burglary,6529,5,,1
16732,počítadlo,counter,kˈaʊntɚ,counter,6530,5,,1
16733,krajan,countryman,kˈʌntɹɪmən,countryman,6531,5,,1
16734,celostátní,countrywide,kˈʌntɹɪwˌaɪd,countrywide,6532,5,,1
16735,zdvořilost,courtesy,kˈɜːɾəsi,courtesy,6533,5,,1
16736,byrokracie,bureaucracy,bjʊɹɹˈɑːkɹəsi,bureaucracy,6534,5,,1
16737,zatěžující,burdensome,bˈɜːdənsˌʌm,burdensome,6535,5,,1
16738,nákladné,costly,kˈɔstli,costly,6536,5,,1
16739,vodítko,guideline,ɡˈaɪdlaɪn,guideline,6537,5,,1
16740,krychle,cube,kjˈuːb,cube,6538,5,,1
16741,manžeta,cuff,kˈʌf,cuff,6539,5,,1
16742,databáze,database,dˈeɪɾəbˌeɪs,database,6540,5,,1
16743,datováno,dated,dˈeɪɾᵻd,dated,6541,5,,1
16744,snacha,daughter-in-law,dˈɔːɾɚɹɪnlˈɔː,daughterinlaw,6542,5,,1
16745,svítání,dawn,dˈɔːn,dawn,6543,5,,1
16746,denní,daytime,dˈeɪtaɪm,daytime,6544,5,,1
16747,de facto,de facto,də fˈæktoʊ,de_facto,6545,5,,1
16748,drahá,dearly,dˈɪɹli,dearly,6546,5,,1
16749,debetní,debit,dˈɛbɪt,debit,6547,5,,1
16750,dlužit,debit,dˈɛbɪt,debit,6548,5,,1
16751,debetní karta,debit card,dˈɛbɪt kˈɑːɹd,debit_card,6549,5,,1
16752,data,data,dˈeɪɾə,data,6550,5,,1
16753,desetiletí,decade,dˈɛkeɪd,decade,6551,5,,1
16754,oklamat,deceive,dᵻsˈiːv,deceive,6552,5,,1
16755,slušný,decent,dˈiːsənt,decent,6553,5,,1
16756,klamný,deceptive,dᵻsˈɛptɪv,deceptive,6554,5,,1
16757,rozhodující,decisive,dᵻsˈaɪsɪv,decisive,6555,5,,1
16758,paluba,deck,dˈɛk,deck,6556,5,,1
16759,odmítnout,decline,dᵻklˈaɪn,decline,6557,5,,1
16760,rozklad,decomposition,dˌiːkɑːmpəzˈɪʃən,decomposition,6558,5,,1
16761,vyzdobit,decorate,dˈɛkɚɹˌeɪt,decorate,6559,5,,1
16762,dekorace,decoration,dˌɛkɚɹˈeɪʃən,decoration,6560,5,,1
16763,dekorativní,decorative,dˈɛkɹətˌɪv,decorative,6561,5,,1
16764,rozklad,decay,dᵻkˈeɪ,decay,6562,5,,1
16765,kubismus,cubism,kjˈuːbɪzəm,cubism,6563,5,,1
16766,sprint,dash,dˈæʃ,dash,6564,5,,1
16767,rozkošný,darling,dˈɑːɹlɪŋ,darling,6565,5,,1
16768,vyvrcholení,culmination,kˌʌlmᵻnˈeɪʃən,culmination,6566,5,,1
16769,kulturně,culturally,kˈʌltʃɚɹəli,culturally,6567,5,,1
16770,drdol,bun,bˈʌn,bun,6568,5,,1
16771,nárazník,bumper,bˈʌmpɚ,bumper,6569,5,,1
16772,vyléčit,cure,kjˈʊɹ,cure,6570,5,,1
16773,kučera,curl,kˈɜːl,curl,6571,5,,1
16774,kurzor,cursor,kˈɜːsɚ,cursor,6572,5,,1
16775,zadek,bum,bˈʌm,bum,6573,5,,1
16776,kybernetický závislost,cyberaddict,sˈaɪbɚɹɐdˌɪkt,cyberaddict,6574,5,,1
16777,kybernetická kavárna,cybercafé,sˈaɪbɚkɐfˈeɪ,cybercafé,6575,5,,1
16778,pomlčka,dash,dˈæʃ,dash,6576,5,,1
16779,počítačová kriminalita,cybercrime,sˈaɪbɚkɹˌaɪm,cybercrime,6577,5,,1
16780,kyberškola,cyberschool,sˈaɪbɚskˌuːl,cyberschool,6578,5,,1
16781,kyberprostoru,cyberspace,sˈaɪbɚspˌeɪs,cyberspace,6579,5,,1
16782,cyklista,cyclist,sˈaɪklɪst,cyclist,6580,5,,1
16783,tyran,bully,bˈʊli,bully,6581,5,,1
16784,hloupý,daft,dˈæft,daft,6582,5,,1
16785,sakra,damn,dˈæm,damn,6583,5,,1
16786,proklít,damn,dˈæm,damn,6584,5,,1
16787,Bulimie,bulimia,bʊlˈɪmiə,bulimia,6585,5,,1
16788,pampeliška,dandelion,dˈændᵻlˌaɪən,dandelion,6586,5,,1
16789,miláček,darling,dˈɑːɹlɪŋ,darling,6587,5,,1
16790,kyberpet,cyberpet,sˈaɪbɚpˌɛt,cyberpet,6588,5,,1
16791,výbuch,blast,blˈæst,blast,6589,5,,1
16792,strašidelný,creepy,kɹˈiːpi,creepy,6590,5,,1
16793,guma,gum,ɡˈʌm,gum,6591,5,,1
16794,ani,neither,nˈiːðɚ,neither,6592,5,,1
16795,žádný,neither,nˈiːðɚ,neither,6593,5,,1
16796,ani jeden ze dvou,neither,nˈiːðɚ,neither,6594,5,,1
16797,nerv,nerve,nˈɜːv,nerve,6595,5,,1
16798,nervy,nerves,nˈɜːvz,nerves,6596,5,,1
16799,nervózně,nervously,nˈɜːvəsli,nervously,6597,5,,1
16800,síťový surfař,net surfer,nˈɛt sˈɜːfɚ,net_surfer,6598,5,,1
16801,neuróza,neurosis,nʊɹɹˈoʊsɪs,neurosis,6599,5,,1
16802,hlasatel,newscaster,nˈuːzkæstɚ,newscaster,6600,5,,1
16803,zpravodajský,newsworthy,nˈuːzwɜːði,newsworthy,6601,5,,1
16804,hezky,nicely,nˈaɪsli,nicely,6602,5,,1
16805,čekat,await,ɐwˈeɪt,await,6603,5,,1
16806,noční klub,nightclub,nˈaɪtklʌb,nightclub,6604,5,,1
16807,noční můra,nightmare,nˈaɪtmɛɹ,nightmare,6605,5,,1
16808,šlechta,nobility,noʊbˈɪlᵻɾi,nobility,6606,5,,1
16809,ušlechtilý,noble,nˈoʊbəl,noble,6607,5,,1
16810,šlechtic,nobleman,nˈoʊbəlmən,nobleman,6608,5,,1
16811,pokývnout,nod,nˈɑːd,nod,6609,5,,1
16812,dostupnost,availability,ɐvˌeɪləbˈɪlᵻɾi,availability,6610,5,,1
16813,nomád,nomad,nˈoʊmæd,nomad,6611,5,,1
16814,jmenování,nomination,nˌɑːmᵻnˈeɪʃən,nomination,6612,5,,1
16815,sousední,neighbouring,nˈeɪbɚɹɪŋ,neighbouring,6613,5,,1
16816,zanedbání,neglect,nᵻɡlˈɛkt,neglect,6614,5,,1
16817,záporně,negatively,nˈɛɡətˌɪvli,negatively,6615,5,,1
16818,nuzný,needy,nˈiːdi,needy,6616,5,,1
16819,skopové maso,mutton,mˈʌʔn̩,mutton,6617,5,,1
16820,osa,axis,ˈæksɪs,axis,6618,5,,1
16821,mystifikovat,mystify,mˈɪstᵻfˌaɪ,mystify,6619,5,,1
16822,sekera,axe,ˈæks,axe,6620,5,,1
16823,nano,nano,nˈænoʊ,nano,6621,5,,1
16824,narcistický,narcissistic,nˌɑːɹsɪsˈɪstɪk,narcissistic,6622,5,,1
16825,vypravěč,narrator,nˈæɹeɪɾɚ,narrator,6623,5,,1
16826,těsně,narrowly,nˈæɹoʊli,narrowly,6624,5,,1
16827,celostátní,nationwide,nˈeɪʃənwˌaɪd,nationwide,6625,5,,1
16828,kandidát,nominee,nˈɑːmɪnˌiː,nominee,6626,5,,1
16829,rodilý mluvčí,native speaker,nˈeɪɾɪv spˈiːkɚ,native_speaker,6627,5,,1
16830,námořní,naval,nˈeɪvəl,naval,6628,5,,1
16831,navigovat,navigate,nˈævɪɡˌeɪt,navigate,6629,5,,1
16832,navigace,navigation,nˌævɪɡˈeɪʃən,navigation,6630,5,,1
16833,námořnictvo,navy,nˈeɪvi,navy,6631,5,,1
16834,elegantní,neat,nˈiːt,neat,6632,5,,1
16835,nutně,necessarily,nˌɛsɪsˈɛɹᵻli,necessarily,6633,5,,1
16836,nutnost,necessity,nəsˈɛsɪɾi,necessity,6634,5,,1
16837,úžas,awe,ˈɔː,awe,6635,5,,1
16838,zbytečné,needless,nˈiːdləs,needless,6636,5,,1
16839,zlobivý,naughty,nˈɔːɾi,naughty,6637,5,,1
16840,neprofesionální,nonprofessional,nˌɑːnpɹəfˈɛʃənəl,nonprofessional,6638,5,,1
16841,nekuřácký,non-smoking,nˈɑːnsmˈoʊkɪŋ,nonsmoking,6639,5,,1
16842,na sever,northward,nˈɔːɹθwɚd,northward,6640,5,,1
16843,audit,audit,ˈɔːdɪt,audit,6641,5,,1
16844,zvláštní,odd,ˈɑːd,odd,6642,5,,1
16845,urazit,offend,əfˈɛnd,offend,6643,5,,1
16846,pachatel,offender,əfˈɛndɚ,offender,6644,5,,1
16847,útok,offence,əfˈɛns,offence,6645,5,,1
16848,z ruky,offhand,ɔfhˈænd,offhand,6646,5,,1
16849,lilek,aubergine,ˈoʊbɚʒˌiːn,aubergine,6647,5,,1
16850,atypické,atypical,eɪtˈɪpɪkəl,atypical,6648,5,,1
16851,offshore,offshore,ˈɔfʃɔːɹ,offshore,6649,5,,1
16852,konkurs,audition,ɔːdˈɪʃən,audition,6650,5,,1
16853,přisuzovat,attribute,ˈætɹɪbjˌuːt,attribute,6651,5,,1
16854,atribut,attribute,ˈætɹɪbjˌuːt,attribute,6652,5,,1
16855,přitažlivost,attractiveness,ɐtɹˈæktɪvnəs,attractiveness,6653,5,,1
16856,olivový,olive,ˈɑːlɪv,olive,6654,5,,1
16857,Olympia,Olympia,əlˈɪmpiə,olympia,6655,5,,1
16858,olympiáda,Olympiad,əlˈɪmpɪˌæd,olympiad,6656,5,,1
16859,pozorně,attentively,ɐtˈɛntɪvli,attentively,6658,5,,1
16860,pozorný,attentive,ɐtˈɛntɪv,attentive,6659,5,,1
16861,účast,attendance,ɐtˈɛndəns,attendance,6660,5,,1
16862,otevřeně,openly,ˈoʊpənli,openly,6661,5,,1
16863,mast,ointment,ˈɔɪntmənt,ointment,6662,5,,1
16864,reptat,mutter,mˈʌɾɚ,mutter,6663,5,,1
16865,posedlý,obsessive,əbsˈɛsɪv,obsessive,6664,5,,1
16866,posedlý,obsess,əbsˈɛs,obsess,6665,5,,1
16867,nozdra,nostril,nˈɑːstɹəl,nostril,6666,5,,1
16868,povolit,authorise,ˈɔːθɚɹˌaɪz,authorise,6667,5,,1
16869,nic,nought,nˈɔːt,nought,6668,5,,1
16870,živit,nourish,nˈɜːɹɪʃ,nourish,6669,5,,1
16871,výživa,nourishment,nˈɜːɹɪʃmənt,nourishment,6670,5,,1
16872,novinka,novelty,nˈɑːvəlɾi,novelty,6671,5,,1
16873,autoritativní,authoritative,ɐθˈɔɹᵻtˌeɪɾɪv,authoritative,6672,5,,1
16874,hned,now,nˈaʊ,now,6673,5,,1
16875,obtíž,nuisance,nˈuːsəns,nuisance,6674,5,,1
16876,číselné,numerical,nuːmˈɛɹɪkəl,numerical,6675,5,,1
16877,posedlost,obsession,əbsˈɛʃən,obsession,6676,5,,1
16878,školka,nursery,nˈɜːsɚɹi,nursery,6677,5,,1
16879,v kostce,nutshell,nˈʌtʃɛl,nutshell,6678,5,,1
16880,přísaha,oath,ˈoʊθ,oath,6679,5,,1
16881,poslušnost,obedience,oʊbˈiːdiəns,obedience,6680,5,,1
16882,poslušný,obedient,oʊbˈiːdiənt,obedient,6681,5,,1
16883,poslouchat,obey,oʊbˈeɪ,obey,6682,5,,1
16884,nekrolog,obituary,oʊbˈɪtʃuːˌɛɹi,obituary,6683,5,,1
16885,namítat,object,ˈɑːbdʒɛkt,object,6684,5,,1
16886,cíl,objective,ɑːbdʒˈɛktɪv,objective,6685,5,,1
16887,povinnost,obligation,ˌɑːblɪɡˈeɪʃən,obligation,6686,5,,1
16888,pozorovatel,observer,əbzˈɜːvɚ,observer,6687,5,,1
16889,matice,nut,nˈʌt,nut,6688,5,,1
16890,operátor,operator,ˈɑːpɚɹˌeɪɾɚ,operator,6689,5,,1
16891,mumlat,mutter,mˈʌɾɚ,mutter,6690,5,,1
16892,proměnlivost,mutability,mjˌuːɾəbˈɪlᵻɾi,mutability,6691,5,,1
16893,mikropočítač,microcomputer,mˌaɪkɹoʊkəmpjˈuːɾɚ,microcomputer,6692,5,,1
16894,mikrometr,micrometre,mˈaɪkɹoʊmˌiːɾɚ,micrometre,6693,5,,1
16895,mikroorganismus,microorganism,mˌaɪkɹoʊˈɔːɹɡənˌɪzəm,microorganism,6694,5,,1
16896,mikrofon,microphone,mˈaɪkɹəfˌoʊn,microphone,6695,5,,1
16897,mikroskop,microscope,mˈaɪkɹəskˌoʊp,microscope,6696,5,,1
16898,mikroskopický,microscopic,mˌaɪkɹəskˈɑːpɪk,microscopic,6697,5,,1
16899,mikroskopie,microscopy,mˈaɪkɹəskəpi,microscopy,6698,5,,1
16900,mikrovlnná trouba,microwave,mˈaɪkɹoʊwˌeɪv,microwave,6699,5,,1
16901,uprostřed,midst,mˈɪdst,midst,6700,5,,1
16902,mocný,mighty,mˈaɪɾi,mighty,6701,5,,1
16903,migrace,migration,maɪɡɹˈeɪʃən,migration,6702,5,,1
16904,Balky,balky,bˈɔːki,balky,6703,5,,1
16905,mlýn,mill,mˈɪl,mill,6704,5,,1
16906,milimetr,millimetre,mˈɪlɪmˌiːɾɚ,millimetre,6705,5,,1
16907,milionář,millionaire,mˌɪliənˈɛɹ,millionaire,6706,5,,1
16908,napodobit,mimic,mˈɪmɪk,mimic,6707,5,,1
16909,důl,mine,mˈaɪn,mine,6708,5,,1
16910,miniaturní,miniature,mˈɪnɪtʃɚ,miniature,6709,5,,1
16911,ministr,minister,mˈɪnɪstɚ,minister,6710,5,,1
16912,máta,mint,mˈɪnt,mint,6711,5,,1
16913,vyrovnaný,balanced,bˈælənst,balanced,6712,5,,1
16914,mikrob,microbe,mˈaɪkɹoʊb,microbe,6713,5,,1
16915,mikro,micro,mˈaɪkɹoʊ,micro,6714,5,,1
16916,metrický,metric,mˈɛtɹɪk,metric,6715,5,,1
16917,metafora,metaphor,mˈɛɾəfˌɔːɹ,metaphor,6716,5,,1
16918,mauzoleum,mausoleum,mˌɔːsəlˈiːəm,mausoleum,6717,5,,1
16919,zlý,mean,mˈiːn,mean,6718,5,,1
16920,prostředek,means,mˈiːnz,means,6719,5,,1
16921,mechanizovat,mechanise,mˈɛkɐnˌaɪz,mechanise,6720,5,,1
16922,média,media,mˈiːdiːə,media,6721,5,,1
16923,léky,medication,mˌɛdɪkˈeɪʃən,medication,6722,5,,1
16924,zakázat,ban,bˈæn,ban,6723,5,,1
16925,středověký,mediaeval,mˌɛdɪˈiːvəl,mediaeval,6724,5,,1
16926,průměrný,mediocre,mˌiːdɪˈoʊkɚ,mediocre,6725,5,,1
16927,zákaz,ban,bˈæn,ban,6726,5,,1
16928,mylná představa,misconception,mɪskənsˈɛpʃən,misconception,6727,5,,1
16929,hlasování,ballot,bˈælət,ballot,6728,5,,1
16930,pamětní,memorial,məmˈɔːɹɪəl,memorial,6729,5,,1
16931,učitel,mentor,mˈɛntɔːɹ,mentor,6730,5,,1
16932,zboží,merchandise,mˈɜːtʃɐndˌaɪz,merchandise,6731,5,,1
16933,soucit,mercy,mˈɜːsi,mercy,6732,5,,1
16934,spojit,merge,mˈɜːdʒ,merge,6733,5,,1
16935,balet,ballet,bælˈeɪ,ballet,6734,5,,1
16936,zašpinit,mess,mˈɛs,mess,6735,5,,1
16937,balada,ballad,bˈæləd,ballad,6736,5,,1
16938,posel,messenger,mˈɛsɪndʒɚ,messenger,6737,5,,1
16939,melodie,melody,mˈɛlədi,melody,6738,5,,1
16940,neštěstí,misfortune,mɪsfˈɔːɹtʃʊn,misfortune,6739,5,,1
16941,zavádějící,misleading,mɪslˈiːdɪŋ,misleading,6740,5,,1
16942,vyrovnávat,balance,bˈæləns,balance,6741,5,,1
16943,minomet,mortar,mˈɔːɹɾɚ,mortar,6742,5,,1
16944,hypotéka,mortgage,mˈɔːɹɡɪdʒ,mortgage,6743,5,,1
16945,umrtvit,mortify,mˈɔːɹɾᵻfˌaɪ,mortify,6744,5,,1
16946,zpět,backwards,bˈækwɚdz,backwards,6745,5,,1
16947,zálohování,backup,bˈækʌp,backup,6746,5,,1
16948,tchyně,mother-in-law,mˈʌðɚɹɪnlˈɔː,motherinlaw,6747,5,,1
16949,motivovaný,motivated,mˈoʊɾᵻvˌeɪɾᵻd,motivated,6748,5,,1
16950,motorka,motorbike,mˈoʊɾɚbˌaɪk,motorbike,6749,5,,1
16951,motorista,motorist,mˈoʊɾɚɹˌɪst,motorist,6750,5,,1
16952,smrtelný,mortal,mˈɔːɹɾəl,mortal,6751,5,,1
16953,stěhovák,mover,mˈuːvɚ,mover,6752,5,,1
16954,pohybující se,moving,mˈuːvɪŋ,moving,6753,5,,1
16955,zablácený,muddy,mˈʌdi,muddy,6754,5,,1
16956,násobek,multiple,mˈʌltɪpəl,multiple,6755,5,,1
16957,násobit,multiply,mˌʌltɪplˈaɪ,multiply,6756,5,,1
16958,mumlat,mumble,mˈʌmbəl,mumble,6757,5,,1
16959,mumlání,murmur,mˈɜːmɚ,murmur,6758,5,,1
16960,múza,muse,mjˈuːz,muse,6759,5,,1
16961,muzikál,musical,mjˈuːzɪkəl,musical,6760,5,,1
16962,knír,moustache,məstˈæʃ,moustache,6761,5,,1
16963,truchlivý,mournful,mˈɔːɹnfəl,mournful,6762,5,,1
16964,proměnlivý,mutable,mjˈuːɾəbəl,mutable,6763,5,,1
16965,dvorek,backyard,bˈækjɑːɹd,backyard,6764,5,,1
16966,měsíční krajina,moonscape,mˈuːnskeɪp,moonscape,6765,5,,1
16967,střela,missile,mˈɪsəl,missile,6766,5,,1
15885,mlha,mist,mˈɪst,mist,6767,5,,1
16968,špatně zacházet,mistreat,mɪstɹˈiːt,mistreat,6768,5,,1
16969,nedůvěřivý,mistrustful,mɪstɹˈʌstfəl,mistrustful,6769,5,,1
16970,špatně rozumět,misunderstand,mɪsˌʌndɚstˈænd,misunderstand,6770,5,,1
16971,smíchat,mix,mˈɪks,mix,6771,5,,1
16972,směs,mixture,mˈɪkstʃɚ,mixture,6772,5,,1
16973,mobilita,mobility,moʊbˈɪlᵻɾi,mobility,6773,5,,1
16974,falešný,mock,mˈɑːk,mock,6774,5,,1
16975,modernizace,modernisation,mˌɑːdɚnəzˈeɪʃən,modernisation,6775,5,,1
16976,morálně,morally,mˈɔːɹəli,morally,6776,5,,1
16977,modernizovat,modernise,mˈɑːdɚnˌaɪz,modernise,6777,5,,1
16978,modifikace,modification,mˌɑːdɪfɪkˈeɪʃən,modification,6778,5,,1
16979,magnát,mogul,mˈoʊɡəl,mogul,6779,5,,1
16980,tvarovat,mould,mˈoʊld,mould,6780,5,,1
16981,na chvíli,momentarily,mˌoʊməntˈɛɹᵻli,momentarily,6781,5,,1
16982,momentální,momentary,mˈoʊməntˌɛɹi,momentary,6782,5,,1
16983,klášter,monastery,mˈɑːnɐstɚɹi,monastery,6783,5,,1
16984,špatně temperovaný,bad-tempered,bˈædtˈɛmpɚd,badtempered,6784,5,,1
16985,odznak,badge,bˈædʒ,badge,6785,5,,1
16986,náladový,moody,mˈuːdi,moody,6786,5,,1
16987,měsíční svit,moonlight,mˈuːnlaɪt,moonlight,6787,5,,1
16988,skromný,modest,mˈɑːdɪst,modest,6788,5,,1
16989,oponent,opponent,əpˈoʊnənt,opponent,6789,5,,1
16990,optimismus,optimism,ˈɑːptɪmˌɪzəm,optimism,6790,5,,1
16991,optimista,optimist,ˈɑːptɪmˌɪst,optimist,6791,5,,1
16992,procento,percentage,pɚsˈɛntɪdʒ,percentage,6792,5,,1
16993,vnímání,perception,pɚsˈɛpʃən,perception,6793,5,,1
16994,trvalost,permanence,pˈɜːmənəns,permanence,6794,5,,1
16995,pronikat,permeate,pˈɜːmɪˌeɪt,permeate,6795,5,,1
16996,vytrvalost,perseverance,pˌɜːsɪvˈɪɹəns,perseverance,6796,5,,1
16997,vytrvat,persist,pɚsˈɪst,persist,6797,5,,1
16998,perzistence,persistence,pɚsˈɪstəns,persistence,6798,5,,1
16999,vytrvalý,persistent,pɚsˈɪstənt,persistent,6799,5,,1
17000,zosobnění,personification,pɜːsˈɑːnɪfɪkˈeɪʃən,personification,6800,5,,1
17001,personifikovat,personify,pɜːsˈɑːnᵻfˌaɪ,personify,6801,5,,1
17002,personál,personnel,pˌɜːsənˈɛl,personnel,6802,5,,1
17003,perspektivní,perspective,pɚspˈɛktɪv,perspective,6803,5,,1
17004,pocení,perspiration,pɚspɚɹˈeɪʃən,perspiration,6804,5,,1
17005,přesvědčení,persuasion,pɚswˈeɪʒən,persuasion,6805,5,,1
17006,pesimista,pessimist,pˈɛsɪmˌɪst,pessimist,6806,5,,1
17007,pesimistický,pessimistic,pˌɛsɪmˈɪstɪk,pessimistic,6807,5,,1
17008,posouzení,assessment,ɐsˈɛsmənt,assessment,6808,5,,1
17009,zkamenělý,petrified,pˈɛtɹᵻfˌaɪd,petrified,6809,5,,1
17010,malicherný,petty,pˈɛɾi,petty,6810,5,,1
17011,pH,pH,pˈiː ˈeɪtʃ,ph,6811,5,,1
17012,farmaceut,pharmacist,fˈɑːɹmɐsˌɪst,pharmacist,6812,5,,1
17013,vnímat,perceive,pɚsˈiːv,perceive,6813,5,,1
17014,Pentagon,pentagon,pˈɛntæɡən,pentagon,6814,5,,1
17015,důchod,pension,pˈɛnʃən,pension,6815,5,,1
17016,penicilin,penicillin,pˌɛnɪsˈɪlᵻn,penicillin,6816,5,,1
17017,tlapka,paw,pˈɔː,paw,6817,5,,1
17018,majitel zastavárny,pawnbroker,pˈɔːnbɹoʊkɚ,pawnbroker,6818,5,,1
17019,zastavárna,pawnshop,pˈɔːnʃɑːp,pawnshop,6819,5,,1
17020,platba,payment,pˈeɪmənt,payment,6820,5,,1
17021,pokojně,peacefully,pˈiːsfəli,peacefully,6821,5,,1
17022,broskev,peach,pˈiːtʃ,peach,6822,5,,1
17023,vrchol,peak,pˈiːk,peak,6823,5,,1
17024,perla,pearl,pˈɜːl,pearl,6824,5,,1
17025,oblázek,pebble,pˈɛbəl,pebble,6825,5,,1
17026,pedál,pedal,pˈɛdəl,pedal,6826,5,,1
17027,fáze,phase,fˈeɪz,phase,6827,5,,1
17028,pedantský,pedantic,pɛdˈæntɪk,pedantic,6828,5,,1
17029,čurat,pee,pˈiː,pee,6829,5,,1
17030,kůra,peel,pˈiːl,peel,6830,5,,1
17031,loupat,peel,pˈiːl,peel,6831,5,,1
17032,nakouknout,peep,pˈiːp,peep,6832,5,,1
17033,peer,peer,pˈɪɹ,peer,6833,5,,1
17034,kolík,peg,pˈɛɡ,peg,6834,5,,1
17035,penalizovat,penalise,pˈɛnəlˌaɪz,penalise,6835,5,,1
17036,trest,penalty,pˈɛnəlɾi,penalty,6836,5,,1
17037,proniknout,penetrate,pˈɛnɪtɹˌeɪt,penetrate,6837,5,,1
17038,tučňák,penguin,pˈɛŋɡwɪn,penguin,6838,5,,1
17039,filozofický,philosophical,fˌɪləsˈɑːfɪkəl,philosophical,6839,5,,1
17040,posoudit,assess,ɐsˈɛs,assess,6840,5,,1
17041,ASSERT,assert,ɐsˈɜːt,assert,6841,5,,1
17042,spiknutí,plot,plˈɑːt,plot,6842,5,,1
17043,trhat,pluck,plˈʌk,pluck,6843,5,,1
17044,zastrčit,plug,plˈʌɡ,plug,6844,5,,1
17045,švestka,plum,plˈʌm,plum,6845,5,,1
17046,instalatér,plumber,plˈʌmɚ,plumber,6846,5,,1
17047,zápal plic,pneumonia,nuːmˈoʊniə,pneumonia,6847,5,,1
17048,uměle,artificially,ˌɑːɹɾɪfˈɪʃəli,artificially,6848,5,,1
17049,doušek,gulp,ɡˈʌlp,gulp,6849,5,,1
17050,artikulovat,articulate,ɑːɹtˈɪkjʊlˌeɪt,articulate,6850,5,,1
17051,popularita,popularity,pˌɑːpjʊlˈæɹᵻɾi,popularity,6851,5,,1
17052,prosit,plead,plˈiːd,plead,6852,5,,1
17053,tepna,artery,ˈɑːɹɾɚɹi,artery,6853,5,,1
17054,pólo,polo,pˈoʊloʊ,polo,6854,5,,1
17055,občanský řád,polity,pˈɑːlᵻɾi,polity,6855,5,,1
17056,politicky,politically,pəlˈɪɾɪkli,politically,6856,5,,1
17057,zdvořilost,politeness,pəlˈaɪtnəs,politeness,6857,5,,1
17058,polština,polish,pˈɑːlɪʃ,polish,6858,5,,1
17059,obrna,polio,pˈoʊlɪˌoʊ,polio,6859,5,,1
17060,lední medvěd,polar bear,pˈoʊlɚ bˈɛɹ,polar_bear,6860,5,,1
17061,otrávit,poison,pˈɔɪzən,poison,6861,5,,1
17062,nesmyslné,pointless,pˈɔɪntləs,pointless,6862,5,,1
17063,hledisko,point of view,pˈɔɪnt ʌv vjˈuː,point_of_view,6863,5,,1
17064,přemítat,ponder,pˈɑːndɚ,ponder,6864,5,,1
17065,dlažba,pavement,pˈeɪvmənt,pavement,6865,5,,1
17066,dramatik,playwright,plˈeɪɹaɪt,playwright,6866,5,,1
17067,umění,artistry,ˈɑːɹɾɪstɹi,artistry,6867,5,,1
17068,shromáždění,assembly,ɐsˈɛmbli,assembly,6868,5,,1
17069,lékař,physician,fɪzˈɪʃən,physician,6869,5,,1
17070,pí,pi,pˈaɪ,pi,6870,5,,1
17071,shromáždit,assemble,ɐsˈɛmbəl,assemble,6871,5,,1
17072,útok,assault,ɐsˈɔlt,assault,6872,5,,1
17073,lák,pickle,pˈɪkəl,pickle,6873,5,,1
17074,vybíravý,picky,pˈɪki,picky,6874,5,,1
17075,Aspire,aspire,ɐspˈaɪɚ,aspire,6875,5,,1
17076,vylíčit,picture,pˈɪktʃɚ,picture,6876,5,,1
17077,malebné,picturesque,pˌɪktʃɚɹˈɛsk,picturesque,6877,5,,1
17078,spoluhráč,playmate,plˈeɪmeɪt,playmate,6878,5,,1
17079,aspirace,aspiration,ˌæspɚɹˈeɪʃən,aspiration,6879,5,,1
17080,špendlík,pin,pˈɪn,pin,6880,5,,1
17081,pinta,pint,pˈaɪnt,pint,6881,5,,1
17082,pirátství,piracy,pˈaɪɚɹəsi,piracy,6882,5,,1
17083,pirát,pirate,pˈaɪɹət,pirate,6883,5,,1
17084,hřiště,pitch,pˈɪtʃ,pitch,6884,5,,1
17085,hodit,pitch,pˈɪtʃ,pitch,6885,5,,1
17086,sužovat,plague,plˈeɪɡ,plague,6886,5,,1
17087,popel,ash,ˈæʃ,ash,6887,5,,1
17088,plánování,planning,plˈænɪŋ,planning,6888,5,,1
17089,povlak na polštář,pillowcase,pˈɪloʊkˌeɪs,pillowcase,6889,5,,1
17090,dláždit,pave,pˈeɪv,pave,6890,5,,1
17091,patron,patron,pˈeɪtɹən,patron,6891,5,,1
17092,patriotismus,patriotism,pˈeɪtɹɪətˌɪzəm,patriotism,6892,5,,1
17093,ambulantní,outpatient,aʊtpˈeɪʃənt,outpatient,6893,5,,1
17094,výstup,output,ˈaʊtpʊt,output,6894,5,,1
17095,rozhořčení,outrage,ˈaʊtɹeɪdʒ,outrage,6895,5,,1
17096,pobuřující,outrageous,aʊtɹˈeɪdʒəs,outrageous,6896,5,,1
17097,zastínit,outshine,aʊtʃˈaɪn,outshine,6897,5,,1
17098,mimo,outside,aʊtsˈaɪd,outside,6898,5,,1
17099,připojeno,attached,ɐtˈætʃt,attached,6899,5,,1
17100,outsider,outsider,aʊtsˈaɪdɚ,outsider,6900,5,,1
17101,předměstí,outskirts,ˈaʊtskɜːts,outskirts,6901,5,,1
17102,navenek,outwardly,ˈaʊtwɚdli,outwardly,6902,5,,1
17103,výhled,outlook,ˈaʊtlʊk,outlook,6903,5,,1
17104,ovál,oval,ˈoʊvəl,oval,6904,5,,1
17105,přes palubu,overboard,ˌoʊvɚbˈɔːɹd,overboard,6905,5,,1
17106,přerezervovat,overbook,ˈoʊvɚbˌʊk,overbook,6906,5,,1
17107,kabát,overcoat,ˈoʊvɚkˌoʊt,overcoat,6907,5,,1
17108,příliš zdůrazňovat,overemphasise,ˌoʊvɚɹˈɛmfɐsˌaɪz,overemphasise,6908,5,,1
17109,přeceňovat,overestimate,ˌoʊvɚɹˈɛstᵻmət,overestimate,6909,5,,1
17110,zaslechnout,overhear,ˌoʊvɚhˈɪɹ,overhear,6910,5,,1
17111,překrytí,overlap,ˌoʊvɚlˈæp,overlap,6911,5,,1
17112,přehlédnout,overlook,ˌoʊvɚlˈʊk,overlook,6912,5,,1
17113,přehnaně,overly,ˈoʊvɚli,overly,6913,5,,1
17114,zastínit,overshadow,ˌoʊvɚʃˈædoʊ,overshadow,6914,5,,1
17115,celkově,overall,ˌoʊvɚɹˈɔːl,overall,6915,5,,1
17116,nadměrná velikost,oversize,ˌoʊvɚsˈaɪz,oversize,6916,5,,1
17117,přežít,outlive,aʊtlˈɪv,outlive,6917,5,,1
17118,vývod,outlet,ˈaʊtlɛt,outlet,6918,5,,1
17119,optimistický,optimistic,ˌɑːptɪmˈɪstɪk,optimistic,6919,5,,1
17120,volitelný,optional,ˈɑːpʃənəl,optional,6920,5,,1
17121,dosažení,attainment,ɐtˈeɪnmənt,attainment,6921,5,,1
17122,řečník,orator,ˈɔːɹəɾɚ,orator,6922,5,,1
17123,orchestrální,orchestral,ˈɔːɹkᵻstɹəl,orchestral,6923,5,,1
17124,orchidej,orchid,ˈɔːɹkɪd,orchid,6924,5,,1
17125,dosažitelný,attainable,ɐtˈeɪnəbəl,attainable,6925,5,,1
17126,organizátor,organiser,ˈɔːɹɡɐnˌaɪzɚ,organiser,6926,5,,1
17127,prvotní,original,ɚɹˈɪdʒɪnəl,original,6927,5,,1
17128,originalita,originality,ɚɹˌɪdʒɪnˈælᵻɾi,originality,6928,5,,1
17129,obrys,outline,ˈaʊtlaɪn,outline,6929,5,,1
17130,původně,originally,ɚɹˈɪdʒɪnəli,originally,6930,5,,1
17131,ornament,ornament,ˈɔːɹnəmənt,ornament,6931,5,,1
17132,unce,ounce,ˈaʊns,ounce,6932,5,,1
17133,vnitrozemí,outback,ˈaʊtbæk,outback,6933,5,,1
17134,nákaza,outbreak,ˈaʊtbɹeɪk,outbreak,6934,5,,1
17135,výsledek,outcome,ˈaʊtkʌm,outcome,6935,5,,1
17136,předběhnout,outdistance,aʊtdˈɪstəns,outdistance,6936,5,,1
17137,překonat,outdo,aʊtdˈuː,outdo,6937,5,,1
17138,výstroj,outfit,ˈaʊtfɪt,outfit,6938,5,,1
17139,vyrůst,outgrow,aʊtɡɹˈoʊ,outgrow,6939,5,,1
17140,výlet,outing,ˈaʊɾɪŋ,outing,6940,5,,1
17141,vzniknout,originate,ɚɹˈɪdʒᵻnˌeɪt,originate,6941,5,,1
17142,zralý,mature,mətʃˈʊɹ,mature,6942,5,,1
17143,překročit,overstep,ˌoʊvɚstˈɛp,overstep,6943,5,,1
17144,svržení,overthrow,ˌoʊvɚθɹˈoʊ,overthrow,6944,5,,1
17145,výsadkář,paratrooper,pˈæɹətɹˌuːpɚ,paratrooper,6945,5,,1
17146,udivující,astonishing,ɐstˈɑːnɪʃɪŋ,astonishing,6946,5,,1
17147,ohromen,astonished,ɐstˈɑːnɪʃt,astonished,6947,5,,1
17148,udivit,astonish,ɐstˈɑːnɪʃ,astonish,6948,5,,1
17149,parlament,parliament,pˈɑːɹləmənt,parliament,6949,5,,1
17150,oddělit,part,pˈɑːɹt,part,6950,5,,1
17151,účast,participation,pɑːɹtˈɪsɪpˈeɪʃən,participation,6951,5,,1
17152,částice,particle,pˈɑːɹɾɪkəl,particle,6952,5,,1
17153,konkrétní,particular,pɚtˈɪkjʊlɚ,particular,6953,5,,1
17154,partyzán,partisan,pˈɑːɹɾɪsən,partisan,6954,5,,1
17155,zdravotník,paramedic,pˌæɹəmˈɛdɪk,paramedic,6955,5,,1
17156,ujistit,assure,əʃˈʊɹ,assure,6956,5,,1
17157,ujištění,assurance,əʃˈʊɹɹəns,assurance,6957,5,,1
17158,vášnivý,passionate,pˈæʃənət,passionate,6958,5,,1
17159,vášnivě,passionately,pˈæʃənətli,passionately,6959,5,,1
17160,předpoklad,assumption,ɐsˈʌmpʃən,assumption,6960,5,,1
17161,pastor,pastor,pˈæstɚ,pastor,6961,5,,1
17162,pastorální,pastoral,pˈæstɚɹəl,pastoral,6962,5,,1
17163,náplast,patch,pˈætʃ,patch,6963,5,,1
17164,trpělivě,patiently,pˈeɪʃəntli,patiently,6964,5,,1
17165,vlastenec,patriot,pˈeɪtɹɪət,patriot,6965,5,,1
17166,vlastenecký,patriotic,pˌeɪtɹɪˈɑːɾɪk,patriotic,6966,5,,1
17167,partnerství,partnership,pˈɑːɹtnɚʃˌɪp,partnership,6967,5,,1
17168,předjet,overtake,ˌoʊvɚtˈeɪk,overtake,6968,5,,1
17169,údiv,astonishment,ɐstˈɑːnɪʃmənt,astonishment,6969,5,,1
17170,průvod,parade,pɚɹˈeɪd,parade,6970,5,,1
17171,přesčas,overtime,ˈoʊvɚtˌaɪm,overtime,6971,5,,1
17172,převrácení,overturn,ˌoʊvɚtˈɜːn,overturn,6972,5,,1
17173,au,ow,ˈoʊ,ow,6973,5,,1
17174,kvůli,owing to,ˈoʊɪŋ tuː,owing_to,6974,5,,1
17175,sova,owl,ˈaʊl,owl,6975,5,,1
17176,ozón,ozone,ˈoʊzoʊn,ozone,6976,5,,1
17177,zabalené,packed,pˈækt,packed,6977,5,,1
17178,balíček,packet,pˈækɪt,packet,6978,5,,1
17179,podložka,pad,pˈæd,pad,6979,5,,1
17180,paradox,paradox,pˈæɹədˌɑːks,paradox,6980,5,,1
17181,atletika,athletics,æθlˈɛɾɪks,athletics,6981,5,,1
17182,paleta,pallet,pˈælɪt,pallet,6982,5,,1
17183,palačinka,pancake,pˈæŋkeɪk,pancake,6983,5,,1
17184,pandemický,pandemic,pændˈɛmɪk,pandemic,6984,5,,1
17185,panel,panel,pˈænəl,panel,6985,5,,1
17186,panikařit,panic,pˈænɪk,panic,6986,5,,1
17187,papája,papaya,pɐpˈaɪə,papaya,6987,5,,1
17188,bezpapírový,paperless,pˈeɪpɚləs,paperless,6988,5,,1
17189,papírování,paperwork,pˈeɪpɚwˌɜːk,paperwork,6989,5,,1
17190,štětec,paintbrush,pˈeɪntbɹʌʃ,paintbrush,6990,5,,1
17191,matematický,mathematical,mˌæθɪmˈæɾɪkəl,mathematical,6991,5,,1
17192,ochrnutí,paralysis,pɚɹˈæləsˌɪs,paralysis,6992,5,,1
17193,kamaráde,mate,mˈeɪt,mate,6993,5,,1
17194,naznačovat,imply,ɪmplˈaɪ,imply,6994,5,,1
17195,neslušný,impolite,ɪmpəlˈaɪt,impolite,6995,5,,1
17196,nezdvořile,impolitely,ɪmpəlˈaɪtli,impolitely,6996,5,,1
17197,uložit,impose,ɪmpˈoʊz,impose,6997,5,,1
17198,nemožnost,impossibility,ɪmpˌɑːsəbˈɪlᵻɾi,impossibility,6998,5,,1
17199,nepraktický,impractical,ɪmpɹˈæktɪkəl,impractical,6999,5,,1
17200,dojem,impressed,ɪmpɹˈɛst,impressed,7000,5,,1
17201,impresionismus,impressionism,ɪmpɹˈɛʃənˌɪzəm,impressionism,7001,5,,1
17202,impresionista,impressionist,ɪmpɹˈɛʃənˌɪst,impressionist,7002,5,,1
17203,uvěznit,imprison,ɪmpɹˈɪzən,imprison,7003,5,,1
17204,odnětí svobody,imprisonment,ɪmpɹˈɪzənmənt,imprisonment,7004,5,,1
17205,nepravděpodobný,improbable,ɪmpɹˈɑːbəbəl,improbable,7005,5,,1
17206,nesprávně,improperly,ɪmpɹˈɑːpɚli,improperly,7006,5,,1
17207,zlepšila,improved,ɪmpɹˈuːvd,improved,7007,5,,1
17208,impuls,impulse,ˈɪmpʌls,impulse,7008,5,,1
17209,impulsivní,impulsive,ɪmpˈʌlsɪv,impulsive,7009,5,,1
17210,nepřesné,inaccurate,ɪnˈækjʊɹət,inaccurate,7010,5,,1
17211,neadekvátní,inadequate,ɪnˈædɪkwət,inadequate,7011,5,,1
17212,neživý,inanimate,ɪnˈænɪmət,inanimate,7012,5,,1
17213,vrozený,inborn,ˈɪnbɔːɹn,inborn,7013,5,,1
17214,implikace,implication,ˌɪmplɪkˈeɪʃən,implication,7014,5,,1
17215,uskutečnit,implement,ˈɪmplɪmənt,implement,7015,5,,1
17216,nářadí,implement,ˈɪmplɪmənt,implement,7016,5,,1
17217,nestálý,impermanent,ɪmpˈɜːmənənt,impermanent,7017,5,,1
17218,identické,identical,aɪdˈɛntɪkəl,identical,7018,5,,1
17219,identifikace,identification,aɪdˈɛntɪfɪkˈeɪʃən,identification,7019,5,,1
17220,identifikovat,identify,aɪdˈɛntᵻfˌaɪ,identify,7020,5,,1
17221,ideologie,ideology,ˌaɪdɪˈɑːlədʒi,ideology,7021,5,,1
17222,idiot,idiot,ˈɪdɪət,idiot,7022,5,,1
17223,líný,idle,ˈaɪdəl,idle,7023,5,,1
17224,zbožňovat,idolise,ˈaɪdəlˌaɪz,idolise,7024,5,,1
17225,neznalost,ignorance,ˈɪɡnɚɹəns,ignorance,7025,5,,1
17226,neznalý,ignorant,ˈɪɡnɚɹənt,ignorant,7026,5,,1
17227,ilustrovat,illustrate,ˈɪləstɹˌeɪt,illustrate,7027,5,,1
17228,kadidlo,incense,ˈɪnsɛns,incense,7028,5,,1
17229,ilustrace,illustration,ˌɪləstɹˈeɪʃən,illustration,7029,5,,1
17230,ohyb,bend,bˈɛnd,bend,7030,5,,1
17231,imitace,imitation,ˌɪmɪtˈeɪʃən,imitation,7031,5,,1
17232,ponořit,immerse,ɪmˈɜːs,immerse,7032,5,,1
17233,přistěhovalec,immigrant,ˈɪmɪɡɹənt,immigrant,7033,5,,1
17234,nemorální,immoral,ɪmˈɔːɹəl,immoral,7034,5,,1
17235,nesmrtelný,immortal,ɪmˈɔːɹɾəl,immortal,7035,5,,1
17236,nesmrtelnost,immortality,ɪmɔːɹtˈælᵻɾi,immortality,7036,5,,1
17237,nestranný,impartial,ɪmpˈɑːɹʃəl,impartial,7037,5,,1
17238,netrpělivě,impatiently,ɪmpˈeɪʃəntli,impatiently,7038,5,,1
17239,imperativ,imperative,ɪmpˈɛɹətˌɪv,imperative,7039,5,,1
17240,obraznost,imagery,ˈɪmɪdʒɹi,imagery,7040,5,,1
17241,pobídka,incentive,ɪnsˈɛntɪv,incentive,7041,5,,1
17242,způsobit,incur,ɪŋkˈɜː,incur,7042,5,,1
17243,nevyléčitelný,incurable,ɪŋkjˈʊɹɹəbəl,incurable,7043,5,,1
17244,vlivný,influential,ˌɪnfluːˈɛnʃəl,influential,7044,5,,1
17245,chřipka,influenza,ˌɪnfluːˈɛnzə,influenza,7045,5,,1
17246,neformální,informal,ɪnfˈɔːɹməl,informal,7046,5,,1
17247,porušit,infringe,ɪnfɹˈɪndʒ,infringe,7047,5,,1
17248,porušení,infringement,ɪnfɹˈɪndʒmənt,infringement,7048,5,,1
17249,obývat,inhabit,ɪnhˈæbɪt,inhabit,7049,5,,1
17250,zdědit,inherit,ɪnhˈɛɹɪt,inherit,7050,5,,1
17251,iniciála,initial,ɪnˈɪʃəl,initial,7051,5,,1
17252,iniciativa,initiative,ɪnˈɪʃiətˌɪv,initiative,7052,5,,1
17253,injekce,injection,ɪndʒˈɛkʃən,injection,7053,5,,1
17254,ovlivnit,influence,ˈɪnfluːəns,influence,7054,5,,1
17255,zraněný,injured,ˈɪndʒɚd,injured,7055,5,,1
17256,nevinně,innocently,ˈɪnəsəntli,innocently,7056,5,,1
17257,vstup,input,ˈɪnpʊt,input,7057,5,,1
17258,zeptat se,enquire,ɛŋkwˈaɪɚ,enquire,7058,5,,1
17259,neoddělitelný,inseparable,ɪnsˈɛpɚɹəbəl,inseparable,7059,5,,1
17260,kontrolovat,inspect,ɪnspˈɛkt,inspect,7060,5,,1
17261,inspektor,inspector,ɪnspˈɛktɚ,inspector,7061,5,,1
17262,inspirativní,inspirational,ˌɪnspɚɹˈeɪʃənəl,inspirational,7062,5,,1
17263,okamžitě,instantly,ˈɪnstəntli,instantly,7063,5,,1
17264,vrozený,innate,ɪnnˈeɪt,innate,7064,5,,1
17265,ideálně,ideally,aɪdˈiəli,ideally,7065,5,,1
17266,inflace,inflation,ɪnflˈeɪʃən,inflation,7066,5,,1
17267,zánětlivé,inflammatory,ɪnflˈæmətˌɔːɹi,inflammatory,7067,5,,1
17268,zadlužený,indebted,ˌɪndˈɛɾᵻd,indebted,7068,5,,1
17269,odsadit,indent,ˌɪndˈɛnt,indent,7069,5,,1
17270,nezávisle,independently,ˌɪndᵻpˈɛndəntli,independently,7070,5,,1
17271,nepopsatelný,indescribable,ˌɪndᵻskɹˈaɪbəbəl,indescribable,7071,5,,1
17272,index,index,ˈɪndɛks,index,7072,5,,1
17273,lhostejný,indifferent,ɪndˈɪfɹənt,indifferent,7073,5,,1
17274,ponížení,indignity,ɪndˈɪɡnᵻɾi,indignity,7074,5,,1
17275,individuální,individual,ˌɪndᵻvˈɪdʒuːəl,individual,7075,5,,1
17276,nahustit,inflate,ɪnflˈeɪt,inflate,7076,5,,1
17277,shovívavý,indulgent,ɪndˈʌldʒənt,indulgent,7077,5,,1
17278,neúčinné,ineffective,ɪnɪfˈɛktɪv,ineffective,7078,5,,1
17279,nezkušený,inexperienced,ˌɪnɛkspˈiəɹɪənst,inexperienced,7079,5,,1
17280,kojenec,infant,ˈɪnfənt,infant,7080,5,,1
17281,infikovat,infect,ɪnfˈɛkt,infect,7081,5,,1
17282,infikovaný,infected,ɪnfˈɛktᵻd,infected,7082,5,,1
17283,infekční,infectious,ɪnfˈɛkʃəs,infectious,7083,5,,1
17284,usoudit,infer,ɪnfˈɜː,infer,7084,5,,1
17285,odvození,inference,ˈɪnfɚɹəns,inference,7085,5,,1
17286,zánět,inflammation,ɪnflæmˈeɪʃən,inflammation,7086,5,,1
17287,industrializovat,industrialise,ɪndˈʌstɹɪəlˌaɪz,industrialise,7087,5,,1
17288,příznivý,beneficial,bˌɛnɪfˈɪʃəl,beneficial,7088,5,,1
17289,ledový,icy,ˈaɪsi,icy,7089,5,,1
17290,ikona,icon,ˈaɪkɑːn,icon,7090,5,,1
17291,seno,hay,hˈeɪ,hay,7091,5,,1
17292,nebezpečný,hazardous,hˈæzɚdəs,hazardous,7092,5,,1
17293,klec,birdcage,bˈɜːdkeɪdʒ,birdcage,7093,5,,1
17294,velitelství,headquarters,hɛdkwˈɔːɹɾɚz,headquarters,7094,5,,1
17295,Biotechnologie,biotechnology,bˌaɪoʊtɛknˈɑːlədʒi,biotechnology,7095,5,,1
17296,zdravotní péče,health care,hˈɛlθ kˈɛɹ,health_care,7096,5,,1
17297,hromada,heap,hˈiːp,heap,7097,5,,1
17298,biologický,biological,bˌaɪəlˈɑːdʒɪkəl,biological,7098,5,,1
17299,srdcervoucí,heartbreaking,hˈɑːɹtbɹeɪkɪŋ,heartbreaking,7099,5,,1
17300,potěšující,heart-warming,hˈɑːɹtwˈɔːɹmɪŋ,heartwarming,7100,5,,1
17301,rodiště,birthplace,bˈɜːθpleɪs,birthplace,7101,5,,1
17302,živý plot,hedge,hˈɛdʒ,hedge,7102,5,,1
17303,peklo,hell,hˈɛl,hell,7103,5,,1
17304,bio,bio,bˈaɪoʊ,bio,7104,5,,1
17305,vázat,bind,bˈaɪnd,bind,7105,5,,1
17306,pomocník,helper,hˈɛlpɚ,helper,7106,5,,1
17307,konopí,hemp,hˈɛmp,hemp,7107,5,,1
17308,bylina,herb,ˈɜːb,herb,7108,5,,1
17309,miliarda,billion,bˈɪliən,billion,7109,5,,1
17310,dědictví,heritage,hˈɛɹɪɾɪdʒ,heritage,7110,5,,1
17311,váhání,hesitation,hˌɛzɪtˈeɪʃən,hesitation,7111,5,,1
17312,bikiny,bikini,bɪkˈiːni,bikini,7112,5,,1
17313,helikoptéra,helicopter,hˈɛlɪkˌɑːptɚ,helicopter,7113,5,,1
17314,zvýraznění,highlight,hˈaɪlaɪt,highlight,7114,5,,1
17315,strašidelný,haunting,hˈɔːntɪŋ,haunting,7115,5,,1
17316,líhnutí,hatching,hˈætʃɪŋ,hatching,7116,5,,1
17317,výstřel,gunshot,ɡˈʌnʃɑːt,gunshot,7117,5,,1
17318,vnitřnosti,guts,ɡˈʌts,guts,7118,5,,1
17319,tělocvičný,gymnastic,dʒɪmnˈæstɪk,gymnastic,7119,5,,1
17320,obyvatel,habitant,hˈæbɪtənt,habitant,7120,5,,1
17321,kroupy,hail,hˈeɪl,hail,7121,5,,1
17322,čepel,blade,blˈeɪd,blade,7122,5,,1
17323,chlupatý,hairy,hˈɛɹi,hairy,7123,5,,1
17324,kladivo,hammer,hˈæmɚ,hammer,7124,5,,1
17325,bizarní,bizarre,bᵻzˈɑːɹ,bizarre,7125,5,,1
17326,sužovat,haunt,hˈɔːnt,haunt,7126,5,,1
17327,ruční práce,handicraft,hˈændɪkɹˌæft,handicraft,7127,5,,1
17328,zábradlí,handrail,hˈændɹeɪl,handrail,7128,5,,1
17329,hořce,bitterly,bˈɪɾɚli,bitterly,7129,5,,1
17330,pevný disk,hard drive,hˈɑːɹd dɹˈaɪv,hard_drive,7130,5,,1
17331,bankéř,banker,bˈæŋkɚ,banker,7131,5,,1
17332,železářské zboží,hardware,hˈɑːɹdwɛɹ,hardware,7132,5,,1
17333,poškodit,harm,hˈɑːɹm,harm,7133,5,,1
17334,neškodný,harmless,hˈɑːɹmləs,harmless,7134,5,,1
17335,brány,harrow,hˈæɹoʊ,harrow,7135,5,,1
17336,spěch,haste,hˈeɪst,haste,7136,5,,1
17337,spěšně,hastily,hˈeɪstili,hastily,7137,5,,1
17338,leták,handout,hˈændaʊt,handout,7138,5,,1
17339,vštípit,instil,ɪnstˈɪl,instil,7139,5,,1
17340,hi-tech,hi-tech,hˈaɪtˈɛk,hitech,7140,5,,1
17341,unést,hijack,hˈaɪdʒæk,hijack,7141,5,,1
17342,objetí,hug,hˈʌɡ,hug,7142,5,,1
17343,obrovsky,hugely,hjˈuːdʒli,hugely,7143,5,,1
17344,lidská práva,human rights,hjˈuːmən ɹˈaɪts,human_rights,7144,5,,1
17345,humánní,humane,hjuːmˈeɪn,humane,7145,5,,1
17346,humanista,humanist,hjˈuːmɐnˌɪst,humanist,7146,5,,1
17347,humanizovat,humanise,hjˈuːmɐnˌaɪz,humanise,7147,5,,1
17348,pokořit,humble,hˈʌmbəl,humble,7148,5,,1
17349,švindl,humbug,hˈʌmbʌɡ,humbug,7149,5,,1
17350,ponížit,humiliate,hjuːmˈɪlɪˌeɪt,humiliate,7150,5,,1
17351,ponižující,humiliating,hjuːmˈɪlɪˌeɪɾɪŋ,humiliating,7151,5,,1
17352,vznášet se,hover,hˈʌvɚ,hover,7152,5,,1
17353,ponížení,humiliation,hjˌuːmɪlɪˈeɪʃən,humiliation,7153,5,,1
17354,bobule,berry,bˈɛɹi,berry,7154,5,,1
17355,benevolentní,benevolent,bənˈɛvələnt,benevolent,7155,5,,1
17356,utišit,hush,hˈʌʃ,hush,7156,5,,1
17357,hybridní,hybrid,hˈaɪbɹɪd,hybrid,7157,5,,1
17358,hygiena,hygiene,hˈaɪdʒiːn,hygiene,7158,5,,1
17359,nadsázka,hyperbole,haɪpˈɜːbəli,hyperbole,7159,5,,1
17360,pomlčka,hyphen,hˈaɪfən,hyphen,7160,5,,1
17361,shovívavost,benevolence,bənˈɛvələns,benevolence,7161,5,,1
17362,mít prospěch z něčeho,benefit,bˈɛnɪfˌɪt,benefit,7162,5,,1
17363,ledař,iceman,ˈaɪsmən,iceman,7163,5,,1
17364,lov,hunting,hˈʌntɪŋ,hunting,7164,5,,1
17365,únos,hijack,hˈaɪdʒæk,hijack,7165,5,,1
17366,hospodyňka,housewife,hˈaʊswaɪf,housewife,7166,5,,1
17367,hospodyně,housekeeper,hˈaʊskiːpɚ,housekeeper,7167,5,,1
17368,veselý,hilarious,hɪlˈɛɹiəs,hilarious,7168,5,,1
17369,náznak,hint,hˈɪnt,hint,7169,5,,1
17370,nabídka,bidding,bˈɪdɪŋ,bidding,7170,5,,1
17371,nabídka,bid,bˈɪd,bid,7171,5,,1
17372,držák,holder,hˈoʊldɚ,holder,7172,5,,1
17373,zmatek,bewilderment,bᵻwˈɪldɚmənt,bewilderment,7173,5,,1
17374,zmást,bewilder,bᵻwˈɪldɚ,bewilder,7174,5,,1
17375,dutý,hollow,hˈɑːloʊ,hollow,7175,5,,1
17376,holocaust,holocaust,hˈɑːləkˌɔːst,holocaust,7176,5,,1
17377,domů,homeward,hˈoʊmwɚd,homeward,7177,5,,1
17378,hospodář,housemaster,hˈaʊsmæstɚ,housemaster,7178,5,,1
17379,vypilovat,hone,hˈoʊn,hone,7179,5,,1
17380,kapuce,hood,hˈʊd,hood,7180,5,,1
17381,háček,hook,hˈʊk,hook,7181,5,,1
17382,zradit,betray,bᵻtɹˈeɪ,betray,7182,5,,1
17383,hospic,hospice,hˈɑːspɪs,hospice,7183,5,,1
17384,pohostinný,hospitable,hɑːspˈɪɾəbəl,hospitable,7184,5,,1
17385,bestseller,bestseller,bɛstsˈɛlɚ,bestseller,7185,5,,1
17386,pohostinství,hospitality,hˌɑːspɪtˈælᵻɾi,hospitality,7186,5,,1
17387,hospitalizovat,hospitalise,hˈɑːspɪɾəlˌaɪz,hospitalise,7187,5,,1
17388,propůjčit,bestow,bᵻstˈoʊ,bestow,7188,5,,1
17389,hodinově,hourly,ˈaʊɚli,hourly,7189,5,,1
17390,ctihodný,honourable,ˈɑːnɚɹəbəl,honourable,7190,5,,1
17391,instinkt,instinct,ˈɪnstɪŋkt,instinct,7191,5,,1
17392,zaháknout,hook,hˈʊk,hook,7192,5,,1
17393,bez života,lifeless,lˈaɪfləs,lifeless,7193,5,,1
17394,doživotí,lifetime,lˈaɪftaɪm,lifetime,7194,5,,1
17395,zesvětlit,lighten,lˈaɪʔn̩,lighten,7195,5,,1
17396,osvětlení,lighting,lˈaɪɾɪŋ,lighting,7196,5,,1
17397,rovněž,likewise,lˈaɪkwaɪz,likewise,7197,5,,1
17398,končetina,limb,lˈɪm,limb,7198,5,,1
17399,prádlo,linen,lˈɪnɪn,linen,7199,5,,1
17400,vložka,liner,lˈaɪnɚ,liner,7200,5,,1
17401,ling,ling,lˈɪŋ,ling,7201,5,,1
17402,prodlévat,linger,lˈɪŋɡɚ,linger,7202,5,,1
17403,posluchač,listener,lˈɪsənɚ,listener,7203,5,,1
17404,doslovný,literal,lˈɪɾɚɹəl,literal,7204,5,,1
17405,doslova,literally,lˈɪɾɚɹəli,literally,7205,5,,1
17406,smetí,litter,lˈɪɾɚ,litter,7206,5,,1
17407,barman,bartender,bˈɑːɹtɛndɚ,bartender,7207,5,,1
17408,bariéra,barrier,bˈæɹiɚ,barrier,7208,5,,1
17409,neplodný,barren,bˈæɹən,barren,7209,5,,1
17410,živobytí,living,lˈɪvɪŋ,living,7210,5,,1
17411,naložit,load,lˈoʊd,load,7211,5,,1
17412,víčko,lid,lˈɪd,lid,7212,5,,1
17413,lízat,lick,lˈɪk,lick,7213,5,,1
17414,liberální,liberal,lˈɪbɚɹəl,liberal,7214,5,,1
17415,jinak,lest,lˈɛst,lest,7215,5,,1
17416,prosakovat,leak,lˈiːk,leak,7216,5,,1
17417,unikat,leak,lˈiːk,leak,7217,5,,1
17418,štíhlý,lean,lˈiːn,lean,7218,5,,1
17419,skočit,leap,lˈiːp,leap,7219,5,,1
17420,učení,learning,lˈɜːnɪŋ,learning,7220,5,,1
17421,pronájem,lease,lˈiːs,lease,7221,5,,1
17422,řemínek,leash,lˈiːʃ,leash,7222,5,,1
17423,přednášející,lecturer,lˈɛktʃɚɹɚ,lecturer,7223,5,,1
17424,pórek,leek,lˈiːk,leek,7224,5,,1
17425,Bathhouse,bathhouse,bˈæθhaʊs,bathhouse,7225,5,,1
17426,půjčka,loan,lˈoʊn,loan,7226,5,,1
17427,legenda,legend,lˈɛdʒənd,legend,7227,5,,1
17428,uzákonit,legislate,lˈɛdʒɪslˌeɪt,legislate,7228,5,,1
17429,legislativa,legislation,lˌɛdʒɪslˈeɪʃən,legislation,7229,5,,1
17430,legislativní,legislative,lˈɛdʒɪslətˌɪv,legislative,7230,5,,1
17431,zákonodárce,legislator,lˈɛdʒɪslˌeɪɾɚ,legislator,7231,5,,1
17432,zákonodárný sbor,legislature,lˈɛdʒɪslətʃɚ,legislature,7232,5,,1
17433,legitimní,legitimate,lədʒˈɪɾᵻmət,legitimate,7233,5,,1
17434,neuspěchaný,leisurely,lˈiːʒɚli,leisurely,7234,5,,1
17435,prodloužit,lengthen,lˈɛŋθən,lengthen,7235,5,,1
17436,zdlouhavý,lengthy,lˈɛŋθi,lengthy,7236,5,,1
17437,leopard,leopard,lˈɛpɚd,leopard,7237,5,,1
17438,legendární,legendary,lˈɛdʒəndɚɹi,legendary,7238,5,,1
17439,lobby,lobby,lˈɑːbi,lobby,7239,5,,1
17440,osamělost,loneliness,lˈoʊnlinəs,loneliness,7240,5,,1
17441,tlakoměr,barometer,bɚɹˈɑːmɪɾɚ,barometer,7241,5,,1
17442,sídlo,mansion,mˈænʃən,mansion,7242,5,,1
17443,manuál,manual,mˈænjuːəl,manual,7243,5,,1
17444,manuální,manual,mˈænjuːəl,manual,7244,5,,1
17445,výroba,manufacture,mˌænjuːfˈæktʃɚ,manufacture,7245,5,,1
17446,vyrobit,manufacture,mˌænjuːfˈæktʃɚ,manufacture,7246,5,,1
17447,mistrovství,mastery,mˈæstɚɹi,mastery,7247,5,,1
17448,mistrovské dílo,masterpiece,mˈæstɚpˌiːs,masterpiece,7248,5,,1
17449,zvládnout,master,mˈæstɚ,master,7249,5,,1
17450,masér,masseur,mæsˈʊɹ,masseur,7250,5,,1
17451,masáž,massage,mɐsˈɑːʒ,massage,7251,5,,1
17452,manipulovat,manipulate,mənˈɪpjʊlˌeɪt,manipulate,7252,5,,1
17453,masakr,massacre,mˈæsəkɚ,massacre,7253,5,,1
11504,maska,mask,mˈæsk,mask,7254,5,,1
17454,bojové umění,martial art,mˈɑːɹʃəl ˈɑːɹt,martial_art,7255,5,,1
17455,marketing,marketing,mˈɑːɹkɪɾɪŋ,marketing,7256,5,,1
17456,okraj,margin,mˈɑːɹdʒɪn,margin,7257,5,,1
17457,zbankrotovaný,bankrupt,bˈæŋkɹʌpt,bankrupt,7258,5,,1
17458,maratón,marathon,mˈæɹəθˌɑːn,marathon,7259,5,,1
17459,instituce,institution,ˌɪnstɪtˈuːʃən,institution,7260,5,,1
17460,bankrot,bankruptcy,bˈæŋkɹʌptsi,bankruptcy,7261,5,,1
17461,výrobce,manufacturer,mˌænjuːfˈæktʃɚɹɚ,manufacturer,7262,5,,1
17462,výrobní,manufacturing,mˌænjuːfˈæktʃɚɹɪŋ,manufacturing,7263,5,,1
17463,hmota,mass,mˈæs,mass,7264,5,,1
17464,leták,leaflet,lˈiːflɪt,leaflet,7265,5,,1
17465,mango,mango,mˈæŋɡoʊ,mango,7266,5,,1
17466,malárie,malaria,mælˈɛɹiə,malaria,7267,5,,1
17467,stodola,barn,bˈɑːɹn,barn,7268,5,,1
17468,na dálku,long-distance,lˈɔŋdˈɪstəns,longdistance,7269,5,,1
17469,dlouhodobý,long-term,lˈɔŋtˈɜːm,longterm,7270,5,,1
17470,volně,loosely,lˈuːsli,loosely,7271,5,,1
17471,ječmen,barley,bˈɑːɹli,barley,7272,5,,1
17472,mizerný,lousy,lˈaʊsi,lousy,7273,5,,1
17473,štěkat,bark,bˈɑːɹk,bark,7274,5,,1
17474,vyjednávat,bargain,bˈɑːɹɡɪn,bargain,7275,5,,1
17475,spodní,lower,lˈoʊɚ,lower,7276,5,,1
17476,nížina,lowland,lˈoʊlənd,lowland,7277,5,,1
17477,máma,mamma,mˈæmə,mamma,7278,5,,1
17478,prostý,bare,bˈɛɹ,bare,7279,5,,1
17479,luxusní,luxurious,lʌɡʒˈʊɹɹiəs,luxurious,7280,5,,1
17480,text,lyrics,lˈɪɹɪks,lyrics,7281,5,,1
17481,holičství,barbershop,bˈɑːɹbɚʃˌɑːp,barbershop,7282,5,,1
17482,paní,madam,mˈædəm,madam,7283,5,,1
17483,madame,madame,mˈædəm,madame,7284,5,,1
17484,šílenství,madness,mˈædnəs,madness,7285,5,,1
17485,maestro,maestro,mˈaɪstɹoʊ,maestro,7286,5,,1
17486,zvětšit,magnify,mˈæɡnᵻfˌaɪ,magnify,7287,5,,1
17487,major,major,mˈeɪdʒɚ,major,7288,5,,1
17488,nemoc,malady,mˈælədi,malady,7289,5,,1
17489,bujný,lush,lˈʌʃ,lush,7290,5,,1
17490,bojiště,battlefield,bˈæɾəlfˌiːld,battlefield,7291,5,,1
17491,lukrativní,lucrative,lˈuːkɹətˌɪv,lucrative,7292,5,,1
17492,soudní spor,lawsuit,lˈɔːsuːt,lawsuit,7293,5,,1
17493,vynálezce,inventor,ɪnvˈɛntɚ,inventor,7294,5,,1
17494,uvozovky,inverted commas,ɪnvˈɜːɾᵻd kˈɑːməz,inverted_commas,7295,5,,1
17495,vyšetřovat,investigate,ɪnvˈɛstᵻɡˌeɪt,investigate,7296,5,,1
17496,vyšetřovatel,investigator,ɪnvˈɛstᵻɡˌeɪɾɚ,investigator,7297,5,,1
17497,investice,investment,ɪnvˈɛstmənt,investment,7298,5,,1
17498,investor,investor,ɪnvˈɛstɚ,investor,7299,5,,1
17499,neviditelný,invisible,ɪnvˈɪzᵻbəl,invisible,7300,5,,1
17500,lákavě,invitingly,ɪnvˈaɪɾɪŋli,invitingly,7301,5,,1
17501,vyvolat,invoke,ɪnvˈoʊk,invoke,7302,5,,1
17502,účast,involvement,ɪnvˈɑːlvmənt,involvement,7303,5,,1
17503,vždy,invariably,ɪnvˈɛɹɪəbli,invariably,7304,5,,1
17504,ironicky,ironically,aɪɹˈɑːnɪkli,ironically,7305,5,,1
17505,neodolatelný,irresistible,ɪɹᵻzˈɪstᵻbəl,irresistible,7306,5,,1
17506,neodolatelně,irresistibly,ɪɹᵻzˈɪstᵻbli,irresistibly,7307,5,,1
17507,nezodpovědný,irresponsible,ɪɹᵻspˈɑːnsᵻbəl,irresponsible,7308,5,,1
17508,podrážděný,irritated,ˈɪɹᵻtˌeɪɾᵻd,irritated,7309,5,,1
17509,dráždivý,irritating,ˈɪɹᵻtˌeɪɾɪŋ,irritating,7310,5,,1
17510,podráždění,irritation,ˌɪɹɪtˈeɪʃən,irritation,7311,5,,1
17511,ostrovan,islander,ˈaɪləndɚ,islander,7312,5,,1
17512,vydat,issue,ˈɪʃuː,issue,7313,5,,1
17513,kurzívou,italicise,ɪtˈælɪsˌaɪz,italicise,7314,5,,1
19606,svědění,itch,ˈɪtʃ,itch,7315,5,,1
17514,iracionální,irrational,ɪɹˈæʃənəl,irrational,7316,5,,1
17515,nacpat,jam,dʒˈæm,jam,7317,5,,1
17516,neměnný,invariable,ɪnvˈɛɹɪəbəl,invariable,7318,5,,1
17517,vetřelec,intruder,ɪntɹˈuːdɚ,intruder,7319,5,,1
17518,urážka,insult,ˈɪnsʌlt,insult,7320,5,,1
17519,urazit,insult,ˈɪnsʌlt,insult,7321,5,,1
17520,integrovat,integrate,ˈɪntᵻɡɹˌeɪt,integrate,7322,5,,1
17521,intelektuální,intellectual,ˌɪntəlˈɛktʃuːəl,intellectual,7323,5,,1
17522,intelektuál,intellectual,ˌɪntəlˈɛktʃuːəl,intellectual,7324,5,,1
17523,úmysl,intent,ɪntˈɛnt,intent,7325,5,,1
17524,interaktivní,interactive,ˌɪntɚɹˈæktɪv,interactive,7326,5,,1
17525,věci,belongings,bᵻlˈɔŋɪŋz,belongings,7327,5,,1
17526,zasahovat,interfere,ˌɪntəfˈɪɹ,interfere,7328,5,,1
17527,interiér,interior,ɪntˈɪɹiɚ,interior,7329,5,,1
17528,vniknutí,intrusion,ɪntɹˈuːʒən,intrusion,7330,5,,1
17529,mezilidské,interpersonal,ˌɪntɚpˈɜːsənəl,interpersonal,7331,5,,1
17530,výklad,interpretation,ɪntˌɜːpɹɪtˈeɪʃən,interpretation,7332,5,,1
17531,tlumočník,interpreter,ɪntˈɜːpɹɪɾɚ,interpreter,7333,5,,1
17532,přerušení,interruption,ˌɪntɚɹˈʌpʃən,interruption,7334,5,,1
17533,průsečík,intersection,ˌɪntɚsˈɛkʃən,intersection,7335,5,,1
17534,darmošlap,layabout,lˈeɪɐbˌaʊt,layabout,7336,5,,1
17535,nedostatečné,insufficient,ɪnsəfˈɪʃənt,insufficient,7337,5,,1
17536,níže,bellow,bˈɛloʊ,bellow,7338,5,,1
17537,intimní,intimate,ˈɪntᵻmət,intimate,7339,5,,1
17538,intranzitivní,intransitive,ɪntɹˈænsᵻtˌɪv,intransitive,7340,5,,1
17539,intravenózní,intravenous,ˌɪntɹəvˈiːnəs,intravenous,7341,5,,1
17540,interpretovat,interpret,ɪntˈɜːpɹɪt,interpret,7342,5,,1
17541,čelist,jaw,dʒˈɔː,jaw,7343,5,,1
17542,rušit,intrude,ɪntɹˈuːd,intrude,7344,5,,1
17543,ohrozit,jeopardise,dʒˈɛpɚdˌaɪz,jeopardise,7345,5,,1
17544,označení,label,lˈeɪbəl,label,7346,5,,1
17545,dělník,labourer,lˈeɪbɚɹɚ,labourer,7347,5,,1
17546,chromý,lame,lˈeɪm,lame,7348,5,,1
17547,kopí,lance,lˈæns,lance,7349,5,,1
17548,okruh (závodu),lap,lˈæp,lap,7350,5,,1
17549,trávník,lawn,lˈɔːn,lawn,7351,5,,1
17550,zákonodárce,lawmaker,lˈɔːmeɪkɚ,lawmaker,7352,5,,1
17551,láva,lava,lˈɑːvə,lava,7353,5,,1
17552,žárlivě,jealously,dʒˈɛləsli,jealously,7354,5,,1
17553,prádelna,laundry,lˈɔːndɹi,laundry,7355,5,,1
17554,druhý ze dvou,latter,lˈæɾɚ,latter,7356,5,,1
17555,beagle,beagle,bˈiːɡəl,beagle,7357,5,,1
17556,zobák,beak,bˈiːk,beak,7358,5,,1
17557,přistání,landing,lˈændɪŋ,landing,7359,5,,1
17558,na poslední chvíli,last-minute,lˈæstmˈɪnɪt,lastminute,7360,5,,1
17559,bytná,landlady,lˈændleɪdi,landlady,7361,5,,1
17560,naposledy,lastly,lˈæstli,lastly,7362,5,,1
17561,paprsek,beam,bˈiːm,beam,7363,5,,1
17562,na poslední chvíli,last minute,lˈæst mˈɪnɪt,last_minute,7364,5,,1
17563,laser,laser,lˈeɪzɚ,laser,7365,5,,1
17564,skotačit,lark,lˈɑːɹk,lark,7366,5,,1
17565,sesuv půdy,landslide,lˈændslaɪd,landslide,7367,5,,1
17566,známý,known,nˈoʊn,known,7368,5,,1
17567,vědomě,knowingly,nˈoʊɪŋli,knowingly,7369,5,,1
17568,notebook,laptop,lˈæptɑːp,laptop,7370,5,,1
17569,ložisko,bearing,bˈɛɹɪŋ,bearing,7371,5,,1
17570,uzel,knot,nˈɑːt,knot,7372,5,,1
17571,klokan,kangaroo,kˈæŋɡɐɹˌuː,kangaroo,7373,5,,1
17572,ospravedlnit,justify,dʒˈʌstᵻfˌaɪ,justify,7374,5,,1
17573,jury,jury,dʒˈʊɹɹi,jury,7375,5,,1
17574,karaoke,karaoke,kˌæɹɪˈoʊki,karaoke,7376,5,,1
17575,porotce,juror,dʒjˈʊɹɹɚ,juror,7377,5,,1
17576,nekvalitní potraviny,junk food,dʒˈʌŋk fˈuːd,junk_food,7378,5,,1
17577,džudo,judo,dʒˈuːdoʊ,judo,7379,5,,1
17578,horlivý,keen,kˈiːn,keen,7380,5,,1
17579,brankář,keeper,kˈiːpɚ,keeper,7381,5,,1
17580,kloub,joint,dʒˈɔɪnt,joint,7382,5,,1
17581,petrolej,kerosene,kˈɛɹəsˌiːn,kerosene,7383,5,,1
17582,stisknutí klávesy,keystroke,kˈiːstɹoʊk,keystroke,7384,5,,1
17583,zkrášlit,beautify,bjˈuːɾᵻfˌaɪ,beautify,7385,5,,1
17584,porazit,beat,bˈiːt,beat,7386,5,,1
17585,běhat,jog,dʒˈɑːɡ,jog,7387,5,,1
17586,klenotník,jeweller,dʒˈuːəlɚ,jeweller,7388,5,,1
17587,klečet,kneel,nˈiːl,kneel,7389,5,,1
17588,žurnalistika,journalism,dʒˈɜːnəlˌɪzəm,journalism,7390,5,,1
17589,estetický,aesthetic,ɛsθˈɛɾɪk,aesthetic,7391,5,,1
17590,esteticky,aesthetically,ɛsθˈɛɾɪkli,aesthetically,7392,5,,1
17591,zkoumat,scrutinise,skɹˈuːtɪnˌaɪz,scrutinise,7393,5,,1
17592,troubit,honk,hˈɔŋk,honk,7394,5,,1
17593,spontánně,spontaneously,spɑːntˈeɪniəsli,spontaneously,7395,5,,1
17594,vtípek,quip,kwˈɪp,quip,7396,5,,1
17595,vtípkovat,quip,kwˈɪp,quip,7397,5,,1
17596,woo,woo,wˈuː,woo,7398,5,,1
17597,věrohodný,plausible,plˈɔːzᵻbəl,plausible,7399,5,,1
17598,pravděpodobnost,plausibility,plˌɔːzᵻbˈɪlᵻɾi,plausibility,7400,5,,1
17599,věrohodně,plausibly,plˈɔːzᵻbli,plausibly,7401,5,,1
17600,instinktivní,instinctive,ɪnstˈɪŋktɪv,instinctive,7402,5,,1
17601,instinktivně,instinctively,ɪnstˈɪŋktɪvli,instinctively,7403,5,,1
17602,stylistický,stylistic,staɪlˈɪstɪk,stylistic,7404,5,,1
17603,stylisticky,stylistically,staɪlˈɪstɪkli,stylistically,7405,5,,1
17604,dědictví,inheritance,ɪnhˈɛɹɪtəns,inheritance,7406,5,,1
17605,vlastní,inherent,ɪnhˈiəɹənt,inherent,7407,5,,1
17606,ze své podstaty,inherently,ɪnhˈiəɹəntli,inherently,7408,5,,1
17607,zkoumání,scrutiny,skɹˈuːtɪni,scrutiny,7409,5,,1
17608,spontánní,spontaneous,spɑːntˈeɪniəs,spontaneous,7410,5,,1
17609,troubení,honk,hˈɔŋk,honk,7411,5,,1
17610,kritérií,criteria,kɹaɪtˈiəɹɪə,criteria,7412,5,,1
17611,inovační,innovative,ˈɪnəvˌeɪɾɪv,innovative,7413,5,,1
17612,provokativní,provocative,pɹəvˈɑːkətˌɪv,provocative,7414,5,,1
17613,provokativně,provocatively,pɹəvˈɑːkətˌɪvli,provocatively,7415,5,,1
17614,sevřít,clench,klˈɛntʃ,clench,7416,5,,1
17615,smlouvat,haggle,hˈæɡəl,haggle,7417,5,,1
17616,opovržení,scorn,skˈɔːɹn,scorn,7418,5,,1
17617,pohrdavý,scornful,skˈɔːɹnfəl,scornful,7419,5,,1
17618,opovržlivě,scornfully,skˈɔːɹnfəli,scornfully,7420,5,,1
17619,provokovat,provoke,pɹəvˈoʊk,provoke,7421,5,,1
17620,animovaně,animatedly,ˈænɪmˌeɪɾɪdli,animatedly,7422,5,,1
17621,zatemnit,obscure,əbskjˈʊɹ,obscure,7423,5,,1
17622,povrchně,superficially,sˈuːpɚfˈɪʃəli,superficially,7424,5,,1
17623,nezřetelně,obscurely,əbskjˈʊɹli,obscurely,7425,5,,1
17624,póza,pose,pˈoʊz,pose,7426,5,,1
17625,nadmořská výška,elevation,ˌɛlɪvˈeɪʃən,elevation,7427,5,,1
17626,obskurní,obscure,əbskjˈʊɹ,obscure,7428,5,,1
17627,inovace,innovation,ˌɪnəvˈeɪʃən,innovation,7429,5,,1
17628,vitalita,vitality,vaɪtˈælᵻɾi,vitality,7430,5,,1
17629,upřímný,candid,kˈændɪd,candid,7431,5,,1
17630,znalec,connoisseur,kˌɑːnəsˈʊɹ,connoisseur,7432,5,,1
17631,abstrakce,abstraction,ɐbstɹˈækʃən,abstraction,7433,5,,1
17632,rapl,tantrum,tˈæntɹəm,tantrum,7434,5,,1
17633,vyřadit,discard,dɪskˈɑːɹd,discard,7435,5,,1
17634,osudovost,fatality,feɪtˈælᵻɾi,fatality,7436,5,,1
17635,upřímně,candidly,kˈændɪdli,candidly,7437,5,,1
17636,ztuhnout,stiffen,stˈɪfən,stiffen,7438,5,,1
17637,lichotit,flatter,flˈæɾɚ,flatter,7439,5,,1
17638,lichocení,flattery,flˈæɾɚɹi,flattery,7440,5,,1
17639,bezcílný,aimless,ˈeɪmləs,aimless,7441,5,,1
17640,bezcílně,aimlessly,ˈeɪmləsli,aimlessly,7442,5,,1
17641,bezvýznamný,meaningless,mˈiːnɪŋləs,meaningless,7443,5,,1
17642,nesmyslně,meaninglessly,mˈiːnɪŋləsli,meaninglessly,7444,5,,1
17643,zalesněný,wooded,wˈʊdᵻd,wooded,7445,5,,1
17644,povrchní,superficial,sˈuːpɚfˈɪʃəl,superficial,7446,5,,1
17645,divergentní,divergent,daɪvˈɜːdʒənt,divergent,7447,5,,1
17646,stroze,baldly,bˈɔːldli,baldly,7448,5,,1
17647,hluboce,profoundly,pɹəfˈaʊndli,profoundly,7449,5,,1
17648,hluboký,profound,pɹəfˈaʊnd,profound,7450,5,,1
17649,vítězně,victoriously,vɪktˈɔːɹiəsli,victoriously,7451,5,,1
17650,vítězný,victorious,vɪktˈɔːɹiəs,victorious,7452,5,,1
17651,protivník,adversary,ˈædvɚsɚɹi,adversary,7453,5,,1
17652,ovce,ewe,jˈuː,ewe,7454,5,,1
17653,jalovice,heifer,hˈɛfɚ,heifer,7455,5,,1
17654,lýtko,calf,kˈæf,calf,7456,5,,1
17655,akr,acre,ˈeɪkɚ,acre,7457,5,,1
17656,blaho,bliss,blˈɪs,bliss,7458,5,,1
17657,šnek,snail,snˈeɪl,snail,7459,5,,1
17658,vousatý,bearded,bˈɪɹdᵻd,bearded,7460,5,,1
17659,unisono,unison,jˈuːnɪsən,unison,7461,5,,1
17660,váhat,dither,dˈɪðɚ,dither,7462,5,,1
17661,trik,ploy,plˈɔɪ,ploy,7463,5,,1
17662,výdrž,stamina,stˈæmɪnə,stamina,7464,5,,1
17663,trampolína,trampoline,tɹˈæmpəlˌiːn,trampoline,7465,5,,1
17664,pohovka,settee,sɛtˈiː,settee,7466,5,,1
17665,obavami,apprehensive,ˌæpɹihˈɛnsɪv,apprehensive,7467,5,,1
17666,chaoticky,chaotically,keɪˈɑːɾɪkli,chaotically,7468,5,,1
17667,temperamentní,bubbly,bˈʌbli,bubbly,7469,5,,1
17668,fialový,violet,vˈaɪəlɪt,violet,7470,5,,1
17669,pocákat,splatter,splˈæɾɚ,splatter,7471,5,,1
17670,únavně,tediously,tˈiːdiəsli,tediously,7472,5,,1
17671,montérky,overalls,ˌoʊvɚɹˈɔːlz,overalls,7473,5,,1
17672,profesionalita,professionalism,pɹəfˈɛʃənəlˌɪzəm,professionalism,7474,5,,1
17673,umělecky,artistically,ɑːɹtˈɪstɪkli,artistically,7475,5,,1
17674,popularizace,popularization,pˌɑːpjʊlɚɹᵻzˈeɪʃən,popularization,7476,5,,1
17675,divergence,divergence,daɪvˈɜːdʒəns,divergence,7477,5,,1
17676,rozcházet se,diverge,daɪvˈɜːdʒ,diverge,7478,5,,1
17677,nepostradatelný,indispensable,ˌɪndɪspˈɛnsəbəl,indispensable,7479,5,,1
17678,lékárna,dispensary,dɪspˈɛnsɚɹi,dispensary,7480,5,,1
17679,postradatelný,dispensable,dɪspˈɛnsəbəl,dispensable,7481,5,,1
17680,vydávat,dispense,dɪspˈɛns,dispense,7482,5,,1
17681,lepkavý,clammy,klˈæmi,clammy,7483,5,,1
17682,vydra,otter,ˈɑːɾɚ,otter,7484,5,,1
17683,nádoba,utensil,juːtˈɛnsəl,utensil,7485,5,,1
17684,fyzička,physique,fɪzˈiːk,physique,7486,5,,1
17685,frakce,faction,fˈækʃən,faction,7487,5,,1
17686,zlomek,fraction,fɹˈækʃən,fraction,7488,5,,1
17687,genom,genome,dʒˈiːnoʊm,genome,7489,5,,1
17688,zvěčnit,immortalize,ɪmˈɔːɹɾəlˌaɪz,immortalize,7490,5,,1
17689,exodus,exodus,ˈɛksədəs,exodus,7491,5,,1
17690,shodit ze sebe,shed,ʃˈɛd,shed,7492,5,,1
17691,chlubit se,boast,bˈoʊst,boast,7493,5,,1
17692,přejít k čemu,lapse,lˈæps,lapse,7494,5,,1
17693,nekonečná,ceaseless,sˈiːsləs,ceaseless,7495,5,,1
17694,neustále,ceaselessly,sˈiːsləsli,ceaselessly,7496,5,,1
17695,vyvrcholení,climax,klˈaɪmæks,climax,7497,5,,1
17696,prasknout,burst,bˈɜːst,burst,7498,5,,1
17697,vrcholný,climactic,klaɪmˈæktɪk,climactic,7499,5,,1
17698,rvačka,scramble,skɹˈæmbəl,scramble,7500,5,,1
17699,propadnout,forfeit,fˈɔːɹfɪt,forfeit,7501,5,,1
17700,škubnutí,twitch,twˈɪtʃ,twitch,7502,5,,1
17701,trhnout,twitch,twˈɪtʃ,twitch,7503,5,,1
17702,intelekt,intellect,ˈɪntəlˌɛkt,intellect,7504,5,,1
17703,klesání,descent,dᵻsˈɛnt,descent,7505,5,,1
17704,antiklimatická,anticlimactic,ˌæntɪklaɪmˈæktɪk,anticlimactic,7506,5,,1
17705,posloupnost,succession,səksˈɛʃən,succession,7507,5,,1
11506,švihnutí,flick,flˈɪk,flick,7508,5,,1
17706,tvrdit,allege,ɐlˈɛdʒ,allege,7509,5,,1
17707,úplatek,bribe,bɹˈaɪb,bribe,7510,5,,1
17708,uplácet,bribe,bɹˈaɪb,bribe,7511,5,,1
15658,podplácení,bribery,bɹˈaɪbɚɹi,bribery,7512,5,,1
16480,zařazení,inclusion,ɪŋklˈuːʒən,inclusion,7513,5,,1
17709,včetně,inclusive,ɪŋklˈuːsɪv,inclusive,7514,5,,1
17710,včetně,inclusively,ɪŋklˈuːsɪvli,inclusively,7515,5,,1
17711,nepřesvědčivé,unconvincing,ʌŋkənvˈɪnsɪŋ,unconvincing,7516,5,,1
17712,nepřesvědčivě,unconvincingly,ʌŋkənvˈɪnsɪŋli,unconvincingly,7517,5,,1
17713,dobít,recharge,ɹᵻtʃˈɑːɹdʒ,recharge,7518,5,,1
17714,usnadnění,facilitation,fəsˌɪlɪtˈeɪʃən,facilitation,7519,5,,1
17715,podmíněný,conditional,kəndˈɪʃənəl,conditional,7520,5,,1
17716,podmíněně,conditionally,kəndˈɪʃənəli,conditionally,7521,5,,1
17717,šlapat,tread,tɹˈɛd,tread,7522,5,,1
17718,ladit,tone,tˈoʊn,tone,7523,5,,1
17719,vyslovit,voice,vˈɔɪs,voice,7524,5,,1
17720,nezáviděníhodný,unenviable,ˌʌnˈɛnviəbəl,unenviable,7525,5,,1
17721,houževnatost,toughness,tˈʌfnəs,toughness,7526,5,,1
17722,odvolání,recall,ɹˈiːkɔːl,recall,7527,5,,1
17723,vzpomínka,recollection,ɹˌɛkəlˈɛkʃən,recollection,7528,5,,1
17724,instalatérství,plumbing,plˈʌmɪŋ,plumbing,7529,5,,1
17725,uvaděč,usher,ˈʌʃɚ,usher,7530,5,,1
17726,zamračit se,glum,ɡlˈʌm,glum,7531,5,,1
17727,zachmuřeně,glumly,ɡlˈʌmli,glumly,7532,5,,1
17728,statečně,gamely,ɡˈeɪmli,gamely,7533,5,,1
17729,pitvat,dissect,dˈaɪsɛkt,dissect,7534,5,,1
17730,pitva,dissection,daɪsˈɛkʃən,dissection,7535,5,,1
17731,chválit,commend,kəmˈɛnd,commend,7536,5,,1
17732,vyznamenání,commendation,kˌɑːməndˈeɪʃən,commendation,7537,5,,1
17733,tím,thereby,ðɛɹbˈaɪ,thereby,7538,5,,1
17734,blikat,flicker,flˈɪkɚ,flicker,7539,5,,1
17735,nezáviděníhodně,unenviably,ˌʌnˈɛnviəbli,unenviably,7540,5,,1
17736,zívat,gape,ɡˈeɪp,gape,7541,5,,1
17737,poddajný,supple,sˈʌpəl,supple,7542,5,,1
17738,exoticky,exotically,ɛɡzˈɑːɾɪkli,exotically,7543,5,,1
17739,baňka,flask,flˈæsk,flask,7544,5,,1
17740,prostorný,spacious,spˈeɪʃəs,spacious,7545,5,,1
17741,labužník,gourmet,ɡˈʊɹmeɪ,gourmet,7546,5,,1
17742,vykouzlit,conjure,kˈʌndʒɚ,conjure,7547,5,,1
17743,krémová,creamy,kɹˈiːmi,creamy,7548,5,,1
17744,sauna,sauna,sˈɔːnə,sauna,7549,5,,1
17745,nápravná,remedial,ɹᵻmˈiːdɪəl,remedial,7550,5,,1
17746,pózovat,posture,pˈɔstʃɚ,posture,7551,5,,1
17747,usedlý,sedate,sᵻdˈeɪt,sedate,7552,5,,1
17748,spojka,clutch,klˈʌtʃ,clutch,7553,5,,1
17749,na dálku,remotely,ɹᵻmˈoʊtli,remotely,7554,5,,1
17750,usedle,sedately,sᵻdˈeɪtli,sedately,7555,5,,1
17751,pomalý,sedate,sᵻdˈeɪt,sedate,7556,5,,1
17752,grapefruit,grapefruit,ɡɹˈeɪpfɹuːt,grapefruit,7557,5,,1
17753,zneklidňující,disquieting,dɪskwˈaɪəɾɪŋ,disquieting,7558,5,,1
17754,manikúra,manicure,mˈænɪkjˌʊɹ,manicure,7559,5,,1
17755,pedikúra,pedicure,pˈɛdɪkjˌʊɹ,pedicure,7560,5,,1
17756,lícní,facial,fˈeɪʃəl,facial,7561,5,,1
17757,kytice,bouquet,buːkˈeɪ,bouquet,7562,5,,1
17758,renovovat,refurbish,ɹᵻfˈɜːbɪʃ,refurbish,7563,5,,1
17759,renovace,refurbishment,ɹᵻfˈɜːbɪʃmənt,refurbishment,7564,5,,1
17760,důvody,grounds,ɡɹˈaʊndz,grounds,7565,5,,1
17761,pozemky,grounds,ɡɹˈaʊndz,grounds,7566,5,,1
17762,letargie,lethargy,lˈɛθɚdʒi,lethargy,7567,5,,1
17763,letargický,lethargic,lɛθˈɑːɹdʒɪk,lethargic,7568,5,,1
17764,letargicky,lethargically,lɛθˈɑːɹdʒɪkli,lethargically,7569,5,,1
17765,majestátní,stately,stˈeɪtli,stately,7570,5,,1
17766,konzervovat,conserve,kənsˈɜːv,conserve,7571,5,,1
17767,konzervatoř,conservatory,kənsˈɜːvətˌɔːɹi,conservatory,7572,5,,1
17768,zuřivě,fiercely,fˈɪɹsli,fiercely,7573,5,,1
17769,formalita,formality,fɔːɹmˈælᵻɾi,formality,7574,5,,1
17770,okounět,gape,ɡˈeɪp,gape,7575,5,,1
17771,dusno,stuffily,stˈʌfili,stuffily,7576,5,,1
17772,uklidnit,reassure,ɹˌiːəʃˈʊɹ,reassure,7577,5,,1
17773,ujištění,reassurance,ɹˌiːəʃˈʊɹɹəns,reassurance,7578,5,,1
17774,necitlivý,insensitive,ɪnsˈɛnsᵻtˌɪv,insensitive,7579,5,,1
17775,necitlivě,insensitively,ɪnsˈɛnsᵻtˌɪvli,insensitively,7580,5,,1
17776,vyznávat,profess,pɹəfˈɛs,profess,7581,5,,1
17777,nevýhoda,drawback,dɹˈɔːbæk,drawback,7582,5,,1
17778,letovisko,resort,ɹᵻzˈɔːɹt,resort,7583,5,,1
17779,uchýlit se k,resort,ɹᵻzˈɔːɹt,resort,7584,5,,1
17780,dohlížet,oversee,ˌoʊvɚsˈiː,oversee,7585,5,,1
17781,dozorce,overseer,ˌoʊvɚsˈiːɚ,overseer,7586,5,,1
17782,odhad,estimation,ˌɛstᵻmˈeɪʃən,estimation,7587,5,,1
17783,zakázka,commission,kəmˈɪʃən,commission,7588,5,,1
17784,zadat,commission,kəmˈɪʃən,commission,7589,5,,1
17785,spojení,liaison,liːˈeɪzɑːn,liaison,7590,5,,1
17786,stresově,stressfully,stɹˈɛsfəli,stressfully,7591,5,,1
17787,nejistě,insecurely,ˌɪnsᵻkjˈʊɹli,insecurely,7592,5,,1
17788,tkalcovský stav,loom,lˈuːm,loom,7593,5,,1
17789,nejistý,insecure,ˌɪnsᵻkjˈʊɹ,insecure,7594,5,,1
17790,horolezec,mountaineer,mˌaʊntɪnˈɪɹ,mountaineer,7595,5,,1
17791,průkopník,pioneer,paɪənˈɪɹ,pioneer,7596,5,,1
17792,hledání,quest,kwˈɛst,quest,7597,5,,1
17793,transatlantický,transatlantic,tɹænsɐtlˈæntɪk,transatlantic,7598,5,,1
17794,základy,rudiments,ɹˈuːdɪmənts,rudiments,7599,5,,1
17795,základní,rudimentary,ɹˌuːdɪmˈɛntɚɹi,rudimentary,7600,5,,1
19607,pádlovat,paddle,pˈædəl,paddle,7601,6,,1
19608,obrovský,immense,ɪmˈɛns,immense,7602,6,,1
19609,nesmírně,immensely,ɪmˈɛnsli,immensely,7603,6,,1
19610,poradní,advisory,ɐdvˈaɪzɚɹi,advisory,7604,6,,1
19611,snaží,trying,tɹˈaɪɪŋ,trying,7605,6,,1
19612,adrenalin,adrenaline,ɐdɹˈɛnəlˌɪn,adrenaline,7606,6,,1
19613,dráteník,tinker,tˈɪŋkɚ,tinker,7607,6,,1
19614,fušovat,tinker,tˈɪŋkɚ,tinker,7608,6,,1
19615,záchod,lavatory,lˈævətˌɔːɹi,lavatory,7609,6,,1
19616,vrchol,pinnacle,pˈɪnəkəl,pinnacle,7610,6,,1
19617,dusnost,stuffiness,stˈʌfinəs,stuffiness,7611,6,,1
19618,nehledě na to,notwithstanding,nˌɑːtwɪðstˈændɪŋ,notwithstanding,7612,6,,1
19619,strukturální,structural,stɹˈʌktʃɚɹəl,structural,7613,6,,1
19620,zmrazit,frost,fɹˈɔst,frost,7614,6,,1
19621,mrazivý,frosty,fɹˈɔsti,frosty,7615,6,,1
19622,mrazivě,frostily,fɹˈɔstili,frostily,7616,6,,1
19623,obsluhovat,man,mˈæn,man,7617,6,,1
17796,bez posádky,unmanned,ʌnmˈænd,unmanned,7618,6,,1
17797,neosobní,impersonal,ɪmpˈɜːsənəl,impersonal,7619,6,,1
17798,neosobně,impersonally,ɪmpˈɜːsənəli,impersonally,7620,6,,1
17799,vydávat se za,impersonate,ɪmpˈɜːsənˌeɪt,impersonate,7621,6,,1
17800,imitátor,impersonator,ɪmpˈɜːsənˌeɪɾɚ,impersonator,7622,6,,1
17801,zosobnění,impersonation,ɪmpˌɜːsənˈeɪʃən,impersonation,7623,6,,1
17802,bzučák,buzzer,bˈʌzɚ,buzzer,7624,6,,1
17803,dezertovat,desert,dˈɛzɚt,desert,7625,6,,1
17804,dezerce,desertion,dɪzˈɜːʃən,desertion,7626,6,,1
17805,neobsazený,unoccupied,ʌnˈɑːkjʊpˌaɪd,unoccupied,7627,6,,1
17806,ucpaný,stuffy,stˈʌfi,stuffy,7628,6,,1
17807,chladný,chilly,tʃˈɪli,chilly,7629,6,,1
17808,konstrukčně,structurally,stɹˈʌktʃɚɹəli,structurally,7630,6,,1
17809,chladit,chill,tʃˈɪl,chill,7631,6,,1
17810,vlastník,possessor,pəzˈɛsɚ,possessor,7632,6,,1
17811,řidič,chauffer,ʃˈoʊfɚ,chauffer,7633,6,,1
17812,sedavý,sedentary,sˈɛdəntɚɹi,sedentary,7634,6,,1
17813,vztah,rapport,ɹæpˈɔːɹ,rapport,7635,6,,1
17814,konzultace,consultation,kɑːnsəltˈeɪʃən,consultation,7636,6,,1
17815,poradenství,consultancy,kənsˈʌltənsi,consultancy,7637,6,,1
17816,kvést,bloom,blˈuːm,bloom,7638,6,,1
17817,projektovat,engineer,ˌɛndʒɪnˈɪɹ,engineer,7639,6,,1
17818,retence,retention,ɹᵻtˈɛnʃən,retention,7640,6,,1
17819,lom,quarry,kwˈɔːɹi,quarry,7641,6,,1
17820,specifikace,specification,spˌɛsɪfɪkˈeɪʃən,specification,7642,6,,1
17821,smlouva,contract,kˈɑːntɹækt,contract,7643,6,,1
17822,nasmlouvat,contract,kˈɑːntɹækt,contract,7644,6,,1
17823,dodavatel,contractor,kəntɹˈæktɚ,contractor,7645,6,,1
17824,dotazovat se,query,kwˈiəɹi,query,7646,6,,1
17825,chlad,chill,tʃˈɪl,chill,7647,6,,1
17826,příjemný,agreeable,ɐɡɹˈiːəbəl,agreeable,7648,6,,1
17827,touha,craving,kɹˈeɪvɪŋ,craving,7649,6,,1
17828,reenact,reenact,ɹiːɛnˈækt,reenact,7650,6,,1
17829,pohrdání,disdain,dɪsdˈeɪn,disdain,7651,6,,1
17830,páv,peacock,pˈiːkɑːk,peacock,7652,6,,1
17831,spekulativní,speculative,spˈɛkjʊlətˌɪv,speculative,7653,6,,1
17832,spekulace,speculation,spˌɛkjʊlˈeɪʃən,speculation,7654,6,,1
17833,spekulovat,speculate,spˈɛkjʊlˌeɪt,speculate,7655,6,,1
17834,trápení,torment,tˈɔːɹmɛnt,torment,7656,6,,1
17835,slídit,prowl,pɹˈaʊl,prowl,7657,6,,1
17836,odporný,detestable,dɪtˈɛstəbəl,detestable,7658,6,,1
17837,nenávidět,detest,dɪtˈɛst,detest,7659,6,,1
17838,zpracování,elaboration,ᵻlˌæbɚɹˈeɪʃən,elaboration,7660,6,,1
17839,rozpracovat,elaborate,ᵻlˈæbɚɹˌeɪt,elaborate,7661,6,,1
17840,propracovaný,elaborate,ᵻlˈæbɚɹˌeɪt,elaborate,7662,6,,1
17841,zmírnit,alleviate,ɐlˈiːvɪˌeɪt,alleviate,7663,6,,1
11507,pěna,suds,sˈʌdz,suds,7664,6,,1
17842,vydírání,extortion,ɛkstˈɔːɹʃən,extortion,7665,6,,1
17843,trápit,torment,tˈɔːɹmɛnt,torment,7666,6,,1
17844,okázalý,showy,ʃˈoʊi,showy,7667,6,,1
17845,kolaborativní,collaborative,kəlˈæbɹətˌɪv,collaborative,7668,6,,1
17846,spolupráce,collaboration,kəlˌæbɚɹˈeɪʃən,collaboration,7669,6,,1
17847,spolupracovník,collaborator,kəlˈæbɔːɹˌeɪɾɚ,collaborator,7670,6,,1
17848,spolupracovat,collaborate,kəlˈæbɚɹˌeɪt,collaborate,7671,6,,1
17849,extravagance,extravagance,ɛkstɹˈævəɡəns,extravagance,7672,6,,1
17850,fit,fit,fˈɪt,fit,7673,6,,1
17851,zaplést,implicate,ˈɪmplᵻkˌeɪt,implicate,7674,6,,1
17852,proto,hence,hˈɛns,hence,7675,6,,1
17853,mechanismus,mechanism,mˈɛkənˌɪzəm,mechanism,7676,6,,1
17854,vykořisťování,exploitation,ɛksplɔɪtˈeɪʃən,exploitation,7677,6,,1
17855,zavázat,oblige,əblˈaɪdʒ,oblige,7678,6,,1
17856,hádat se,wrangle,ɹˈæŋɡəl,wrangle,7679,6,,1
17857,vynaložit,exert,ɛɡzˈɜːt,exert,7680,6,,1
17858,zdlouhavé,tedious,tˈiːdiəs,tedious,7681,6,,1
17859,závislý,dependent,dᵻpˈɛndənt,dependent,7682,6,,1
17860,nefunkčnost,malfunction,mˌælfˈʌŋkʃən,malfunction,7683,6,,1
17861,řemeslo,craft,kɹˈæft,craft,7684,6,,1
17862,obvinit,implicate,ˈɪmplᵻkˌeɪt,implicate,7685,6,,1
17863,vymývání mozku,brainwashing,bɹˈeɪnwɑːʃɪŋ,brainwashing,7686,6,,1
17864,vymýt mozek,brainwash,bɹˈeɪnwɑːʃ,brainwash,7687,6,,1
17865,u cesty,wayside,wˈeɪsaɪd,wayside,7688,6,,1
17866,jemně,subtly,sˈʌɾəli,subtly,7689,6,,1
17867,gadget,gadget,ɡˈædʒɪt,gadget,7690,6,,1
17868,odpojit,unplug,ʌnplˈʌɡ,unplug,7691,6,,1
17869,krytí,coverage,kˈʌvɚɹɪdʒ,coverage,7692,6,,1
17870,flákač,slob,slˈɑːb,slob,7693,6,,1
17871,předem,beforehand,bᵻfˈɔːɹhænd,beforehand,7694,6,,1
17872,klín,lap,lˈæp,lap,7695,6,,1
17873,znovu objevit,rediscover,ɹˌiːdɪskˈʌvɚ,rediscover,7696,6,,1
17874,vyprší platnost,expire,ɛkspˈaɪɚ,expire,7697,6,,1
17875,ošidit,con,kˈɑːn,con,7698,6,,1
17876,vzdát se něčeho,relinquish,ɹᵻlˈɪŋkwɪʃ,relinquish,7699,6,,1
17877,zařízení,appliance,ɐplˈaɪəns,appliance,7700,6,,1
17878,nezvládnutelné,unmanageable,ʌnmˈænɪdʒəbəl,unmanageable,7701,6,,1
17879,klidně,placidly,plˈæsɪdli,placidly,7702,6,,1
17880,klidný,placid,plˈæsɪd,placid,7703,6,,1
17881,ornamentální,ornamental,ˌɔːɹnəmˈɛntəl,ornamental,7704,6,,1
17882,podvod,con,kˈɑːn,con,7705,6,,1
17883,přenosný,portable,pˈɔːɹɾəbəl,portable,7706,6,,1
17884,apt,apt,ˈæpt,apt,7707,6,,1
17885,necky,washtub,wˈɑːʃtʌb,washtub,7708,6,,1
17886,dopravce,carrier,kˈæɹiɚ,carrier,7709,6,,1
17887,strašidelný,ghostly,ɡˈoʊstli,ghostly,7710,6,,1
17888,vlhce,damply,dˈæmpli,damply,7711,6,,1
17889,lámat si hlavu,puzzle,pˈʌzəl,puzzle,7712,6,,1
17890,vhodné k,apt to,ˈæpt tuː,apt_to,7713,6,,1
17891,salonek,saloon,sɐlˈuːn,saloon,7714,6,,1
17892,parazit,parasite,pˈæɹəsˌaɪt,parasite,7715,6,,1
17893,samolibý,smug,smˈʌɡ,smug,7716,6,,1
17894,pronásledování,persecution,pˌɜːsɪkjˈuːʃən,persecution,7717,6,,1
17895,pronásledovat,persecute,pˈɜːsɪkjˌuːt,persecute,7718,6,,1
17896,chytrost,cleverness,klˈɛvɚnəs,cleverness,7719,6,,1
17897,čitelný,readable,ɹˈiːdəbəl,readable,7720,6,,1
17898,věrohodně,believably,bᵻlˈiːvəbli,believably,7721,6,,1
17899,samolibě,smugly,smˈʌɡli,smugly,7722,6,,1
17900,obtěžování,harassment,hɚɹˈæsmənt,harassment,7723,6,,1
17901,holub,pigeon,pˈɪdʒən,pigeon,7724,6,,1
17902,nevysvětlitelně,inexplicably,ˌɪnɛksplˈɪkəbli,inexplicably,7725,6,,1
17903,nevysvětlitelný,inexplicable,ˌɪnɛksplˈɪkəbəl,inexplicable,7726,6,,1
17904,rolník,peasant,pˈɛzənt,peasant,7727,6,,1
17905,drobnosti,minutiae,mɪnˈuːʃɪˌiː,minutiae,7728,6,,1
17906,vězení,confinement,kənfˈaɪnmənt,confinement,7729,6,,1
17907,obtěžovat,harass,hɚɹˈæs,harass,7730,6,,1
17908,přinutit,compel,kəmpˈɛl,compel,7731,6,,1
17909,divoký,ferocious,fəɹˈoʊʃəs,ferocious,7732,6,,1
17910,nepřátelský,hostile,hˈɑːstəl,hostile,7733,6,,1
17911,udávat tempo,pace,pˈeɪs,pace,7734,6,,1
17912,drobek,crumb,kɹˈʌm,crumb,7735,6,,1
17913,sevřít,clutch,klˈʌtʃ,clutch,7736,6,,1
17914,rozpadat se,crumble,kɹˈʌmbəl,crumble,7737,6,,1
17915,výsadní,privileged,pɹˈɪvᵻlɪdʒd,privileged,7738,6,,1
17916,klan,clan,klˈæn,clan,7739,6,,1
17917,zuřivě,ferociously,fəɹˈoʊʃəsli,ferociously,7740,6,,1
17918,hrůza,awe,ˈɔː,awe,7741,6,,1
17919,bezohlednost,ruthlessness,ɹˈuːθləsnəs,ruthlessness,7742,6,,1
17920,nemilosrdný,ruthless,ɹˈuːθləs,ruthless,7743,6,,1
17921,metodický,methodical,mɛθˈɑːdɪkəl,methodical,7744,6,,1
17922,vyděsit,dismay,dɪsmˈeɪ,dismay,7745,6,,1
17923,zděšení,dismay,dɪsmˈeɪ,dismay,7746,6,,1
17924,nepřátelství,hostility,hɑːstˈɪlᵻɾi,hostility,7747,6,,1
17925,výhodný,advantageous,ɐdvɐntˈeɪdʒəs,advantageous,7748,6,,1
17926,přesvědčivě,persuasively,pɚswˈeɪsɪvli,persuasively,7749,6,,1
17927,podvod,deceit,dᵻsˈiːt,deceit,7750,6,,1
17928,pozdvižení,upheaval,ʌphˈiːvəl,upheaval,7751,6,,1
17929,zobrazení,depiction,dᵻpˈɪkʃən,depiction,7752,6,,1
17930,zobrazovat,depict,dᵻpˈɪkt,depict,7753,6,,1
17931,mučivý,torturous,tˈɔːɹtʃɚɹəs,torturous,7754,6,,1
17932,odnětí,withdrawal,wɪθdɹˈɔːl,withdrawal,7755,6,,1
17933,staženo,withdrawn,wɪθdɹˈɔːn,withdrawn,7756,6,,1
17934,užší výběr,shortlist,ʃˈɔːɹtlɪst,shortlist,7757,6,,1
17935,zornice,pupil,pjˈuːpəl,pupil,7758,6,,1
17936,zlý,vicious,vˈɪʃəs,vicious,7759,6,,1
17937,pozoruhodný,notable,nˈoʊɾəbəl,notable,7760,6,,1
17938,obvyklý,customary,kˈʌstəmˌɛɹi,customary,7761,6,,1
17939,vyvážit,poise,pˈɔɪz,poise,7762,6,,1
17940,smyšlený,fanciful,fˈænsifəl,fanciful,7763,6,,1
17941,zlomyslně,viciously,vˈɪʃəsli,viciously,7764,6,,1
17942,odcizit,alienate,ˈeɪliənˌeɪt,alienate,7765,6,,1
17943,relevantní,pertinent,pˈɜːtɪnənt,pertinent,7766,6,,1
17944,nápadník,suitor,sˈuːɾɚ,suitor,7767,6,,1
17945,manipulace,manipulation,mənˌɪpjʊlˈeɪʃən,manipulation,7768,6,,1
17946,zarovnání,alignment,ɐlˈaɪnmənt,alignment,7769,6,,1
17947,zarovnat,align,ɐlˈaɪn,align,7770,6,,1
17948,kyselý,acidic,ɐsˈɪdɪk,acidic,7771,6,,1
17949,ironie,irony,ˈaɪɹəni,irony,7772,6,,1
17950,jednotvárný,uneventful,ʌnᵻvˈɛntfəl,uneventful,7773,6,,1
17951,pokračování,sequel,sˈiːkwəl,sequel,7774,6,,1
17952,trhák,blockbuster,blˈɑːkbʌstɚ,blockbuster,7775,6,,1
17953,jednoduchost,simplicity,sɪmplˈɪsᵻɾi,simplicity,7776,6,,1
17954,protagonista,protagonist,pɹˈoʊɾɐɡənˌɪst,protagonist,7777,6,,1
17955,snít,daydream,dˈeɪdɹiːm,daydream,7778,6,,1
17956,se týkají,pertain to,pɚtˈeɪn tuː,pertain_to,7779,6,,1
17957,rezonovat,resonate,ɹˈɛzənˌeɪt,resonate,7780,6,,1
17958,budoucí,prospective,pɹəspˈɛktɪv,prospective,7781,6,,1
17959,sponzorství,sponsorship,spˈɑːnsɚʃˌɪp,sponsorship,7782,6,,1
17960,organizační,organizational,ˌɔːɹɡɐnᵻzˈeɪʃənəl,organizational,7783,6,,1
17961,záviděníhodné,enviable,ˈɛnviəbəl,enviable,7784,6,,1
17962,křídlo,wing,wˈɪŋ,wing,7785,6,,1
17963,zanícený,avid,ˈævɪd,avid,7786,6,,1
17964,souhlasit,concur,kəŋkˈɜː,concur,7787,6,,1
17965,psychiatr,psychiatrist,saɪkˈaɪətɹɪst,psychiatrist,7788,6,,1
17966,plachý,timid,tˈɪmɪd,timid,7789,6,,1
17967,plášť,cloak,klˈoʊk,cloak,7790,6,,1
17968,vnější,exterior,ɛkstˈɪɹiɚ,exterior,7791,6,,1
17969,vyvolat,evoke,ɪvˈoʊk,evoke,7792,6,,1
17970,odrazit,repel,ɹᵻpˈɛl,repel,7793,6,,1
17971,repelent,repellant,ɹᵻpˈɛlənt,repellant,7794,6,,1
17972,neochotně,reluctantly,ɹᵻlˈʌktəntli,reluctantly,7795,6,,1
17973,aqua,aqua,ˈækwə,aqua,7796,6,,1
17974,psychiatrické,psychiatric,sˌaɪkɪˈætɹɪk,psychiatric,7797,6,,1
17975,sbor,corps,kˈɔːɹ,corps,7798,6,,1
17976,zvláštnost,oddity,ˈɑːdᵻɾi,oddity,7799,6,,1
17977,normy,norms,nˈɔːɹmz,norms,7800,6,,1
17978,vyhovovat,conform,kənfˈɔːɹm,conform,7801,6,,1
17979,posvátnost,sanctity,sˈæŋktᵻɾi,sanctity,7802,6,,1
17980,klinický,clinical,klˈɪnɪkəl,clinical,7803,6,,1
17981,odhalující,revealing,ɹᵻvˈiːlɪŋ,revealing,7804,6,,1
17982,traumatický,traumatic,tɹɔːmˈæɾɪk,traumatic,7805,6,,1
17983,trauma,trauma,tɹˈɔːmə,trauma,7806,6,,1
17984,zvyklý,accustomed,ɐkˈʌstəmd,accustomed,7807,6,,1
17985,jurisdikce,jurisdiction,dʒˌʊɹɹɪsdˈɪkʃən,jurisdiction,7808,6,,1
17986,mladistvý,juvenile,dʒˈuːvənˌaɪl,juvenile,7809,6,,1
17987,forenzní,forensic,fɚɹˈɛnsɪk,forensic,7810,6,,1
17988,omezení,constraint,kənstɹˈeɪnt,constraint,7811,6,,1
17989,akvárium,aquarium,ɐkwˈɛɹiəm,aquarium,7812,6,,1
17990,bystře,insightfully,ˈɪnsaɪtfəli,insightfully,7813,6,,1
17991,nedbalý,neglectful,nᵻɡlˈɛktfəl,neglectful,7814,6,,1
17992,zátah,roundup,ɹˈaʊndʌp,roundup,7815,6,,1
17993,svědomitý,conscientious,kˌɑːnsɪˈɛnʃəs,conscientious,7816,6,,1
17994,svědomitě,conscientiously,kˌɑːnsɪˈɛnʃəsli,conscientiously,7817,6,,1
17995,neurčitý,indefinite,ɪndˈɛfɪnət,indefinite,7818,6,,1
17996,na dobu neurčitou,indefinitely,ɪndˈɛfɪnətli,indefinitely,7819,6,,1
17997,rachotit,rumble,ɹˈʌmbəl,rumble,7820,6,,1
17998,atmosférický,atmospheric,ˌætməsfˈɛɹɪk,atmospheric,7821,6,,1
17999,fúze,fusion,fjˈuːʒən,fusion,7822,6,,1
18000,robustní,robust,ɹoʊbˈʌst,robust,7823,6,,1
18001,robustně,robustly,ɹoʊbˈʌstli,robustly,7824,6,,1
18002,tristní,dismal,dˈɪzməl,dismal,7825,6,,1
18003,pochmurně,dismally,dˈɪzməli,dismally,7826,6,,1
18004,toužit,crave,kɹˈeɪv,crave,7827,6,,1
18005,pojistka,fuse,fjˈuːz,fuse,7828,6,,1
18006,bystrý,insightful,ɪnsˈaɪtfəl,insightful,7829,6,,1
18007,rachot,rumble,ɹˈʌmbəl,rumble,7830,6,,1
18008,elitářský,elitist,ɪlˈiːɾɪst,elitist,7831,6,,1
18009,flashback,flashback,flˈæʃbæk,flashback,7832,6,,1
18010,sebehodnota,self-worth,sˈɛlfwˈɜːθ,selfworth,7833,6,,1
18011,trápit se,agonize,ˈæɡənˌaɪz,agonize,7834,6,,1
18012,uvést,cite,sˈaɪt,cite,7835,6,,1
18013,citace,citation,saɪtˈeɪʃən,citation,7836,6,,1
18014,recitovat,recite,ɹᵻsˈaɪt,recite,7837,6,,1
18015,reptání,grumble,ɡɹˈʌmbəl,grumble,7838,6,,1
18016,extaticky,ecstatically,ɛkstˈæɾɪkli,ecstatically,7839,6,,1
18017,příjemný,pleasurable,plˈɛʒɚɹəbəl,pleasurable,7840,6,,1
18018,podstatně,substantially,səbstˈænʃəli,substantially,7841,6,,1
18019,příznivě,favourably,fˈeɪvɚɹəbli,favourably,7842,6,,1
18020,rozmanitost,diversity,daɪvˈɜːsᵻɾi,diversity,7843,6,,1
18021,ego,ego,ˈiːɡoʊ,ego,7844,6,,1
18022,nutkání,compulsion,kəmpˈʌlʃən,compulsion,7845,6,,1
18023,běžně,ordinarily,ˌɔːɹdɪnˈɛɹᵻli,ordinarily,7846,6,,1
18024,znalý,knowledgeable,nˈɑːlɪdʒəbəl,knowledgeable,7847,6,,1
18025,vertikální,vertical,vˈɜːɾɪkəl,vertical,7848,6,,1
18026,vysvětlující,explanatory,ɛksplˈænətˌɔːɹi,explanatory,7849,6,,1
18027,klenot,gem,dʒˈɛm,gem,7850,6,,1
18028,oběšení,hanging,hˈæŋɪŋ,hanging,7851,6,,1
18029,obrovsky,enormously,ɪnˈɔːɹməsli,enormously,7852,6,,1
18030,geologicky,geologically,dʒˌɪəlˈɑːdʒɪkli,geologically,7853,6,,1
18031,geologický,geological,dʒˌɪəlˈɑːdʒɪkəl,geological,7854,6,,1
18032,fosilní,fossil,fˈɑːsəl,fossil,7855,6,,1
18033,sklad,stock,stˈɑːk,stock,7856,6,,1
18034,indukce,induction,ɪndˈʌkʃən,induction,7857,6,,1
18035,vzorek,specimen,spˈɛsɪmən,specimen,7858,6,,1
18036,indukovat,induct,ɪndˈʌkt,induct,7859,6,,1
18037,hrobka,tomb,tˈuːm,tomb,7860,6,,1
18038,puchýř,blister,blˈɪstɚ,blister,7861,6,,1
18039,taktně,tactfully,tˈæktfəli,tactfully,7862,6,,1
18040,taktní,tactful,tˈæktfəl,tactful,7863,6,,1
11508,takt,tact,tˈækt,tact,7864,6,,1
18041,svéhlavý,headstrong,hˈɛdstɹɔŋ,headstrong,7865,6,,1
18042,klaustrofobie,claustrophobia,klˌɔːstɹəfˈoʊbiə,claustrophobia,7866,6,,1
18043,formulovat,formulate,fˈɔːɹmjʊlˌeɪt,formulate,7867,6,,1
18044,klaustrofobní,claustrophobic,klˌɔːstɹəfˈoʊbɪk,claustrophobic,7868,6,,1
18045,protahování,stretching,stɹˈɛtʃɪŋ,stretching,7869,6,,1
18046,schválení,endorsement,ɛndˈɔːɹsmənt,endorsement,7870,6,,1
18047,čistě,cleanly,klˈiːnli,cleanly,7871,6,,1
18048,obětovat,sacrifice,sˈækɹᵻfˌaɪs,sacrifice,7872,6,,1
18049,oběť,sacrifice,sˈækɹᵻfˌaɪs,sacrifice,7873,6,,1
18050,trosky,shambles,ʃˈæmbəlz,shambles,7874,6,,1
18051,temná komora,darkroom,dˈɑːɹkɹuːm,darkroom,7875,6,,1
18052,omítka,plaster,plˈæstɚ,plaster,7876,6,,1
18053,zvěčnit,perpetuate,pɚpˈɛtʃuːˌeɪt,perpetuate,7877,6,,1
18054,hostitelka,hostess,hˈoʊstɛs,hostess,7878,6,,1
18055,dynamicky,dynamically,daɪnˈæmɪkli,dynamically,7879,6,,1
18056,stoke,stoke,stˈoʊk,stoke,7880,6,,1
18057,opatrný,wary,wˈɛɹi,wary,7881,6,,1
18058,sebevědomý,self-conscious,sˈɛlfkˈɑːnʃəs,selfconscious,7882,6,,1
18059,přirozenost,naturalness,nˈætʃɚɹəlnəs,naturalness,7883,6,,1
18060,mrzet,resent,ɹᵻzˈɛnt,resent,7884,6,,1
18061,shromáždit se,congregate,kˈɑːŋɡɹɪɡˌeɪt,congregate,7885,6,,1
18062,nekonvenční,unconventional,ʌŋkənvˈɛnʃənəl,unconventional,7886,6,,1
18063,shoda,conformity,kənfˈɔːɹmᵻɾi,conformity,7887,6,,1
18064,psychika,psyche,sˈaɪkiː,psyche,7888,6,,1
18065,osobitost,individuality,ˌɪndᵻvˌɪduːˈælᵻɾi,individuality,7889,6,,1
18066,tvrzení,assertion,ɐsˈɜːʃən,assertion,7890,6,,1
18067,shromáždit se,rally,ɹˈæli,rally,7891,6,,1
18068,omítat,plaster,plˈæstɚ,plaster,7892,6,,1
18069,izolovaný,isolated,ˈaɪsəlˌeɪɾᵻd,isolated,7893,6,,1
18070,obsahovat,comprise,kəmpɹˈaɪz,comprise,7894,6,,1
18071,vrhat,cast,kˈæst,cast,7895,6,,1
18072,odlitek,cast,kˈæst,cast,7896,6,,1
18073,vysilující,gruelling,ɡɹˈuːəlɪŋ,gruelling,7897,6,,1
18074,čistota,purity,pjˈʊɹɹᵻɾi,purity,7898,6,,1
18075,stačit,suffice,səfˈaɪs,suffice,7899,6,,1
18076,stručně,brief,bɹˈiːf,brief,7900,6,,1
18077,vegetace,vegetation,vˌɛdʒɪtˈeɪʃən,vegetation,7901,6,,1
18078,bez námahy,effortless,ˈɛfɚtləs,effortless,7902,6,,1
18079,pokorný,humble,hˈʌmbəl,humble,7903,6,,1
18080,odklad,respite,ɹˈɛspɪt,respite,7904,6,,1
18081,vrávorání,stagger,stˈæɡɚ,stagger,7905,6,,1
18082,výpad,plunge,plˈʌndʒ,plunge,7906,6,,1
18083,svědomitý,dutiful,dˈuːɾifəl,dutiful,7907,6,,1
18084,podnikavý,enterprising,ˈɛntɚpɹˌaɪzɪŋ,enterprising,7908,6,,1
18085,odolnost,resilience,ɹᵻsˈɪliəns,resilience,7909,6,,1
18086,pružný,resilient,ɹᵻsˈɪliənt,resilient,7910,6,,1
18087,terén,terrain,tɚɹˈeɪn,terrain,7911,6,,1
18088,pronájem,charter,tʃˈɑːɹɾɚ,charter,7912,6,,1
18089,charta,charter,tʃˈɑːɹɾɚ,charter,7913,6,,1
18090,itinerář,itinerary,aɪtˈɪnɚɹˌɛɹi,itinerary,7914,6,,1
18091,spojený,coupled,kˈʌpəld,coupled,7915,6,,1
18092,střídat,rotate,ɹoʊtˈeɪt,rotate,7916,6,,1
18093,obnovující,restorative,ɹᵻstˈɔːɹətˌɪv,restorative,7917,6,,1
18094,obnovení,restoration,ɹˌɛstɚɹˈeɪʃən,restoration,7918,6,,1
18095,zastaralý,antiquated,ˈæntɪkwˌeɪɾᵻd,antiquated,7919,6,,1
18096,starověk,antiquity,æntˈɪkwᵻɾi,antiquity,7920,6,,1
18097,socializace,socialization,sˌoʊʃəlᵻzˈeɪʃən,socialization,7921,6,,1
18098,koncert,gig,ɡˈɪɡ,gig,7922,6,,1
18099,demo,demo,dˈɛmoʊ,demo,7923,6,,1
18100,demolice,demolition,dˌɛməlˈɪʃən,demolition,7924,6,,1
18101,faktura,invoice,ˈɪnvɔɪs,invoice,7925,6,,1
18102,zahájit,launch,lˈɑːntʃ,launch,7926,6,,1
18103,firewall,firewall,fˈaɪɚwɔːl,firewall,7927,6,,1
18104,paywall,paywall,pˈeɪwɔːl,paywall,7928,6,,1
18105,prorocký,prophetic,pɹɑːfˈɛɾɪk,prophetic,7929,6,,1
18106,prorok,prophet,pɹˈɑːfɪt,prophet,7930,6,,1
18107,fenomenálně,phenomenally,fɪnˈɑːmɪnəli,phenomenally,7931,6,,1
18108,fenomenální,phenomenal,fɪnˈɑːmɪnəl,phenomenal,7932,6,,1
18109,demograficky,demographically,dˌɛməɡɹˈæfɪkli,demographically,7933,6,,1
18110,integrální,integral,ˈɪntᵻɡɹəl,integral,7934,6,,1
18111,kánoe,canoe,kənˈuː,canoe,7935,6,,1
18112,magnetický,magnetic,mæɡnˈɛɾɪk,magnetic,7936,6,,1
18113,magnetismus,magnetism,mˈæɡnɪtˌɪzəm,magnetism,7937,6,,1
18114,výhonek,sprout,spɹˈaʊt,sprout,7938,6,,1
18115,lidová pohádka,folktale,fˈoʊkteɪl,folktale,7939,6,,1
18116,trakt,tract,tɹˈækt,tract,7940,6,,1
18117,sazenice,seedling,sˈiːdlɪŋ,seedling,7941,6,,1
18118,ovocný sad,orchard,ˈɔːɹtʃɚd,orchard,7942,6,,1
18119,štěp,graft,ɡɹˈæft,graft,7943,6,,1
18120,scvrklý,wizened,wˈɪzənd,wizened,7944,6,,1
18121,sousedící,adjoining,ɐdʒˈɔɪnɪŋ,adjoining,7945,6,,1
18122,sousedit,adjoin,ɐdʒˈɔɪn,adjoin,7946,6,,1
18123,žvýkat,munch,mˈʌntʃ,munch,7947,6,,1
18124,rozházet,squander,skwˈɑːndɚ,squander,7948,6,,1
18125,antropolog,anthropologist,ˌænθɹəpˈɑːlədʒˌɪst,anthropologist,7949,6,,1
18126,antropologie,anthropology,ˌænθɹəpˈɑːlədʒi,anthropology,7950,6,,1
18127,demografický,demographic,dˌɛməɡɹˈæfɪk,demographic,7951,6,,1
18128,vrtat,drill,dɹˈɪl,drill,7952,6,,1
18129,suspenze,suspension,səspˈɛnʃən,suspension,7953,6,,1
18130,visící,pendulous,pˈɛndʒuːləs,pendulous,7954,6,,1
18131,kyvadlo,pendulum,pˈɛndʒuːləm,pendulum,7955,6,,1
18132,trhlina,fissure,fˈɪʃɚ,fissure,7956,6,,1
18133,prohibitivně,prohibitively,pɹəhˈɪbᵻtˌɪvli,prohibitively,7957,6,,1
18134,prohibitivní,prohibitive,pɹəhˈɪbᵻtˌɪv,prohibitive,7958,6,,1
18135,akutně,acutely,ɐkjˈuːtli,acutely,7959,6,,1
18136,pověření,credential,kɹᵻdˈɛnʃəl,credential,7960,6,,1
18137,důvěryhodnost,credibility,kɹˌɛdɪbˈɪlᵻɾi,credibility,7961,6,,1
18138,věrohodně,credibly,kɹˈɛdɪbli,credibly,7962,6,,1
18139,důvěryhodný,credible,kɹˈɛdɪbəl,credible,7963,6,,1
18140,magneticky,magnetically,mæɡnˈɛɾɪkli,magnetically,7964,6,,1
18141,vrták,drill,dɹˈɪl,drill,7965,6,,1
18142,pučet,sprout,spɹˈaʊt,sprout,7966,6,,1
18143,demografie,demography,dɛmˈɑːɡɹəfi,demography,7967,6,,1
18144,obíhat,circulate,sˈɜːkjʊlˌeɪt,circulate,7968,6,,1
18145,prostopášně,raunchily,ɹˈɔːntʃili,raunchily,7969,6,,1
18146,prostopášný,raunchy,ɹˈɔːntʃi,raunchy,7970,6,,1
18147,zánik,demise,dᵻmˈaɪz,demise,7971,6,,1
18148,rozčarování,disillusionment,dɪsɪlˈuːʒənmənt,disillusionment,7972,6,,1
18149,scénář,screenplay,skɹˈiːnpleɪ,screenplay,7973,6,,1
18150,temperamentně,temperamentally,tˌɛmpɹəmˈɛntəli,temperamentally,7974,6,,1
18151,temperamentní,temperamental,tˌɛmpɹəmˈɛntəl,temperamental,7975,6,,1
18152,temperament,temperament,tˈɛmpɹəmənt,temperament,7976,6,,1
18153,cikánská,gypsy,dʒˈɪpsi,gypsy,7977,6,,1
18154,probodnout,transfix,tɹænsfˈɪks,transfix,7978,6,,1
18155,ďábelsky,fiendishly,fˈiːndɪʃli,fiendishly,7979,6,,1
18156,otřesný,fiendish,fˈiːndɪʃ,fiendish,7980,6,,1
18157,zloduch,fiend,fˈiːnd,fiend,7981,6,,1
18158,poslušně,docilely,dˈɑːsəlli,docilely,7982,6,,1
18159,poslušný,docile,dˈɑːsəl,docile,7983,6,,1
18160,rozzlobeně,irately,aɪɹˈeɪtli,irately,7984,6,,1
18161,rozzlobený,irate,aɪɹˈeɪt,irate,7985,6,,1
18162,tlumič,buffer,bˈʌfɚ,buffer,7986,6,,1
18163,máselnice,churn,tʃˈɜːn,churn,7987,6,,1
18164,mísit se,mingle,mˈɪŋɡəl,mingle,7988,6,,1
18165,scénárista,screenwriter,skɹˈiːnɹaɪɾɚ,screenwriter,7989,6,,1
18166,příšerně,gruesomely,ɡɹˈuːsʌmli,gruesomely,7990,6,,1
18167,příšerný,gruesome,ɡɹˈuːsʌm,gruesome,7991,6,,1
18168,nákladově efektivní,cost-effective,kˈɔstɪfˈɛktɪv,costeffective,7992,6,,1
18169,směšně,ludicrously,lˈuːdɪkɹəsli,ludicrously,7993,6,,1
18170,kontokorent,overdraft,ˈoʊvɚdɹˌæft,overdraft,7994,6,,1
18171,synopse,synopsis,sɪnˈɑːpsɪs,synopsis,7995,6,,1
18172,proslulost,renown,ɹᵻnˈaʊn,renown,7996,6,,1
18173,olovnice,plummet,plˈʌmɪt,plummet,7997,6,,1
18174,tranzit,transit,tɹˈænsɪt,transit,7998,6,,1
18175,tesařství,carpentry,kˈɑːɹpəntɹi,carpentry,7999,6,,1
18176,tesař,carpenter,kˈɑːɹpəntɚ,carpenter,8000,6,,1
18177,vytlačit,dislodge,dɪslˈɑːdʒ,dislodge,8001,6,,1
18178,uvíznout,lodge,lˈɑːdʒ,lodge,8002,6,,1
18179,nepořádek,clutter,klˈʌɾɚ,clutter,8003,6,,1
18180,pochmurně,sombrely,sˈɑːmbɚli,sombrely,8004,6,,1
18181,ponurý,sombre,sˈɑːmbɚ,sombre,8005,6,,1
18182,vzájemně,mutually,mjˈuːtʃuːəli,mutually,8006,6,,1
18183,neinspirativní,uninspiring,ˌʌnɪnspˈaɪɚɹɪŋ,uninspiring,8007,6,,1
18184,podněty,stimuli,stˈɪmjʊlˌaɪ,stimuli,8008,6,,1
18185,všestrannost,versatility,vˌɜːsətˈɪlᵻɾi,versatility,8009,6,,1
18186,oběh,circulation,sˌɜːkjʊlˈeɪʃən,circulation,8010,6,,1
18187,univerzální,versatile,vˈɜːsətˌaɪl,versatile,8011,6,,1
18188,únava,fatigue,fɐtˈiːɡ,fatigue,8012,6,,1
18189,nastavitelný,adjustable,ɐdʒˈʌstəbəl,adjustable,8013,6,,1
18190,byrokraticky,bureaucratically,bjˌʊɹɹoʊkɹˈæɾɪkli,bureaucratically,8014,6,,1
18191,ohromující,staggering,stˈæɡɚɹɪŋ,staggering,8015,6,,1
18192,domácký,homely,hˈoʊmli,homely,8016,6,,1
18193,chladič,radiator,ɹˈeɪdɪˌeɪɾɚ,radiator,8017,6,,1
18194,obyvatel,occupant,ˈɑːkjʊpənt,occupant,8018,6,,1
18195,větrání,ventilation,vˌɛntɪlˈeɪʃən,ventilation,8019,6,,1
18196,ventilovat,ventilate,vˈɛntᵻlˌeɪt,ventilate,8020,6,,1
18197,výrok,verdict,vˈɜːdɪkt,verdict,8021,6,,1
18198,pracovní,occupational,ˌɑːkjʊpˈeɪʃənəl,occupational,8022,6,,1
18199,veranda,verandah,vˈɛɹændə,verandah,8023,6,,1
18200,sporné,contested,kəntˈɛstᵻd,contested,8024,6,,1
18201,svalnatý,muscular,mˈʌskjʊlɚ,muscular,8025,6,,1
18202,směšné,ludicrous,lˈuːdɪkɹəs,ludicrous,8026,6,,1
18203,pokrytectví,hypocrisy,hɪpˈɑːkɹəsi,hypocrisy,8027,6,,1
18204,pokrytecký,hypocritical,hˌɪpəkɹˈɪɾɪkəl,hypocritical,8028,6,,1
18205,neutralizovat,neutralise,nˈuːtɹəlˌaɪz,neutralise,8029,6,,1
18206,plaketa,plaque,plˈæk,plaque,8030,6,,1
18207,geniální,ingenious,ɪndʒˈiːniəs,ingenious,8031,6,,1
18208,obrátit se na,turn to,tˈɜːn tuː,turn_to,8032,6,,1
18209,monotonie,monotony,mənˈɑːtəni,monotony,8033,6,,1
18210,jednotvárně,monotonously,mənˈɑːtənəsli,monotonously,8034,6,,1
18211,monotónní,monotonous,mənˈɑːtənəs,monotonous,8035,6,,1
18212,míza,sap,sˈæp,sap,8036,6,,1
18213,oplývat,abound,ɐbˈaʊnd,abound,8037,6,,1
18214,vrhnout se,pounce,pˈaʊns,pounce,8038,6,,1
18215,děsivě,appallingly,ɐpˈɔːlɪŋli,appallingly,8039,6,,1
18216,otřesné,appalling,ɐpˈɔːlɪŋ,appalling,8040,6,,1
18217,konsternovat,appal,ɐpˈɔːl,appal,8041,6,,1
18218,elastický,elastic,ᵻlˈæstɪk,elastic,8042,6,,1
18219,nevýrazný,lacklustre,lˈæklʌstɚ,lacklustre,8043,6,,1
18220,synteticky,synthetically,sɪnθˈɛɾɪkli,synthetically,8044,6,,1
18221,syntetický,synthetic,sɪnθˈɛɾɪk,synthetic,8045,6,,1
18222,dědictví,legacy,lˈɛɡəsi,legacy,8046,6,,1
18223,odkázat,bequeath,bᵻkwˈiːθ,bequeath,8047,6,,1
18224,výbušně,explosively,ɛksplˈoʊsɪvli,explosively,8048,6,,1
18225,benigně,benignly,bᵻnˈaɪnli,benignly,8049,6,,1
18226,benigní,benign,bᵻnˈaɪn,benign,8050,6,,1
18227,panoramatický,panoramic,pˌænɚɹˈæmɪk,panoramic,8051,6,,1
18228,panoráma,panorama,pˌænɚɹˈæmə,panorama,8052,6,,1
18229,vynalézavost,ingenuity,ˌɪndʒᵻnjˈuːɪɾi,ingenuity,8053,6,,1
18230,rozrůstat se,sprawl,spɹˈɔːl,sprawl,8054,6,,1
18231,svérázný,quirky,kwˈɜːki,quirky,8055,6,,1
18232,neutralizace,neutralisation,nˌuːtɹələzˈeɪʃən,neutralisation,8056,6,,1
18233,slintat,salivate,sˈælᵻvˌeɪt,salivate,8057,6,,1
18234,zastavení,cessation,sɛsˈeɪʃən,cessation,8058,6,,1
18235,lítost,remorse,ɹᵻmˈɔːɹs,remorse,8059,6,,1
18236,blízkost,closeness,klˈoʊsnəs,closeness,8060,6,,1
18237,kulečník,billiards,bˈɪlɪɚdz,billiards,8061,6,,1
18238,poloostrov,peninsula,pənˈɪnsjʊlə,peninsula,8062,6,,1
18239,spartánský,spartan,spˈɑːɹtən,spartan,8063,6,,1
18240,klid,tranquility,tɹæŋkwˈɪlᵻɾi,tranquility,8064,6,,1
18241,klidný,tranquil,tɹˈæŋkwɪl,tranquil,8065,6,,1
18242,šťavnatě,succulently,sˈʌkjʊləntli,succulently,8066,6,,1
18243,šťavnatý,succulent,sˈʌkjʊlənt,succulent,8067,6,,1
18244,testament,testament,tˈɛstəmənt,testament,8068,6,,1
18245,zboží,wares,wˈɛɹz,wares,8069,6,,1
18246,sešívačka,staple,stˈeɪpəl,staple,8070,6,,1
18247,bezplatný,complimentary,kˌɑːmplɪmˈɛntɚɹi,complimentary,8071,6,,1
18248,komplementární,complementary,kˌɑːmplɪmˈɛntɚɹi,complementary,8072,6,,1
18249,charakterizace,characterisation,kˌæɹɪktɚɹaɪzˈeɪʃən,characterisation,8073,6,,1
18250,přirážka,mark-up,mˈɑːɹkˈʌp,markup,8074,6,,1
18251,digitalizovat,digitalise,dˈɪdʒɪɾəlˌaɪz,digitalise,8075,6,,1
18252,hromadně nahoru,bulk up,bˈʌlk ˈʌp,bulk_up,8076,6,,1
18253,objemný,bulky,bˈʌlki,bulky,8077,6,,1
18254,hromadně,bulk,bˈʌlk,bulk,8078,6,,1
18255,příslušenství,fixture,fˈɪkstʃɚ,fixture,8079,6,,1
18256,zvýšit,heighten,hˈaɪʔn̩,heighten,8080,6,,1
18257,bez pomoci,unassisted,ʌnɐsˈɪstᵻd,unassisted,8081,6,,1
18258,nevyčerpatelný,inexhaustible,ˌɪnɛɡzˈɔːstᵻbəl,inexhaustible,8082,6,,1
18259,neomluvitelně,inexcusably,ˌɪnɛkskjˈuːsəbli,inexcusably,8083,6,,1
18260,neomluvitelné,inexcusable,ˌɪnɛkskjˈuːsəbəl,inexcusable,8084,6,,1
18261,nemilosrdně,remorselessly,ɹᵻmˈɔːɹsləsli,remorselessly,8085,6,,1
18262,lítostivě,remorsefully,ɹᵻmˈɔːɹsfəli,remorsefully,8086,6,,1
18263,nemilosrdný,remorseless,ɹᵻmˈɔːɹsləs,remorseless,8087,6,,1
18264,digitalizace,digitalisation,dˌɪdʒɪɾələzˈeɪʃən,digitalisation,8088,6,,1
18265,pokrytec,hypocrite,hˈɪpəkɹˌɪt,hypocrite,8089,6,,1
18266,dramatik,dramatist,dɹˈæmətˌɪst,dramatist,8090,6,,1
18267,předměstský,suburban,səbˈɜːbən,suburban,8091,6,,1
18268,kousavý,scathing,skˈeɪðɪŋ,scathing,8092,6,,1
18269,zmatek,turmoil,tˈɜːmɔɪl,turmoil,8093,6,,1
18270,debut,debut,deɪbjˈuː,debut,8094,6,,1
18271,ponořit se,plunge,plˈʌndʒ,plunge,8095,6,,1
18272,nýtování,riveting,ɹˈɪvɪɾɪŋ,riveting,8096,6,,1
18273,manévr,manoeuvre,mənˈuːvɚ,manoeuvre,8097,6,,1
18274,zatímco,whilst,wˈaɪlst,whilst,8098,6,,1
18275,kontextově,contextually,kəntˈɛkstʃuːəli,contextually,8099,6,,1
18276,urychlit,expedite,ˈɛkspədˌaɪt,expedite,8100,6,,1
18277,nalodit se,embark,ɛmbˈɑːɹk,embark,8101,6,,1
18278,primitivně,primitively,pɹˈɪmᵻtˌɪvli,primitively,8102,6,,1
18279,podřízený,subordinate,sʌbˈɔːɹdᵻnət,subordinate,8103,6,,1
18280,neposlušně,insubordinately,ˌɪnsəbˈɔːɹdᵻnətli,insubordinately,8104,6,,1
18281,neposlušnost,insubordination,ˌɪnsəbˌɔːɹdᵻnˈeɪʃən,insubordination,8105,6,,1
18282,neposlušný,insubordinate,ˌɪnsəbˈɔːɹdᵻnət,insubordinate,8106,6,,1
18283,schéma,chart,tʃˈɑːɹt,chart,8107,6,,1
18284,retrace,retrace,ɹᵻtɹˈeɪs,retrace,8108,6,,1
18285,amatér,amateur,ˈæmətʃɚ,amateur,8109,6,,1
18286,chuťový pohárek,tastebud,tˈeɪstbʌd,tastebud,8110,6,,1
18287,otupit,numb,nˈʌm,numb,8111,6,,1
18288,otupělý,numb,nˈʌm,numb,8112,6,,1
18289,jednotnost,uniformity,jˌuːnɪfˈɔːɹmᵻɾi,uniformity,8113,6,,1
18325,obchodně,commercially,kəmˈɜːʃəli,commercially,8114,6,,1
18326,sklizeň,harvest,hˈɑːɹvɪst,harvest,8115,6,,1
18327,porodní asistentka,midwife,mˈɪdwaɪf,midwife,8116,6,,1
18328,pokrytecky,hypocritically,hˌɪpəkɹˈɪɾɪkli,hypocritically,8117,6,,1
18329,neškodlivý,unscathing,ʌnskˈeɪðɪŋ,unscathing,8118,6,,1
18330,spletitý,convoluted,kˌɑːnvəlˈuːɾᵻd,convoluted,8119,6,,1
18331,neohrožený,undaunted,ʌndˈɔːntᵻd,undaunted,8120,6,,1
18332,odvážný,gutsy,ɡˈʌtsi,gutsy,8121,6,,1
18333,zneklidnit,unsettle,ʌnsˈɛɾəl,unsettle,8122,6,,1
18334,zneklidňující,unsettling,ʌnsˈɛɾəlɪŋ,unsettling,8123,6,,1
18335,chtíč,lust,lˈʌst,lust,8124,6,,1
18336,zaseknout,hack,hˈæk,hack,8125,6,,1
18337,zásek,hack,hˈæk,hack,8126,6,,1
18338,tělesnost,physicality,fˈɪzɪkˈælᵻɾi,physicality,8127,6,,1
18339,rozjařenost,exhilaration,ɛɡzˌɪlɐɹˈeɪʃən,exhilaration,8128,6,,1
18340,osvěžující,exhilarating,ɛɡzˈɪlɐɹəɾɪŋ,exhilarating,8129,6,,1
18341,osvěžit,exhilarate,ɛɡzˈɪlæɹət,exhilarate,8130,6,,1
18342,salto,somersault,sˈʌməsˌɔlt,somersault,8131,6,,1
18343,výklenek,niche,nˈɪtʃ,niche,8132,6,,1
18344,sbírat,glean,ɡlˈiːn,glean,8133,6,,1
18345,šustit,rustle,ɹˈʌsəl,rustle,8134,6,,1
18346,předměstí,suburbia,sʌbˈɜːbiə,suburbia,8135,6,,1
18347,šustění,rustle,ɹˈʌsəl,rustle,8136,6,,1
18348,prozrazující,telltale,tˈɛlteɪl,telltale,8137,6,,1
18349,prodloužit,elongate,ˈiːlˌɑːŋɡeɪt,elongate,8138,6,,1
18350,hlodat,gnaw,nˈɔː,gnaw,8139,6,,1
18351,dláto,chiselled,tʃˈɪzəld,chiselled,8140,6,,1
18352,dláto,chisel,tʃˈɪzəl,chisel,8141,6,,1
18353,řez,incision,ɪnsˈɪʒən,incision,8142,6,,1
18354,řezák,incisor,ɪnsˈaɪzɚ,incisor,8143,6,,1
18355,uniknout,elude,ᵻlˈuːd,elude,8144,6,,1
18356,nepolapitelný,elusive,ᵻlˈuːsɪv,elusive,8145,6,,1
18357,zobrazení,portrayal,pɔːɹtɹˈeɪəl,portrayal,8146,6,,1
18358,zobrazit,portray,pɔːɹtɹˈeɪ,portray,8147,6,,1
18359,fraška,farce,fˈɑːɹs,farce,8148,6,,1
18360,dutina,cavity,kˈævᵻɾi,cavity,8149,6,,1
18361,nepropustný,impervious,ɪmpˈɜːviəs,impervious,8150,6,,1
18362,byrokratický,bureaucratic,bjˌʊɹɹoʊkɹˈæɾɪk,bureaucratic,8151,6,,1
18363,naivně,naively,naɪˈiːvli,naively,8152,6,,1
18364,hrdinka,heroine,hˈɛɹoʊˌɪn,heroine,8153,6,,1
18365,eticky,ethically,ˈɛθɪkli,ethically,8154,6,,1
18366,etický,ethical,ˈɛθɪkəl,ethical,8155,6,,1
18367,úcta,veneration,vˌɛnɚɹˈeɪʃən,veneration,8156,6,,1
18368,ctít,venerate,vˈɛnɚɹˌeɪt,venerate,8157,6,,1
18369,naivita,naivety,naɪˈiːvɪɾi,naivety,8158,6,,1
18370,mytologický,mythological,mˌɪθəlˈɑːdʒɪkəl,mythological,8159,6,,1
18371,loudit,stray,stɹˈeɪ,stray,8160,6,,1
18372,zbloudilý,stray,stɹˈeɪ,stray,8161,6,,1
18373,bezstarostně,blithely,blˈaɪðli,blithely,8162,6,,1
18374,okouzlující,beguilingly,bᵻɡˈaɪlɪŋli,beguilingly,8163,6,,1
18375,okouzlující,beguiling,bᵻɡˈaɪlɪŋ,beguiling,8164,6,,1
18376,kašpar,buffoon,bəfˈuːn,buffoon,8165,6,,1
18377,odstraněno,removed,ɹᵻmˈuːvd,removed,8166,6,,1
18378,neochvějně,unwaveringly,ʌnwˈeɪvɚɹɪŋli,unwaveringly,8167,6,,1
18379,neochvějný,unwavering,ʌnwˈeɪvɚɹɪŋ,unwavering,8168,6,,1
18380,ledabyle,slackly,slˈækli,slackly,8169,6,,1
18381,flákat se,slack,slˈæk,slack,8170,6,,1
18382,ochablý,slack,slˈæk,slack,8171,6,,1
18383,překvapivě,startlingly,stˈɑːɹɾəlɪŋli,startlingly,8172,6,,1
18384,překvapující,startling,stˈɑːɹɾəlɪŋ,startling,8173,6,,1
18385,trikot,jersey,dʒˈɜːsi,jersey,8174,6,,1
18386,napjatě,tautly,tˈɔːtli,tautly,8175,6,,1
18387,napjatý,taut,tˈɔːt,taut,8176,6,,1
18388,bláznivý,zany,zˈeɪni,zany,8177,6,,1
18389,oddaný,devotee,dˌɛvoʊtˈiː,devotee,8178,6,,1
18390,balzám,salve,sˈælv,salve,8179,6,,1
18391,spása,salvation,sælvˈeɪʃən,salvation,8180,6,,1
18392,pohltit,engross,ɛŋɡɹˈoʊs,engross,8181,6,,1
18393,zahájení,launch,lˈɑːntʃ,launch,8182,6,,1
18394,magnát,tycoon,taɪkˈuːn,tycoon,8183,6,,1
18395,začátek,outset,ˈaʊtsɛt,outset,8184,6,,1
18396,vnímavě,perceptively,pɚsˈɛptɪvli,perceptively,8185,6,,1
18397,vnímavý,perceptive,pɚsˈɛptɪv,perceptive,8186,6,,1
18398,rozmotaný,untangled,ʌntˈæŋɡəld,untangled,8187,6,,1
18399,rozmotat,untangle,ʌntˈæŋɡəl,untangle,8188,6,,1
18400,zamotaný,tangled,tˈæŋɡəld,tangled,8189,6,,1
18401,zamotat,tangle,tˈæŋɡəl,tangle,8190,6,,1
18402,spleť,tangle,tˈæŋɡəl,tangle,8191,6,,1
18403,sentimentálně,sentimentally,sˌɛntɪmˈɛntəli,sentimentally,8192,6,,1
18404,sentimentální,sentimental,sˌɛntɪmˈɛntəl,sentimental,8193,6,,1
18405,překážka,impediment,ɪmpˈɛdɪmənt,impediment,8194,6,,1
18406,sentiment,sentiment,sˈɛntɪmənt,sentiment,8195,6,,1
18407,svěřit,confide,kənfˈaɪd,confide,8196,6,,1
18408,básnířka,poetess,pˈoʊɪtˌɛs,poetess,8197,6,,1
18409,ironicky,wryly,ɹˈaɪli,wryly,8198,6,,1
18410,ironický,wry,ɹˈaɪ,wry,8199,6,,1
18411,spravedlivě,justly,dʒˈʌstli,justly,8200,6,,1
18412,kontinuita,continuity,kɑːntɪnjˈuːᵻɾi,continuity,8201,6,,1
18413,kazatel,preacher,pɹˈiːtʃɚ,preacher,8202,6,,1
18414,kázat,preach,pɹˈiːtʃ,preach,8203,6,,1
18415,strakatý,motley,mˈɑːtli,motley,8204,6,,1
18416,elán,verve,vˈɜːv,verve,8205,6,,1
18417,staccato,staccato,stɐkˈɑːɾoʊ,staccato,8206,6,,1
18418,zachránit,salvage,sˈælvɪdʒ,salvage,8207,6,,1
18419,cítící,sentient,sˈɛnʃənt,sentient,8208,6,,1
18420,pohlcující,engrossing,ɛŋɡɹˈoʊsɪŋ,engrossing,8209,6,,1
18421,překážet,impede,ɪmpˈiːd,impede,8210,6,,1
18422,relapsu,relapse,ɹᵻlˈæps,relapse,8211,6,,1
18423,bujnost,exuberance,ɛɡzjˈuːbɚɹəns,exuberance,8212,6,,1
18424,bujný,exuberant,ɛɡzjˈuːbɚɹənt,exuberant,8213,6,,1
18425,prázdnota,blankness,blˈæŋknəs,blankness,8214,6,,1
18426,vyhovující,compliantly,kəmplˈaɪəntli,compliantly,8215,6,,1
18427,vyhovující,compliant,kəmplˈaɪənt,compliant,8216,6,,1
18428,dodržování,compliance,kəmplˈaɪəns,compliance,8217,6,,1
18429,vyhovět,comply,kəmplˈaɪ,comply,8218,6,,1
18430,otlučený,battered,bˈæɾɚd,battered,8219,6,,1
18431,zesílení,amplification,ˌæmplɪfɪkˈeɪʃən,amplification,8220,6,,1
18432,bohatě,amply,ˈæmpli,amply,8221,6,,1
18433,nábřeží,waterfront,wˈɔːɾɚfɹˌʌnt,waterfront,8222,6,,1
18434,nespolehlivě,unreliably,ˌʌnɹᵻlˈaɪəbli,unreliably,8223,6,,1
18435,tlouci,batter,bˈæɾɚ,batter,8224,6,,1
18436,sada,battery,bˈæɾɚɹi,battery,8225,6,,1
18437,těsto,batter,bˈæɾɚ,batter,8226,6,,1
18438,rozpoznatelně,recognisably,ɹˈɛkəɡnˌaɪzəbli,recognisably,8227,6,,1
18439,rozpoznatelný,recognisable,ɹˈɛkəɡnˌaɪzəbəl,recognisable,8228,6,,1
18440,ctít,revere,ɹᵻvˈɪɹ,revere,8229,6,,1
18441,eklekticky,eclectically,ɪklˈɛktɪkli,eclectically,8230,6,,1
18442,eklektický,eclectic,ɪklˈɛktɪk,eclectic,8231,6,,1
18443,prostory,premises,pɹˈɛmɪsᵻz,premises,8232,6,,1
18444,předpoklad,premise,pɹˈɛmɪs,premise,8233,6,,1
18445,báječně,fabulously,fˈæbjʊləsli,fabulously,8234,6,,1
18446,firma,firm,fˈɜːm,firm,8235,6,,1
18447,kalorie,calorie,kˈælɚɹi,calorie,8236,6,,1
18448,svědomitě,dutifully,dˈuːɾɪfəli,dutifully,8237,6,,1
18449,bujně,exuberantly,ɛɡzjˈuːbɚɹəntli,exuberantly,8238,6,,1
18450,lineární,linear,lˈɪnɪɹ,linear,8239,6,,1
18451,lineárně,linearly,lˈɪnɪɹli,linearly,8240,6,,1
18452,vzkvétat,flourish,flˈɜːɹɪʃ,flourish,8241,6,,1
18453,selhat,lapse,lˈæps,lapse,8242,6,,1
18454,chyba,lapse,lˈæps,lapse,8243,6,,1
18455,dovádění,antics,ˈæntɪks,antics,8244,6,,1
18456,rovnat se,tantamount,tˈæntɐmˌaʊnt,tantamount,8245,6,,1
18457,gusto,gusto,ɡˈʌstoʊ,gusto,8246,6,,1
18458,děsný,macabre,məkˈɑːbɹə,macabre,8247,6,,1
18459,bezbožně,wickedly,wˈɪkᵻdli,wickedly,8248,6,,1
18460,zlý,wicked,wˈɪkᵻd,wicked,8249,6,,1
18461,bezohledně,impishly,ˈɪmpɪʃli,impishly,8250,6,,1
18462,rozpustilý,impish,ˈɪmpɪʃ,impish,8251,6,,1
19624,imp,imp,ˈɪmp,imp,8252,6,,1
18463,opírat,prop,pɹˈɑːp,prop,8253,6,,1
18464,podpěra,prop,pɹˈɑːp,prop,8254,6,,1
18466,recidivovat,relapse,ɹᵻlˈæps,relapse,8255,6,,1
18467,skica,sketch,skˈɛtʃ,sketch,8256,6,,1
18468,nenasytně,voraciously,vɔːɹˈeɪʃəsli,voraciously,8257,6,,1
18469,nenasytný,voracious,vɔːɹˈeɪʃəs,voracious,8258,6,,1
18470,exaltovaně,gushingly,ɡˈʌʃɪŋli,gushingly,8259,6,,1
18471,tryskat,gush,ɡˈʌʃ,gush,8260,6,,1
18472,tryskající,gushing,ɡˈʌʃɪŋ,gushing,8261,6,,1
18473,příval,gush,ɡˈʌʃ,gush,8262,6,,1
18474,citoslovce,interjection,ˌɪntɚdʒˈɛkʃən,interjection,8263,6,,1
18475,prohodit,interject,ˌɪntɚdʒˈɛkt,interject,8264,6,,1
18476,dominantně,dominantly,dˈɑːmɪnəntli,dominantly,8265,6,,1
18477,dominantní,dominant,dˈɑːmɪnənt,dominant,8266,6,,1
18478,nadvláda,domination,dˌɑːmᵻnˈeɪʃən,domination,8267,6,,1
18479,ukotvena,anchored,ˈæŋkɚd,anchored,8268,6,,1
18480,kotva,anchor,ˈæŋkɚ,anchor,8269,6,,1
18481,skicář,sketchbook,skˈɛtʃbʊk,sketchbook,8270,6,,1
18482,mor,plague,plˈeɪɡ,plague,8271,6,,1
18483,mytologie,mythology,mɪθˈɑːlədʒi,mythology,8272,6,,1
18484,detritus,detritus,dᵻtɹˈaɪɾəs,detritus,8273,6,,1
18485,houslista,fiddler,fˈɪdlɚ,fiddler,8274,6,,1
18486,nešikovný,fiddly,fˈɪdli,fiddly,8275,6,,1
18487,posmívat se,scoff,skˈɔf,scoff,8276,6,,1
18488,páskování,strapping,stɹˈæpɪŋ,strapping,8277,6,,1
18489,připoutat,strap,stɹˈæp,strap,8278,6,,1
18490,popruh,strap,stɹˈæp,strap,8279,6,,1
18491,hrubě,crudely,kɹˈuːdli,crudely,8280,6,,1
18492,surový,crude,kɹˈuːd,crude,8281,6,,1
18493,okrajově,marginally,mˈɑːɹdʒɪnəli,marginally,8282,6,,1
18494,okrajový,marginal,mˈɑːɹdʒɪnəl,marginal,8283,6,,1
18495,intuitivně,intuitively,ɪntˈuːᵻtˌɪvli,intuitively,8284,6,,1
18496,intuitivní,intuitive,ɪntˈuːᵻtˌɪv,intuitive,8285,6,,1
18497,intuice,intuition,ɪntuːˈɪʃən,intuition,8286,6,,1
18498,intuice,intuit,ɪntˈuːɪt,intuit,8287,6,,1
18499,připomínající,reminiscent,ɹˌɛmᵻnˈɪsənt,reminiscent,8288,6,,1
18500,vzpomínat,reminisce,ɹˌɛmᵻnˈɪs,reminisce,8289,6,,1
18501,klíč,wrench,ɹˈɛntʃ,wrench,8290,6,,1
18502,nóbl,classy,klˈæsi,classy,8291,6,,1
18503,podřimovat,snooze,snˈuːz,snooze,8292,6,,1
18504,latentní,latent,lˈeɪtənt,latent,8293,6,,1
18505,přesvědčení,conviction,kənvˈɪkʃən,conviction,8294,6,,1
18506,odsoudit,convict,kˈɑːnvɪkt,convict,8295,6,,1
18507,odsouzenec,convict,kˈɑːnvɪkt,convict,8296,6,,1
18508,hibernace,hibernation,hˌaɪbɚnˈeɪʃən,hibernation,8297,6,,1
18509,přezimovat,hibernate,hˈaɪbɚnˌeɪt,hibernate,8298,6,,1
18510,noční,nocturnal,nɑːktˈɜːnəl,nocturnal,8299,6,,1
18511,ježek,hedgehog,hˈɛdʒhɑːɡ,hedgehog,8300,6,,1
18512,housle,fiddle,fˈɪdəl,fiddle,8301,6,,1
18513,houslit,fiddle,fˈɪdəl,fiddle,8302,6,,1
18514,nemuzikální,unmusical,ʌnmjˈuːzɪkəl,unmusical,8303,6,,1
18515,nehudebně,unmusically,ʌnmjˈuːzɪkli,unmusically,8304,6,,1
18516,naivní,naive,naɪˈiːv,naive,8305,6,,1
18517,pravděpodobnost,likelihood,lˈaɪklihˌʊd,likelihood,8306,6,,1
18518,odolný,durable,dˈʊɹɹəbəl,durable,8307,6,,1
18519,trvání,duration,dʊɹɹˈeɪʃən,duration,8308,6,,1
18520,zbloudit,astray,ɐstɹˈeɪ,astray,8309,6,,1
18521,vést kampaň,campaign,kæmpˈeɪn,campaign,8310,6,,1
18522,fragmentace,fragmentation,fɹˌæɡməntˈeɪʃən,fragmentation,8311,6,,1
18523,množit se,proliferate,pɹəlˈɪfɚɹˌeɪt,proliferate,8312,6,,1
18524,plodně,prolifically,pɹəlˈɪfɪkli,prolifically,8313,6,,1
18525,plodný,prolific,pɹəlˈɪfɪk,prolific,8314,6,,1
18526,recesivní,recessive,ɹᵻsˈɛsɪv,recessive,8315,6,,1
18527,odložit,recess,ɹˈiːsɛs,recess,8316,6,,1
18528,výklenek,recess,ɹˈiːsɛs,recess,8317,6,,1
18529,uprostřed,amid,ɐmˈɪd,amid,8318,6,,1
18530,realismus,realism,ɹˈiːəlɪzəm,realism,8319,6,,1
18531,skličující,daunting,dˈɔːntɪŋ,daunting,8320,6,,1
18532,zastrašit,daunt,dˈɔːnt,daunt,8321,6,,1
18533,kompromitován,compromised,kˈɑːmpɹəmˌaɪzd,compromised,8322,6,,1
18534,osiřit,orphan,ˈɔːɹfən,orphan,8323,6,,1
18535,akustický,acoustic,ɐkˈuːstɪk,acoustic,8324,6,,1
18536,akusticky,acoustically,ɐkˈuːstɪkli,acoustically,8325,6,,1
18537,fanaticky,fanatically,fɐnˈæɾɪkli,fanatically,8326,6,,1
18538,fanatický,fanatic,fɐnˈæɾɪk,fanatic,8327,6,,1
18539,fanatik,fanatic,fɐnˈæɾɪk,fanatic,8328,6,,1
18540,premiový,premier,pɹəmˈɪɹ,premier,8329,6,,1
18541,premiér,premier,pɹəmˈɪɹ,premier,8330,6,,1
18542,koncert,concerto,kəntʃˈɛɹɾoʊ,concerto,8331,6,,1
18543,repertoár,repertory,ɹˈɛpɚɾɚɹi,repertory,8332,6,,1
18544,realista,realist,ɹˈiːəlɪst,realist,8333,6,,1
18545,diskurz,discourse,dˈɪskɔːɹs,discourse,8334,6,,1
18546,akustika,acoustics,ɐkˈuːstɪks,acoustics,8335,6,,1
18547,ponižující,degrading,dᵻɡɹˈeɪdɪŋ,degrading,8336,6,,1
18548,zanedbatelný,negligible,nˈɛɡlɪdʒəbəl,negligible,8337,6,,1
18549,dávat znamení,signal,sˈɪɡnəl,signal,8338,6,,1
18551,nepopsatelný,nondescript,nˌɑːndᵻskɹˈɪpt,nondescript,8339,6,,1
18552,silueta,silhouette,sˌɪlʊwˈɛt,silhouette,8340,6,,1
18553,vyměnit,swap,swˈɑːp,swap,8341,6,,1
18554,výměna,swap,swˈɑːp,swap,8342,6,,1
18555,přesnost,precision,pɹɪsˈɪʒən,precision,8343,6,,1
18556,učení,apprenticeship,ɐpɹˈɛntɪsʃˌɪp,apprenticeship,8344,6,,1
18557,neomezený,limitless,lˈɪmɪtləs,limitless,8345,6,,1
18558,personalizace,personalisation,pˌɜːsənələzˈeɪʃən,personalisation,8346,6,,1
18559,nedbalý,negligent,nˈɛɡlɪdʒənt,negligent,8347,6,,1
18560,personalizovat,personalise,pˈɜːsənəlˌaɪz,personalise,8348,6,,1
18561,přizpůsobit,tailor,tˈeɪlɚ,tailor,8349,6,,1
18562,patos,pathos,pˈeɪθɑːs,pathos,8350,6,,1
18563,vykreslování,rendering,ɹˈɛndɚɹɪŋ,rendering,8351,6,,1
18564,vykreslit,render,ɹˈɛndɚ,render,8352,6,,1
18565,excentricky,eccentrically,ɛksˈɛntɹɪkli,eccentrically,8353,6,,1
18566,výstřední,eccentric,ɛksˈɛntɹɪk,eccentric,8354,6,,1
18567,domestikace,domestication,dəmˌɛstɪkˈeɪʃən,domestication,8355,6,,1
18568,ochočit,domesticate,dəmˈɛstᵻkˌeɪt,domesticate,8356,6,,1
18569,v tuzemsku,domestically,dəmˈɛstɪkli,domestically,8357,6,,1
18570,škodlivě,detrimentally,dˌɛtɹɪmˈɛntəli,detrimentally,8358,6,,1
18571,škodlivý,detrimental,dˌɛtɹɪmˈɛntəl,detrimental,8359,6,,1
18572,degradace,degradation,dᵻɡɹɐdˈeɪʃən,degradation,8360,6,,1
18573,újma,detriment,dˈɛtɹɪmənt,detriment,8361,6,,1
18574,krejčí,tailor,tˈeɪlɚ,tailor,8362,6,,1
18575,nedbale,negligently,nˈɛɡlɪdʒəntli,negligently,8363,6,,1
18576,rarita,rarity,ɹˈɛɹəɾi,rarity,8364,6,,1
18577,altruismus,altruism,ˈɔːltɹuːˌɪzəm,altruism,8365,6,,1
18578,symptomatická,symptomatic,sˌɪmptəmˈæɾɪk,symptomatic,8366,6,,1
18579,hlavně,principally,pɹˈɪnsɪpəli,principally,8367,6,,1
18580,degradovat,degrade,dᵻɡɹˈeɪd,degrade,8368,6,,1
18581,založit někam,misplace,mɪsplˈeɪs,misplace,8369,6,,1
18582,sarkasticky,sarcastically,sɑːɹkˈæstɪkli,sarcastically,8370,6,,1
18583,sarkasmus,sarcasm,sˈɑːɹkæzəm,sarcasm,8371,6,,1
18584,cynismus,cynicism,sˈɪnɪsˌɪzəm,cynicism,8372,6,,1
18585,cynicky,cynically,sˈɪnɪkli,cynically,8373,6,,1
18586,cynický,cynical,sˈɪnɪkəl,cynical,8374,6,,1
18587,cynik,cynic,sˈɪnɪk,cynic,8375,6,,1
18588,rozkazovací,imperative,ɪmpˈɛɹətˌɪv,imperative,8376,6,,1
18589,bypass,bypass,bˈaɪpæs,bypass,8377,6,,1
18590,udržitelně,sustainably,səstˈeɪnəbli,sustainably,8378,6,,1
18591,udržitelný,sustainable,səstˈeɪnəbəl,sustainable,8379,6,,1
18592,sarkastický,sarcastic,sɑːɹkˈæstɪk,sarcastic,8380,6,,1
18593,neudržitelný,unsustainable,ʌnsəstˈeɪnəbəl,unsustainable,8381,6,,1
18594,altruistický,altruistic,ˌɔːltɹuːˈɪstɪk,altruistic,8382,6,,1
18595,neudržitelně,unsustainably,ʌnsəstˈeɪnəbli,unsustainably,8383,6,,1
18596,dobrovolný,voluntary,vˈɑːləntɚɹi,voluntary,8384,6,,1
18597,scénář,scenario,sənˈæɹiˌoʊ,scenario,8385,6,,1
19625,sklízet,reap,ɹˈiːp,reap,8386,6,,1
18598,otcovský,paternal,pətˈɜːnəl,paternal,8387,6,,1
18599,dobrovolně,voluntarily,vˌɑːləntˈɛɹᵻli,voluntarily,8388,6,,1
18600,mateřský,maternalistic,mətˌɜːnəlˈɪstɪk,maternalistic,8389,6,,1
18601,paternalistický,paternalistic,pətˌɜːnəlˈɪstɪk,paternalistic,8390,6,,1
18602,ustanovení,provisions,pɹəvˈɪʒənz,provisions,8391,6,,1
18603,bezpráví,injustice,ɪndʒˈʌstɪs,injustice,8392,6,,1
18604,ochuzený,impoverished,ɪmpˈɑːvɚɹɪʃt,impoverished,8393,6,,1
18605,mateřský,maternal,mətˈɜːnəl,maternal,8394,6,,1
18606,předchůdce,predecessor,pɹˈɛdᵻsˌɛsɚ,predecessor,8395,6,,1
18607,ironický,ironic,aɪɹˈɑːnɪk,ironic,8396,6,,1
18608,vrak,wrack,ɹˈæk,wrack,8397,6,,1
18609,minstr,minster,mˈɪnstɚ,minster,8398,6,,1
18610,vyrovnanost,poise,pˈɔɪz,poise,8399,6,,1
18611,podobenství,parable,pˈæɹəbəl,parable,8400,6,,1
18612,ospravedlnění,vindication,vˌɪndɪkˈeɪʃən,vindication,8401,6,,1
18613,využít,utilize,jˈuːɾɪlˌaɪz,utilize,8402,6,,1
18614,přiměřeně,commensurately,kəmˈɛnsɚɹətli,commensurately,8403,6,,1
18615,úměrné,commensurate,kəmˈɛnsɚɹət,commensurate,8404,6,,1
18616,záliba,predilection,pɹˌɛdəlˈɛkʃən,predilection,8405,6,,1
18617,peří,plumage,plˈuːmɪdʒ,plumage,8406,6,,1
18618,parazitický,parasitic,pˌæɹəsˈɪɾɪk,parasitic,8407,6,,1
18619,hypotetický,hypothetical,hˌaɪpəθˈɛɾɪkəl,hypothetical,8408,6,,1
18620,utvořit spojenectví,ally,ˈælaɪ,ally,8409,6,,1
18621,obhájit,vindicate,vˈɪndᵻkˌeɪt,vindicate,8410,6,,1
18622,otrlý,callous,kˈæləs,callous,8411,6,,1
18623,echo,echo,ˈɛkoʊ,echo,8412,6,,1
18624,opuštěný,derelict,dˈɛɹɪlˌɪkt,derelict,8413,6,,1
18625,shovívavost,indulgence,ɪndˈʌldʒəns,indulgence,8414,6,,1
18626,dopřát si,indulge,ɪndˈʌldʒ,indulge,8415,6,,1
18627,stratosféra,stratosphere,stɹˈæɾəsfˌɪɹ,stratosphere,8416,6,,1
18628,nevyzpytatelný,inscrutable,ɪnskɹˈuːɾəbəl,inscrutable,8417,6,,1
18629,podložit,substantiate,səbstˈænʃɪˌeɪt,substantiate,8418,6,,1
18630,požadavek,requisition,ɹˌɛkwɪsˈɪʃən,requisition,8419,6,,1
11511,ozývat se,echo,ˈɛkoʊ,echo,8420,6,,1
18631,navrhnout hypotézu,hypothesize,haɪpˈɑːθəsˌaɪz,hypothesize,8421,6,,1
18632,bezcitně,callously,kˈæləsli,callously,8422,6,,1
18633,výpověď,denunciation,dᵻnˌʌnsɪˈeɪʃən,denunciation,8423,6,,1
18634,existující,extant,ɛkstˈænt,extant,8424,6,,1
18635,vyrovnaný,equable,ˈɛkəbəl,equable,8425,6,,1
18636,přednes,recitation,ɹᵻsɪtˈeɪʃən,recitation,8426,6,,1
18637,evokující,evokingly,ɪvˈoʊkɪŋli,evokingly,8427,6,,1
18638,divokost,ferocity,fəɹˈɑːsᵻɾi,ferocity,8428,6,,1
18639,materialistický,materialistic,mətˈɪɹiəlˈɪstɪk,materialistic,8429,6,,1
18640,materialismus,materialism,mətˈɪɹiəlˌɪzəm,materialism,8430,6,,1
18641,vypovědět,denounce,dᵻnˈaʊns,denounce,8431,6,,1
18642,hypotéza,hypothesis,haɪpˈɑːθəsˌɪs,hypothesis,8432,6,,1
18643,šikmý,oblique,oʊblˈiːk,oblique,8433,6,,1
18644,věcné břemeno,encumbrance,ɛŋkˈʌmbɹəns,encumbrance,8434,6,,1
18645,lokomotiva,locomotive,lˌoʊkəmˈoʊɾɪv,locomotive,8435,6,,1
18646,excentricita,eccentricity,ˌɛksəntɹˈɪsᵻɾi,eccentricity,8436,6,,1
18647,rozhořčeně,indignantly,ɪndˈɪɡnəntli,indignantly,8437,6,,1
18648,rozhořčený,indignant,ɪndˈɪɡnənt,indignant,8438,6,,1
18649,omezený,constrained,kənstɹˈeɪnd,constrained,8439,6,,1
18650,učeň,apprentice,ɐpɹˈɛntɪs,apprentice,8440,6,,1
18651,mrtvola,corpse,kˈɔːɹps,corpse,8441,6,,1
18652,pohyb,locomotion,lˌoʊkəmˈoʊʃən,locomotion,8442,6,,1
18653,zázrak,marvel,mˈɑːɹvəl,marvel,8443,6,,1
18654,nenadějný,unpromising,ʌnpɹˈɑːmɪsɪŋ,unpromising,8444,6,,1
18655,souběh,concurrence,kəŋkˈɜːɹəns,concurrence,8445,6,,1
18656,rozplést se,unravel,ʌnɹˈævəl,unravel,8446,6,,1
18657,plachost,timidity,tɪmˈɪdᵻɾi,timidity,8447,6,,1
18658,vzezření,mien,mˈiːn,mien,8448,6,,1
18659,ředitelka,headmistress,hɛdmˈɪstɹəs,headmistress,8449,6,,1
18660,předvídat,envisage,ɛnvˈɪzɪdʒ,envisage,8450,6,,1
18661,vyzařovat,exude,ɛɡzjˈuːd,exude,8451,6,,1
18662,hemžit se,teem,tˈiːm,teem,8452,6,,1
18663,individualismus,individualism,ˌɪndᵻvˈɪdʒuːəlˌɪzəm,individualism,8453,6,,1
18664,agresivní,belligerent,bᵻlˈɪdʒɚɹənt,belligerent,8454,6,,1
18665,zoologie,zoology,zuːˈɑːlədʒi,zoology,8455,6,,1
18666,zoolog,zoologist,zuːˈɑːlədʒˌɪst,zoologist,8456,6,,1
18667,pohrdavý,disdainful,dɪsdˈeɪnfəl,disdainful,8457,6,,1
18668,mláďata,brood,bɹˈuːd,brood,8458,6,,1
18669,dumat,brood,bɹˈuːd,brood,8459,6,,1
18670,puritánská,puritanical,pjˌʊɹɹɪtˈænɪkəl,puritanical,8460,6,,1
18671,mařit,blight,blˈaɪt,blight,8461,6,,1
18672,plíseň,blight,blˈaɪt,blight,8462,6,,1
18673,nadchnout,enthuse,ɛnθjˈuːs,enthuse,8463,6,,1
18674,bzukot,whir,wˈɜː,whir,8464,6,,1
18675,faksimile,facsimile,fæksˈɪmɪli,facsimile,8465,6,,1
19626,informovat,brief,bɹˈiːf,brief,8466,6,,1
18676,pokovené,metalled,mˈɛɾəld,metalled,8467,6,,1
18677,samotářský,reclusive,ɹᵻklˈuːsɪv,reclusive,8468,6,,1
18678,samotář,recluse,ɹˈɛkluːs,recluse,8469,6,,1
18679,stoicismus,stoicism,stˈoʊɪsˌɪzəm,stoicism,8470,6,,1
18680,bojovnost,belligerence,bᵻlˈɪdʒɚɹəns,belligerence,8471,6,,1
18681,kolébat se,shamble,ʃˈæmbəl,shamble,8472,6,,1
18682,vrtoch,quirk,kwˈɜːk,quirk,8473,6,,1
18683,hystericky,hysterically,hɪstˈɛɹɪkli,hysterically,8474,6,,1
18684,lesk,glitz,ɡlˈɪts,glitz,8475,6,,1
18685,zavděčit se,ingratiate,ɪŋɡɹˈeɪʃɪˌeɪt,ingratiate,8476,6,,1
18686,potěšující,ingratiating,ɪŋɡɹˈeɪʃɪˌeɪɾɪŋ,ingratiating,8477,6,,1
18687,půvabně,ingratiatingly,ɪŋɡɹˈeɪʃɪˌeɪɾɪŋli,ingratiatingly,8478,6,,1
18688,lesk,shimmer,ʃˈɪmɚ,shimmer,8479,6,,1
18689,trup,hull,hˈʌl,hull,8480,6,,1
18690,vyřazení,cull,kˈʌl,cull,8481,6,,1
18691,otočný,swivel,swˈɪvəl,swivel,8482,6,,1
18692,toulec,quiver,kwˈɪvɚ,quiver,8483,6,,1
18693,třást se,quiver,kwˈɪvɚ,quiver,8484,6,,1
18694,sendvičové,sandwiched,sˈændwɪtʃt,sandwiched,8485,6,,1
18695,pečlivě,meticulously,mɛtˈɪkjʊləsli,meticulously,8486,6,,1
18696,strakatý,mottled,mˈɑːɾəld,mottled,8487,6,,1
18697,pryskyřice,resin,ɹˈɛzɪn,resin,8488,6,,1
18698,pomalu,sedately,sᵻdˈeɪtli,sedately,8489,6,,1
18699,hranatý,angular,ˈæŋɡjʊlɚ,angular,8490,6,,1
18700,hranatost,angularity,ˌæŋɡjʊlˈæɹᵻɾi,angularity,8491,6,,1
18701,tlumit,dampen,dˈæmpən,dampen,8492,6,,1
18702,pirát,buccaneer,bˌʌkɐnˈɪɹ,buccaneer,8493,6,,1
18703,konglomerát,conglomerate,kəŋɡlˈɑːmɚɹˌeɪt,conglomerate,8494,6,,1
18704,cay,cay,kˈeɪ,cay,8495,6,,1
18705,připálit,singe,sˈɪndʒ,singe,8496,6,,1
18706,kordon,cordon,kˈɔːɹdən,cordon,8497,6,,1
18707,legendární,fabled,fˈeɪbəld,fabled,8498,6,,1
18708,epoxid,epoxy,ɪpˈɑːksi,epoxy,8499,6,,1
18709,pečlivý,meticulous,mɛtˈɪkjʊləs,meticulous,8500,6,,1
18710,šmejd,romper,ɹˈɑːmpɚ,romper,8501,6,,1
18711,dovádění,romp,ɹˈɑːmp,romp,8502,6,,1
18712,nevděčník,ingrate,ɪŋɡɹˈeɪt,ingrate,8503,6,,1
18713,cena,prise,pɹˈaɪz,prise,8504,6,,1
18714,vratký,rickety,ɹˈɪkɪɾi,rickety,8505,6,,1
18715,odeslat,consign,kənsˈaɪn,consign,8506,6,,1
18716,zásilka,consignment,kənsˈaɪnmənt,consignment,8507,6,,1
18717,slavnost,fete,fˈeɪt,fete,8508,6,,1
18718,rozdělovat,dole out,dˈoʊl ˈaʊt,dole_out,8509,6,,1
18719,opulentní,opulent,ˈɑːpjʊlənt,opulent,8510,6,,1
18720,bohatství,opulence,ˈɑːpjʊləns,opulence,8511,6,,1
18721,opulentně,opulently,ˈɑːpjʊləntli,opulently,8512,6,,1
18722,plutokrat,plutocrat,plˈuːɾəkɹˌæt,plutocrat,8513,6,,1
18723,odmítavý,averse,ɐvˈɜːs,averse,8514,6,,1
18724,vzdělávat,edify,ˈɛdᵻfˌaɪ,edify,8515,6,,1
18725,poučení,edification,ˌɛdɪfɪkˈeɪʃən,edification,8516,6,,1
18726,sterilita,sterility,stɛɹˈɪlᵻɾi,sterility,8517,6,,1
18727,rétorika,rhetoric,ɹˈɛɾɚɹˌɪk,rhetoric,8518,6,,1
18728,rétorický,rhetorical,ɹɛtˈɔːɹɪkəl,rhetorical,8519,6,,1
18729,rétoricky,rhetorically,ɹɛtˈɔːɹɪkli,rhetorically,8520,6,,1
18730,přelétavý,flighty,flˈaɪɾi,flighty,8521,6,,1
18731,těkavost,flightiness,flˈaɪtinəs,flightiness,8522,6,,1
18732,síra,brimstone,bɹˈɪmstoʊn,brimstone,8523,6,,1
18733,dokonalý,impeccable,ɪmpˈɛkəbəl,impeccable,8524,6,,1
18734,bezvadně,impeccably,ɪmpˈɛkəbli,impeccably,8525,6,,1
18735,kapat,dribble,dɹˈɪbəl,dribble,8526,6,,1
18736,záblísknout,glint,ɡlˈɪnt,glint,8527,6,,1
18737,pekelně,infernally,ɪnfˈɜːnəli,infernally,8528,6,,1
18738,artefakt,artifact,ˈɑːɹɾɪfˌækt,artifact,8529,6,,1
18739,památkář,preservationist,pɹɪzɚvˈeɪʃənˌɪst,preservationist,8530,6,,1
18740,nevolnost,qualm,kwˈɑːm,qualm,8531,6,,1
18741,obléhat,besiege,bᵻsˈiːdʒ,besiege,8532,6,,1
18742,klášter,cloister,klˈɔɪstɚ,cloister,8533,6,,1
18743,klauzurní,cloistered,klˈɔɪstɚd,cloistered,8534,6,,1
18744,připojit,annex,ˈænɛks,annex,8535,6,,1
18745,resuscitovat,resuscitate,ɹᵻsˈʌsᵻtˌeɪt,resuscitate,8536,6,,1
18746,resuscitace,resuscitation,ɹᵻsˌʌsɪtˈeɪʃən,resuscitation,8537,6,,1
18747,uchvátit,ravish,ɹˈævɪʃ,ravish,8538,6,,1
18748,vyrobit,fabricate,fˈæbɹᵻkˌeɪt,fabricate,8539,6,,1
18749,poznávací,cognitive,kˈɑːɡnᵻtˌɪv,cognitive,8540,6,,1
18750,výroba,fabrication,fˌæbɹɪkˈeɪʃən,fabrication,8541,6,,1
18751,skvrnitě,patchily,pˈætʃili,patchily,8542,6,,1
18752,zvučný,resounding,ɹᵻzˈaʊndɪŋ,resounding,8543,6,,1
18753,zvučně,resoundingly,ɹᵻzˈaʊndɪŋli,resoundingly,8544,6,,1
18754,ozývat se,resound,ɹᵻzˈaʊnd,resound,8545,6,,1
18755,vysvětit,ordain,ɔːɹdˈeɪn,ordain,8546,6,,1
18756,inchoate,inchoate,ˈɪntʃoʊt,inchoate,8547,6,,1
18757,nenápadně,inchoately,ˈɪntʃoʊtli,inchoately,8548,6,,1
18758,povznesený,elated,ᵻlˈeɪɾᵻd,elated,8549,6,,1
18759,euforie,elation,ᵻlˈeɪʃən,elation,8550,6,,1
18760,hysterie,hysteria,hɪstˈɪɹiə,hysteria,8551,6,,1
18761,hysterický,hysterical,hɪstˈɛɹɪkəl,hysterical,8552,6,,1
18762,neuspořádaný,patchy,pˈætʃi,patchy,8553,6,,1
18763,vědecky,scholarly,skˈɑːlɚli,scholarly,8554,6,,1
18764,pravost,authenticity,ɔːθəntˈɪsᵻɾi,authenticity,8555,6,,1
18765,prezentační,presentational,pɹˌɛzəntˈeɪʃənəl,presentational,8556,6,,1
18766,vložit,embed,ɛmbˈɛd,embed,8557,6,,1
18767,chochol,plume,plˈuːm,plume,8558,6,,1
18768,náhoda,happenstance,hˈæpɛnstəns,happenstance,8559,6,,1
18769,odvážit se,venture,vˈɛntʃɚ,venture,8560,6,,1
18770,smířit,reconcile,ɹˈɛkənsˌaɪl,reconcile,8561,6,,1
18795,smíření,reconciliation,ɹˌɛkənsˌɪlɪˈeɪʃən,reconciliation,8562,6,,1
18796,smířlivý,conciliatory,kənsˈɪlɪətˌɔːɹi,conciliatory,8563,6,,1
18797,smíření,conciliation,kənsˌɪlɪˈeɪʃən,conciliation,8564,6,,1
18798,předpojatost,preconception,pɹˌiːkənsˈɛpʃən,preconception,8565,6,,1
18799,barokní,baroque,bɚɹˈoʊk,baroque,8566,6,,1
18800,panenský,virginal,vˈɜːdʒɪnəl,virginal,8567,6,,1
18801,věž,spire,spˈaɪɚ,spire,8568,6,,1
18802,slon,elephantine,ˈɛlɪfˌæntiːn,elephantine,8569,6,,1
18803,agentura,agency,ˈeɪdʒənsi,agency,8570,6,,1
18804,přehlížet,condone,kəndˈoʊn,condone,8571,6,,1
18805,zboží,commodity,kəmˈɑːdᵻɾi,commodity,8572,6,,1
18806,komoda,commode,kəmˈoʊd,commode,8573,6,,1
18807,nenápadný,unobtrusive,ʌnəbtɹˈuːsɪv,unobtrusive,8574,6,,1
18808,nenápadně,unobtrusively,ʌnəbtɹˈuːsɪvli,unobtrusively,8575,6,,1
18809,nevtíravost,unobtrusiveness,ʌnəbtɹˈuːsɪvnəs,unobtrusiveness,8576,6,,1
18810,přesvědčivě,compellingly,kəmpˈɛlɪŋli,compellingly,8577,6,,1
18811,strašidelně,hauntingly,hˈɔːntɪŋli,hauntingly,8578,6,,1
18812,okraj,brim,bɹˈɪm,brim,8579,6,,1
18813,pekelný,infernal,ɪnfˈɜːnəl,infernal,8580,6,,1
18814,driblovat,dribble,dɹˈɪbəl,dribble,8581,6,,1
18815,kamarád,crony,kɹˈoʊni,crony,8582,6,,1
18816,zákaz,proscription,pɹəskɹˈɪpʃən,proscription,8583,6,,1
18817,náchylný,prone,pɹˈoʊn,prone,8584,6,,1
18818,mrchožrout,scavenger,skˈævɪndʒɚ,scavenger,8585,6,,1
18819,havěť,vermin,vˈɜːmɪn,vermin,8586,6,,1
18820,totemický,totemic,tɑːtˈɛmɪk,totemic,8587,6,,1
18821,emulovat,emulate,ˈɛmjʊlˌeɪt,emulate,8588,6,,1
18822,emulace,emulation,ˌɛmjʊlˈeɪʃən,emulation,8589,6,,1
18823,ptačí,avian,ˈeɪvɪən,avian,8590,6,,1
18824,zbytkový,vestigial,vˈɛstɪdʒəl,vestigial,8591,6,,1
18825,zbytečně,vestigially,vˈɛstɪdʒəli,vestigially,8592,6,,1
18826,závěs,hitch,hˈɪtʃ,hitch,8593,6,,1
18827,magnát,magnate,mˈæɡneɪt,magnate,8594,6,,1
18828,velkodušný,magnanimous,mæɡnˈænɪməs,magnanimous,8595,6,,1
18829,velkodušně,magnanimously,mæɡnˈænɪməsli,magnanimously,8596,6,,1
18830,velkodušnost,magnanimity,mˌæɡnɐnˈɪmᵻɾi,magnanimity,8597,6,,1
18831,vichřice,whirlwind,wˈɜːlwɪnd,whirlwind,8598,6,,1
18832,úžina,strait,stɹˈeɪt,strait,8599,6,,1
18833,světský,secular,sˈɛkjʊlɚ,secular,8600,6,,1
18834,sekulárně,secularly,sˈɛkjʊlɚli,secularly,8601,6,,1
18835,eufemismus,euphemism,jˈuːfəmˌɪzəm,euphemism,8602,6,,1
18836,eufemistický,euphemistic,jˌuːfɪmˈɪstɪk,euphemistic,8603,6,,1
18837,eufemisticky,euphemistically,jˌuːfɪmˈɪstɪkli,euphemistically,8604,6,,1
18838,brouhaha,brouhaha,bɹaʊhˈɑːhə,brouhaha,8605,6,,1
18839,poletovat,flit,flˈɪt,flit,8606,6,,1
18840,věštění,divination,dᵻvᵻnˈeɪʃən,divination,8607,6,,1
18841,předzvěst,porten,pˈɔːɹʔn̩,porten,8608,6,,1
18842,reptat,grumble,ɡɹˈʌmbəl,grumble,8609,6,,1
18843,žoldák,mercenary,mˈɜːsənˌɛɹi,mercenary,8610,6,,1
18844,víceslabičný,polysyllabic,pˌɑːlɪsɪlˈæbɪk,polysyllabic,8611,6,,1
18845,slabičný,syllabic,sɪlˈæbɪk,syllabic,8612,6,,1
18846,nadbytečný,superfluous,suːpˈɜːfluːəs,superfluous,8613,6,,1
18847,nadbytečně,superfluously,suːpˈɜːfluːəsli,superfluously,8614,6,,1
18848,úryvek,snippet,snˈɪpɪt,snippet,8615,6,,1
18849,praktikující,practitioner,pɹæktˈɪʃənɚ,practitioner,8616,6,,1
18850,efemérní,ephemeral,ɪfˈɛmɚɹəl,ephemeral,8617,6,,1
18851,efeméra,ephemera,ɪfˈɛmɚɹə,ephemera,8618,6,,1
18852,pomíjivost,ephemerality,ɪfˌɛmɚɹˈælᵻɾi,ephemerality,8619,6,,1
18853,souhrnně,summarily,sʌmˈɛɹᵻli,summarily,8620,6,,1
18854,sbírat,skim,skˈɪm,skim,8621,6,,1
18855,neomylně,infallibly,ɪnfˈælᵻbli,infallibly,8622,6,,1
18856,neomylný,infallible,ɪnfˈælᵻbəl,infallible,8623,6,,1
18857,neomylnost,infallibility,ɪnfˌæləbˈɪlᵻɾi,infallibility,8624,6,,1
18858,zkaženost,depravity,dᵻpɹˈævᵻɾi,depravity,8625,6,,1
18859,zhýralý,depraved,dᵻpɹˈeɪvd,depraved,8626,6,,1
18860,zavrhovat,deprecate,dˈɛpɹɪkˌeɪt,deprecate,8627,6,,1
18861,odsuzující,deprecatingly,dˈɛpɹɪkˌeɪɾɪŋli,deprecatingly,8628,6,,1
18862,nadávat,revile,ɹᵻvˈaɪl,revile,8629,6,,1
18863,odpor,revulsion,ɹᵻvˈʌlʃən,revulsion,8630,6,,1
18864,skrovný,meagre,mˈiːɡɚ,meagre,8631,6,,1
18865,tajemný,arcane,ɑːɹkˈeɪn,arcane,8632,6,,1
18866,tajemně,arcanely,ɑːɹkˈeɪnli,arcanely,8633,6,,1
18867,kondenzace,condensation,kɑːndɛnsˈeɪʃən,condensation,8634,6,,1
18868,nadbytečný,redundant,ɹᵻdˈʌndənt,redundant,8635,6,,1
18869,nadbytečnost,redundancy,ɹᵻdˈʌndənsi,redundancy,8636,6,,1
18870,nadbytečně,redundantly,ɹᵻdˈʌndəntli,redundantly,8637,6,,1
18871,impresionistický,impressionistic,ɪmpɹˈɛʃənˈɪstɪk,impressionistic,8638,6,,1
18872,impresionisticky,impressionistically,ɪmpɹˈɛʃənˈɪstɪkli,impressionistically,8639,6,,1
18873,snobství,snobbery,snˈɑːbɚɹi,snobbery,8640,6,,1
18874,farní,parochial,pæɹˈɑːkɪəl,parochial,8641,6,,1
18875,přitahovat,gravitate,ɡɹˈævᵻtˌeɪt,gravitate,8642,6,,1
18876,gravitační,gravitational,ɡɹˌævɪtˈeɪʃənəl,gravitational,8643,6,,1
18877,gravitačně,gravitationally,ɡɹˌævɪtˈeɪʃənəli,gravitationally,8644,6,,1
18878,zděšení,consternation,kɑːnstɚnˈeɪʃən,consternation,8645,6,,1
18879,povýšený,haughty,hˈɔːɾi,haughty,8646,6,,1
18880,povýšeně,haughtily,hˈɔːɾili,haughtily,8647,6,,1
18881,axiom,axiom,ˈæksɪəm,axiom,8648,6,,1
18882,axiomatický,axiomatic,ˌæksɪəmˈæɾɪk,axiomatic,8649,6,,1
18883,otěr,attrition,ɐtɹˈɪʃən,attrition,8650,6,,1
18884,trvale,enduringly,ɛndˈʊɹɹɪŋli,enduringly,8651,6,,1
18885,znovu vydat,reissue,ɹiːˈɪʃuː,reissue,8652,6,,1
18886,síra,sulphur,sˈʌlfɚ,sulphur,8653,6,,1
18887,sírový,sulphuric,sʌlfjˈʊɹɹɪk,sulphuric,8654,6,,1
18888,vřesoviště,moor,mˈʊɹ,moor,8655,6,,1
18889,osamělý,solitary,sˈɑːlətˌɛɹi,solitary,8656,6,,1
18890,osamělost,solitariness,sˈɑːlətˌɛɹinəs,solitariness,8657,6,,1
18891,samota,solitude,sˈɑːlɪtˌuːd,solitude,8658,6,,1
18892,dodržovat,adhere,ɐdhˈɪɹ,adhere,8659,6,,1
18893,přilnavost,adhesion,ɐdhˈiːʒən,adhesion,8660,6,,1
18894,zakázat,proscribe,pɹəskɹˈaɪb,proscribe,8661,6,,1
18895,věžička,turret,tˈɜːɹɪt,turret,8662,6,,1
18896,trhavý,jarring,dʒˈɑːɹɹɪŋ,jarring,8663,6,,1
18897,pilně,diligently,dˈɪlɪdʒəntli,diligently,8664,6,,1
18898,hovorový,colloquial,kəlˈoʊkwɪəl,colloquial,8665,6,,1
18899,kolokvium,colloquium,kəlˈoʊkwiəm,colloquium,8666,6,,1
18900,hovorově,colloquially,kəlˈoʊkwɪəli,colloquially,8667,6,,1
18901,narážka,allusion,ɐlˈuːʒən,allusion,8668,6,,1
18902,narážet,allude,ɐlˈuːd,allude,8669,6,,1
18903,znevažovat,disparage,dɪspˈæɹɪdʒ,disparage,8670,6,,1
18904,znevažující,disparaging,dɪspˈæɹɪdʒɪŋ,disparaging,8671,6,,1
18905,hanlivě,disparagingly,dɪspˈæɹɪdʒɪŋli,disparagingly,8672,6,,1
18906,znevažování,disparagement,dɪspˈæɹɪdʒmənt,disparagement,8673,6,,1
18907,shluk,huddle,hˈʌdəl,huddle,8674,6,,1
18908,tulit se,huddle,hˈʌdəl,huddle,8675,6,,1
18909,topografie,topography,təpˈɑːɡɹəfi,topography,8676,6,,1
18910,místopisný,topographical,tˌɑːpəɡɹˈæfɪkəl,topographical,8677,6,,1
18911,topograficky,topographically,tˌɑːpəɡɹˈæfɪkli,topographically,8678,6,,1
18912,povídat si,confabulate,kənfˈæbjʊlˌeɪt,confabulate,8679,6,,1
18913,konfabulace,confabulation,kənfˌæbjʊlˈeɪʃən,confabulation,8680,6,,1
18914,surrealista,surrealist,sɚɹˈiːəlɪst,surrealist,8681,6,,1
18915,surrealismus,surrealism,sɚɹˈiːəlɪzəm,surrealism,8682,6,,1
18916,vynalézt,contrive,kəntɹˈaɪv,contrive,8683,6,,1
18917,zlomyslnost,malice,mˈælɪs,malice,8684,6,,1
18918,zlomyslný,malicious,mɐlˈɪʃəs,malicious,8685,6,,1
18919,zlomyslně,maliciously,mɐlˈɪʃəsli,maliciously,8686,6,,1
18920,kinematografie,cinematography,sˌɪnɪmɐtˈɑːɡɹəfi,cinematography,8687,6,,1
18921,kameraman,cinematographer,sˌɪnɪmɐtˈɑːɡɹəfɚ,cinematographer,8688,6,,1
18922,individualista,maverick,mˈævɚɹˌɪk,maverick,8689,6,,1
18923,zaplavit,suffuse,sʌfjˈuːz,suffuse,8690,6,,1
18924,potácet se,totter,tˈɑːɾɚ,totter,8691,6,,1
18925,hranice,pyre,pˈaɪɚ,pyre,8692,6,,1
18926,kroutit se,squirmy,skwˈɜːmi,squirmy,8693,6,,1
18927,kra,floe,flˈoʊ,floe,8694,6,,1
18928,ztělesňovat,embody,ɛmbˈɑːdi,embody,8695,6,,1
18929,ztělesnění,embodiment,ɛmbˈɑːdɪmənt,embodiment,8696,6,,1
18930,toužebný,wistful,wˈɪstfəl,wistful,8697,6,,1
18931,toužebně,wistfully,wˈɪstfəli,wistfully,8698,6,,1
18932,obchodní,mercantile,mˈɜːkɐntˌaɪl,mercantile,8699,6,,1
18933,překroutit,skew,skjˈuː,skew,8700,6,,1
18934,trvat,subsist,sʌbsˈɪst,subsist,8701,6,,1
18935,živobytí,subsistence,sʌbsˈɪstəns,subsistence,8702,6,,1
18936,dotace,subsidy,sˈʌbsɪdi,subsidy,8703,6,,1
18937,kroutit se,squirm,skwˈɜːm,squirm,8704,6,,1
18938,dotovat,subsidize,sˈʌbsɪdˌaɪz,subsidize,8705,6,,1
18939,konfrontační,confrontational,kɑːnfɹəntˈeɪʃənəl,confrontational,8706,6,,1
18940,konfrontačně,confrontationally,kɑːnfɹəntˈeɪʃənəli,confrontationally,8707,6,,1
18941,zápas,bout,bˈaʊt,bout,8708,6,,1
18942,dna,gout,ɡˈaʊt,gout,8709,6,,1
18943,překážet,hinder,hˈɪndɚ,hinder,8710,6,,1
18944,překážka,hindrance,hˈɪndɹəns,hindrance,8711,6,,1
18945,nesčetné množství,myriad,mˈɪɹɪˌæd,myriad,8712,6,,1
18946,teatrální,histrionic,hˌɪstɹɪˈɑːnɪk,histrionic,8713,6,,1
18947,histrionicky,histrionically,hˌɪstɹɪˈɑːnɪkli,histrionically,8714,6,,1
18948,prodejnost,marketability,mˌɑːɹkiːɾəbˈɪlᵻɾi,marketability,8715,6,,1
18949,propagovatelné,promotable,pɹəmˈoʊɾəbəl,promotable,8716,6,,1
18950,legie,legion,lˈiːdʒən,legion,8717,6,,1
18951,prvořadý,paramount,pˈæɹəmˌaʊnt,paramount,8718,6,,1
18952,vypadnout,eke out,ˈiːk ˈaʊt,eke_out,8719,6,,1
18953,zahrávat si,trifle,tɹˈaɪfəl,trifle,8720,6,,1
18954,ad lib,ad lib,ˈæd lˈɪb,ad_lib,8721,6,,1
18955,improvizační,improvisational,ˌɪmpɹəvəzˈeɪʃənəl,improvisational,8722,6,,1
18956,akrobacie,acrobatics,ˌækɹəbˈæɾɪks,acrobatics,8723,6,,1
18958,akrobaticky,acrobatically,ˌækɹəbˈæɾɪkli,acrobatically,8724,6,,1
18959,akrobatický,acrobatic,ˌækɹəbˈæɾɪk,acrobatic,8725,6,,1
18960,náročný,arduous,ˈɑːɹdjuːəs,arduous,8726,6,,1
18961,zanícení,ardour,ˈɑːɹdɚ,ardour,8727,6,,1
18962,namáhavě,arduously,ˈɑːɹdjuːəsli,arduously,8728,6,,1
18963,kontraproduktivní,counterproductive,kˌaʊntɚpɹədˈʌktɪv,counterproductive,8729,6,,1
18964,kontraproduktivně,counterproductively,kˌaʊntɚpɹədˈʌktɪvli,counterproductively,8730,6,,1
18965,příslovečný,proverbial,pɹəvˈɜːbɪəl,proverbial,8731,6,,1
18966,okamžitý,instantaneous,ˌɪnstəntˈeɪniəs,instantaneous,8732,6,,1
18967,okamžitě,instantaneously,ˌɪnstəntˈeɪniəsli,instantaneously,8733,6,,1
18968,přemýšlet,mull over,mˈʌl ˈoʊvɚ,mull_over,8734,6,,1
18969,přemítat,ruminate,ɹˈuːmᵻnˌeɪt,ruminate,8735,6,,1
18970,přežvykování,rumination,ɹˌuːmᵻnˈeɪʃən,rumination,8736,6,,1
18971,přežvýkavec,ruminant,ɹˈuːmɪnənt,ruminant,8737,6,,1
18972,přežvýkavý,ruminative,ɹˈuːmɪnətˌɪv,ruminative,8738,6,,1
18973,zbrojnice,armoury,ˈɑːɹmɜːɹi,armoury,8739,6,,1
18974,apoštol,apostle,ɐpˈɑːsəl,apostle,8740,6,,1
18975,tuk,blubber,blˈʌbɚ,blubber,8741,6,,1
18976,mazlavost,blubbery,blˈʌbɚɹi,blubbery,8742,6,,1
18977,fúze,merger,mˈɜːdʒɚ,merger,8743,6,,1
18978,maličkost,trifle,tɹˈaɪfəl,trifle,8744,6,,1
18979,tichý,tacit,tˈæsɪt,tacit,8745,6,,1
18980,mlčky,tacitly,tˈæsɪtli,tacitly,8746,6,,1
18981,mlčenlivý,taciturn,tˈæsɪtˌɜːn,taciturn,8747,6,,1
18982,uzavřenost,taciturnity,tˌæsɪtˈɜːnᵻɾi,taciturnity,8748,6,,1
18983,počáteční,incipient,ɪnsˈɪpiənt,incipient,8749,6,,1
18984,echolokace,echolocation,ˌɛkəloʊkˈeɪʃən,echolocation,8750,6,,1
18985,echolokovat,echolocate,ˈɛkəloʊkˌeɪt,echolocate,8751,6,,1
18986,dozvuk,reverb,ɹᵻvˈɜːb,reverb,8752,6,,1
18987,dozvuk,reverberation,ɹᵻvˌɜːbɚɹˈeɪʃən,reverberation,8753,6,,1
18988,doznívat,reverberate,ɹᵻvˈɜːbɚɹˌeɪt,reverberate,8754,6,,1
18989,vynalézavý,ingenuous,ɪndʒˈɛnjuːəs,ingenuous,8755,6,,1
18990,vynalézavě,ingenuously,ɪndʒˈɛnjuːəsli,ingenuously,8756,6,,1
18991,impresário,impresario,ˌɪmpɹɪsˈæɹɪˌoʊ,impresario,8757,6,,1
18992,pružnost,elasticity,ᵻlɐstˈɪsᵻɾi,elasticity,8758,6,,1
18993,syntéza,synthesis,sˈɪnθəsˌɪs,synthesis,8759,6,,1
18994,slinný,salivary,sˈælɪvˌɛɹi,salivary,8760,6,,1
18995,hypnoterapie,hypnotherapy,hˈɪpnoʊθˌɛɹəpi,hypnotherapy,8761,6,,1
18996,zcela,wholly,hˈoʊli,wholly,8762,6,,1
18997,kajícný,remorseful,ɹᵻmˈɔːɹsfəl,remorseful,8763,6,,1
18998,protestovat,remonstrate,ɹˈɛmənstɹˌeɪt,remonstrate,8764,6,,1
18999,protest,remonstrance,ɹˈɛmɑːnstɹəns,remonstrance,8765,6,,1
19000,neomluvený,unexcused,ˌʌnɛkskjˈuːst,unexcused,8766,6,,1
19001,výjimečně,unexceptionally,ˌʌnɛksˈɛpʃənəli,unexceptionally,8767,6,,1
19002,výjimečné,unexceptional,ˌʌnɛksˈɛpʃənəl,unexceptional,8768,6,,1
19003,neúprosný,inexorable,ɪnˈɛksɚɹəbəl,inexorable,8769,6,,1
19004,neúprosně,inexorably,ɪnˈɛksɚɹəbli,inexorably,8770,6,,1
19006,neúprosnost,inexorability,ɪnˈɛksɚɹəbˈɪlᵻɾi,inexorability,8771,6,,1
19007,uklidnit,tranquilise,tɹˈæŋkwəlˌaɪz,tranquilise,8772,6,,1
19008,shovívavě,indulgently,ɪndˈʌldʒəntli,indulgently,8773,6,,1
19009,vrýt,incise,ɪnsˈaɪz,incise,8774,6,,1
19010,nadšeně,rapturously,ɹˈæptʃɚɹəsli,rapturously,8775,6,,1
19011,fraškovitý,farcical,fˈɑːɹsɪkəl,farcical,8776,6,,1
19012,tajný,surreptitious,sɚɹɪptˈɪʃəs,surreptitious,8777,6,,1
19013,tajně,surreptitiously,sɚɹɪptˈɪʃəsli,surreptitiously,8778,6,,1
19014,alegorie,allegory,ˈælɪɡɚɹi,allegory,8779,6,,1
19015,alegorický,allegorical,ˌælɪɡˈɔːɹɪkəl,allegorical,8780,6,,1
19016,sešlý,seedy,sˈiːdi,seedy,8781,6,,1
19017,represivní,punitive,pjˈuːnᵻtˌɪv,punitive,8782,6,,1
19018,trestuhodně,punitively,pjˈuːnᵻtˌɪvli,punitively,8783,6,,1
19019,vznětlivost,temper,tˈɛmpɚ,temper,8784,6,,1
19020,prostředí,milieu,miːljˈuː,milieu,8785,6,,1
19021,sebechvála,self-aggrandisement,sˈɛlfɐɡɹˈændaɪzmənt,selfaggrandisement,8786,6,,1
19022,ryzí,unadulterated,ʌnɐdˈʌltɚɹˌeɪɾᵻd,unadulterated,8787,6,,1
19023,znehodnocovat,adulterate,ɐdˈʌltɚɹˌeɪt,adulterate,8788,6,,1
19024,sponzorovat,patronise,pˈætɹənˌaɪz,patronise,8789,6,,1
19025,blahosklonný,patronising,pˈætɹənˌaɪzɪŋ,patronising,8790,6,,1
19026,povýšeně,patronisingly,pˈætɹənˌaɪzɪŋli,patronisingly,8791,6,,1
19027,přesvědčivý,cogent,kˈoʊdʒənt,cogent,8792,6,,1
19028,přesvědčivě,cogently,kˈoʊdʒəntli,cogently,8793,6,,1
19029,delegovat,relegate,ɹˈɛlᵻɡˌeɪt,relegate,8794,6,,1
19030,nesourodé,incongruous,ɪŋkˈɑːŋɡɹuːəs,incongruous,8795,6,,1
19031,nesourodě,incongruously,ɪŋkˈɑːŋɡɹuːəsli,incongruously,8796,6,,1
19032,nesoulad,incongruity,ɪŋkɑːŋɡɹˈuːᵻɾi,incongruity,8797,6,,1
19033,otupit,deaden,dˈɛdən,deaden,8798,6,,1
19034,naladěný,attuned,ɐtˈuːnd,attuned,8799,6,,1
19035,atributivní,attributive,ɐtɹˈɪbjuːtˌɪv,attributive,8800,6,,1
19037,ekoturistika,ecotourism,ˈɛkətˌʊɹɹɪzəm,ecotourism,8801,6,,1
19038,nával,surge,sˈɜːdʒ,surge,8802,6,,1
19039,hojný,rife,ɹˈaɪf,rife,8803,6,,1
19040,nadšený,rapturous,ɹˈæptʃɚɹəs,rapturous,8804,6,,1
19041,lept,etching,ˈɛtʃɪŋ,etching,8805,6,,1
19042,hýčkat,cosset,kˈɑːsᵻt,cosset,8806,6,,1
19043,poradce,counsel,kˈaʊnsəl,counsel,8807,6,,1
19044,přestupek,misdemanour,mˈɪsdᵻmˌænɚ,misdemanour,8808,6,,1
19045,nadání,aptitude,ˈæptɪtˌuːd,aptitude,8809,6,,1
19046,přívalový,torrential,tɚɹˈɛnʃəl,torrential,8810,6,,1
19047,vyhnat,banish,bˈænɪʃ,banish,8811,6,,1
19048,vyhoštění,banishment,bˈænɪʃmənt,banishment,8812,6,,1
19049,zručnost,knack,nˈæk,knack,8813,6,,1
19050,uskutečnění,fruition,fɹuːˈɪʃən,fruition,8814,6,,1
19051,dráždit,tantalise,tˈæntəlˌaɪz,tantalise,8815,6,,1
19052,dráždivě,tantalisingly,tˈæntəlˌaɪzɪŋli,tantalisingly,8816,6,,1
19053,živitel rodiny,breadwinner,bɹˈɛdwɪnɚ,breadwinner,8817,6,,1
19054,vír,maelstrom,mˈeɪlstɹɑːm,maelstrom,8818,6,,1
19055,depresivní,depressive,dᵻpɹˈɛsɪv,depressive,8819,6,,1
19056,hejno,shoal,ʃˈoʊl,shoal,8820,6,,1
19057,svitek,scroll,skɹˈoʊl,scroll,8821,6,,1
19058,srazit se,collide,kəlˈaɪd,collide,8822,6,,1
19059,srážeč,collider,kəlˈaɪdɚ,collider,8823,6,,1
19060,budova,edifice,ˈɛdɪfɪs,edifice,8824,6,,1
19061,houští,thicket,θˈɪkɪt,thicket,8825,6,,1
19062,kvásek,leaven,lˈɛvən,leaven,8826,6,,1
19063,kynutí,leavening,lˈɛvənɪŋ,leavening,8827,6,,1
19064,étos,ethos,ˈiːθoʊz,ethos,8828,6,,1
19065,exhibicionista,exhibitionist,ɛksɪbˈɪʃənˌɪst,exhibitionist,8829,6,,1
19066,vír,vortex,vˈɔːɹtɛks,vortex,8830,6,,1
19067,šetřit,economise,ɪkˈɑːnəmˌaɪz,economise,8831,6,,1
19068,stojící,standing,stˈændɪŋ,standing,8832,6,,1
19069,přísně,stringently,stɹˈɪndʒəntli,stringently,8833,6,,1
19070,pohrdavý,contemptuous,kəntˈɛmptʃuːəs,contemptuous,8834,6,,1
19071,pohrdavě,contemptuously,kəntˈɛmptʃuːəsli,contemptuously,8835,6,,1
19072,opuštěný,forlorn,fˈɔːɹlɔːɹn,forlorn,8836,6,,1
19073,bezútěšně,forlornly,fˈɔːɹlɔːɹnli,forlornly,8837,6,,1
19074,pokárání,rebuke,ɹᵻbjˈuːk,rebuke,8838,6,,1
19075,pokárat,rebuke,ɹᵻbjˈuːk,rebuke,8839,6,,1
19076,odporný,abhorrent,ɐbhˈɔɹənt,abhorrent,8840,6,,1
19077,hnusit si,abhor,ɐbhˈɔːɹ,abhor,8841,6,,1
19078,odporně,abhorrently,ɐbhˈɔɹəntli,abhorrently,8842,6,,1
19079,aberace,aberration,ˌæbɚɹˈeɪʃən,aberration,8843,6,,1
19080,emulgovat,emulsify,ɪmˈʌlsᵻfˌaɪ,emulsify,8844,6,,1
19081,emulgace,emulsification,ɪmˌʌlsɪfɪkˈeɪʃən,emulsification,8845,6,,1
19082,emulgátor,emulsifier,ɪmˈʌlsɪfˌaɪɚ,emulsifier,8846,6,,1
19083,přísada,additive,ˈædᵻtˌɪv,additive,8847,6,,1
19084,cukroví,confection,kənfˈɛkʃən,confection,8848,6,,1
19085,proximální,proximal,pɹˈɑːksɪməl,proximal,8849,6,,1
19086,vandalizovat,vandalize,vˈændəlˌaɪz,vandalize,8850,6,,1
19087,vandal,vandal,vˈændəl,vandal,8851,6,,1
19088,předstírat,feign,fˈeɪn,feign,8852,6,,1
19089,paradoxní,paradoxical,pˌæɹədˈɑːksɪkəl,paradoxical,8853,6,,1
19090,paradoxně,paradoxically,pˌæɹədˈɑːksɪkli,paradoxically,8854,6,,1
19091,zánět hrtanu,laryngitis,lˌæɹɪndʒˈaɪɾɪs,laryngitis,8855,6,,1
19092,přísné,stringent,stɹˈɪndʒənt,stringent,8856,6,,1
19093,svíravý,astringent,ɐstɹˈɪndʒənt,astringent,8857,6,,1
19094,prolínat,interweave,ˌɪntɚwˈiːv,interweave,8858,6,,1
19095,rozvíjející se,burgeoning,bˈɜːdʒənɪŋ,burgeoning,8859,6,,1
19096,indiskrétní,indiscrete,ˌɪndɪskɹˈiːt,indiscrete,8860,6,,1
19097,netaktnost,indiscretion,ˌɪndɪskɹˈɛʃən,indiscretion,8861,6,,1
19098,korpus,corpus,kˈɔːɹpəs,corpus,8862,6,,1
19099,sípat,wheeze,wˈiːz,wheeze,8863,6,,1
19100,neofyt,neophyte,nˈiːoʊfˌaɪt,neophyte,8864,6,,1
19101,přemluvit,coax,kˈoʊks,coax,8865,6,,1
19102,impozantně,formidably,fɔːɹmˈɪdəbli,formidably,8866,6,,1
19103,impozantní,formidable,fɔːɹmˈɪdəbəl,formidable,8867,6,,1
19104,šilhat,squint,skwˈɪnt,squint,8868,6,,1
19105,vztyčit,hoist,hˈɔɪst,hoist,8869,6,,1
19106,flatout,flatout,flˈæɾaʊt,flatout,8870,6,,1
19107,káně,buzzard,bˈʌzɚd,buzzard,8871,6,,1
19108,falešný,bogus,bˈoʊɡəs,bogus,8872,6,,1
19109,výsměch,derision,dᵻɹˈɪʒən,derision,8873,6,,1
19110,výsměšný,derisive,dᵻɹˈaɪsɪv,derisive,8874,6,,1
19111,posměšně,derisively,dᵻɹˈaɪsɪvli,derisively,8875,6,,1
19112,truismus,truism,tɹˈuːɪzəm,truism,8876,6,,1
19113,chlípný,prurient,pɹˈʊɹɹiənt,prurient,8877,6,,1
19114,chlípnost,prurience,pɹˈʊɹɹiəns,prurience,8878,6,,1
19115,podrážděný,tetchy,tˈɛtʃi,tetchy,8879,6,,1
19116,agilní,agile,ˈædʒəl,agile,8880,6,,1
19117,obratnost,agility,ædʒˈɪlᵻɾi,agility,8881,6,,1
19118,zděšený,aghast,ɐɡˈæst,aghast,8882,6,,1
19119,převyšovat,dwarf,dwˈɔːɹf,dwarf,8883,6,,1
19120,nanismus,dwarfism,dwˈɔːɹfɪzəm,dwarfism,8884,6,,1
19122,leptat,etch,ˈɛtʃ,etch,8885,6,,1
19123,šmrncovní,smattering,smˈæɾɚɹɪŋ,smattering,8886,6,,1
19124,extáze,rapture,ɹˈæptʃɚ,rapture,8887,6,,1
19125,rodící se,nascent,nˈeɪsənt,nascent,8888,6,,1
19126,teleskopický,telescopic,tˌɛlᵻskˈɑːpɪk,telescopic,8889,6,,1
19127,teleskopicky,telescopically,tˌɛlᵻskˈɑːpɪkli,telescopically,8890,6,,1
19128,amorfní,amorphous,ɐmˈɔːɹfəs,amorphous,8891,6,,1
19129,amorfně,amorphously,ɐmˈɔːɹfəsli,amorphously,8892,6,,1
19130,dárkový koš,hamper,hˈæmpɚ,hamper,8893,6,,1
19131,proliferace,proliferation,pɹəlˌɪfɚɹˈeɪʃən,proliferation,8894,6,,1
19132,odstrašující,deterrent,dɪtˈɜːɹənt,deterrent,8895,6,,1
19133,selektivita,selectivity,sᵻlɪktˈɪvᵻɾi,selectivity,8896,6,,1
19134,lámavé,fractious,fɹˈækʃəs,fractious,8897,6,,1
19135,mystika,mystique,mɪstˈiːk,mystique,8898,6,,1
19136,asimilovat,assimilate,ɐsˈɪmᵻlˌeɪt,assimilate,8899,6,,1
19137,asimilace,assimilation,ɐsˌɪmɪlˈeɪʃən,assimilation,8900,6,,1
19138,roztrousit,intersperse,ˌɪntɚspˈɜːs,intersperse,8901,6,,1
19139,doslovně,verbatim,vɜːbˈeɪɾɪm,verbatim,8902,6,,1
19140,opravdu,verily,vˈɛɹili,verily,8903,6,,1
19141,opravdový,veritable,vˈɛɹɪɾəbəl,veritable,8904,6,,1
19142,pravděpodobnost,verisimilitude,vˈɛɹɪsˌɪmɪlˌɪɾuːd,verisimilitude,8905,6,,1
19143,rafinovanost,artifice,ˈɑːɹɾɪfɪs,artifice,8906,6,,1
19144,neproveditelné,unfeasible,ʌnfˈiːzᵻbəl,unfeasible,8907,6,,1
19145,neproveditelně,unfeasibly,ʌnfˈiːzᵻbli,unfeasibly,8908,6,,1
19146,příkaz,behest,bᵻhˈɛst,behest,8909,6,,1
19147,virtuos,virtuoso,vˌɜːtʃuːˈoʊsoʊ,virtuoso,8910,6,,1
19148,virtuozita,virtuosity,vˌɜːtʃuːˈɔsᵻɾi,virtuosity,8911,6,,1
19149,zmrzačení,crippling,kɹˈɪplɪŋ,crippling,8912,6,,1
19150,chvála,laud,lˈɔːd,laud,8913,6,,1
19151,klam,fallacy,fˈæləsi,fallacy,8914,6,,1
19152,odporný,lurid,lˈʊɹɹɪd,lurid,8915,6,,1
19153,padlý na zem,prostrate,pɹˈɑːstɹeɪt,prostrate,8916,6,,1
19154,nahodile,haphazard,hæphˈæzɚd,haphazard,8917,6,,1
19155,nahodile,haphazardly,hæphˈæzɚdli,haphazardly,8918,6,,1
19156,nedostatečně,deficiently,dᵻfˈɪʃəntli,deficiently,8919,6,,1
19157,lahůdky,delicatessen,dˈɛlɪkˌæɾɛsən,delicatessen,8920,6,,1
19158,svalově vázaný,muscle-bound,mˈʌsəlbˈaʊnd,musclebound,8921,6,,1
19159,potápět se,dive,dˈaɪv,dive,8922,6,,1
19160,klad,posit,pˈɑːzɪt,posit,8923,6,,1
19161,objevný,revelatory,ɹˈɛvɪlətˌɔːɹi,revelatory,8924,6,,1
19162,kokon,cocoon,kəkˈuːn,cocoon,8925,6,,1
19163,potupný,ignominious,ˌɪɡnəmˈɪniəs,ignominious,8926,6,,1
19164,potupně,ignominiously,ˌɪɡnəmˈɪniəsli,ignominiously,8927,6,,1
19005,euforie,euphoria,juːfˈɔːɹiə,euphoria,8928,6,,1
19165,euforický,euphoric,juːfˈɔːɹɪk,euphoric,8929,6,,1
19166,euforicky,euphorically,juːfˈɔːɹɪkli,euphorically,8930,6,,1
19167,podlehnout,succumb,səkˈʌm,succumb,8931,6,,1
19168,zrádný,treacherous,tɹˈɛtʃɚɹəs,treacherous,8932,6,,1
19169,zrádně,treacherously,tɹˈɛtʃɚɹəsli,treacherously,8933,6,,1
19170,zrada,treachery,tɹˈɛtʃɚɹi,treachery,8934,6,,1
19171,červ,maggot,mˈæɡət,maggot,8935,6,,1
19172,kukly,chrysalis,kɹˈɪsəlˌɪs,chrysalis,8936,6,,1
19173,pózování,posturing,pˈɔstʃɚɹɪŋ,posturing,8937,6,,1
19174,posturální,postural,pˈɔstʃɚɹəl,postural,8938,6,,1
19175,držení těla,posture,pˈɔstʃɚ,posture,8939,6,,1
19176,rozptýlit,diffuse,dᵻfjˈuːz,diffuse,8940,6,,1
19177,šířit,diffuse,dᵻfjˈuːz,diffuse,8941,6,,1
19178,rovnostářský,egalitarian,ᵻɡˌælɪtˈɛɹiən,egalitarian,8942,6,,1
19179,zpětný pohled,hindsight,hˈaɪndsaɪt,hindsight,8943,6,,1
19180,zhmotnit,materialise,mətˈɪɹiəlˌaɪz,materialise,8944,6,,1
19181,materializace,materialisation,mətˌɪɹiələzˈeɪʃən,materialisation,8945,6,,1
19182,rozptýlit,disperse,dɪspˈɜːs,disperse,8946,6,,1
19183,rozptýlení,dispersal,dɪspˈɜːsəl,dispersal,8947,6,,1
19184,stabilizovat,stabilise,stˈeɪbəlˌaɪz,stabilise,8948,6,,1
19185,všeprostupující,pervasive,pɚvˈeɪsɪv,pervasive,8949,6,,1
19186,všudypřítomnost,pervasiveness,pɚvˈeɪsɪvnəs,pervasiveness,8950,6,,1
19187,zajištěný,secure,sᵻkjˈʊɹ,secure,8951,6,,1
19188,autonomní,autonomous,ɔːtˈɑːnəməs,autonomous,8952,6,,1
19189,autonomně,autonomously,ɔːtˈɑːnəməsli,autonomously,8953,6,,1
19190,zastaralé,outmoded,aʊtmˈoʊdᵻd,outmoded,8954,6,,1
19191,červenofialový,plum,plˈʌm,plum,8955,6,,1
19192,notoricky,notoriously,noʊtˈɔːɹiəsli,notoriously,8956,6,,1
19193,proslulost,notoriety,nˌoʊɾɔːɹˈaɪəɾi,notoriety,8957,6,,1
19194,sluha,menial,mˈiːnɪəl,menial,8958,6,,1
19195,ostrovní,insular,ˈɪnsəlɚ,insular,8959,6,,1
19196,protijed,antidote,ˈæntɪdˌoʊt,antidote,8960,6,,1
19197,patro,palate,pˈælət,palate,8961,6,,1
19198,archivní,archival,ˈɑːɹkaɪvəl,archival,8962,6,,1
19199,chutný,palatable,pˈæləɾəbəl,palatable,8963,6,,1
19200,hermetický,hermetic,hɜːmˈɛɾɪk,hermetic,8964,6,,1
19201,žargon,jargon,dʒˈɑːɹɡən,jargon,8965,6,,1
19202,deklinace,declination,dᵻklᵻnˈeɪʃən,declination,8966,6,,1
19203,odborné,vocational,voʊkˈeɪʃənəl,vocational,8967,6,,1
19204,prostorový,spatial,spˈeɪʃəl,spatial,8968,6,,1
19205,prostorově,spatially,spˈeɪʃəli,spatially,8969,6,,1
19206,přesný,punctual,pˈʌŋktʃuːəl,punctual,8970,6,,1
19207,integrace,integration,ˌɪntᵻɡɹˈeɪʃən,integration,8971,6,,1
19208,mimoškolní,extracurricular,ˌɛkstɹəkɚɹˈɪkjʊlɚ,extracurricular,8972,6,,1
19209,ziskovost,profitability,pɹˌɑːfɪɾəbˈɪlᵻɾi,profitability,8973,6,,1
19210,zahrnovat,encompass,ɛŋkˈʌmpəs,encompass,8974,6,,1
19211,odpovědnost,accountability,ɐkˌaʊntəbˈɪlᵻɾi,accountability,8975,6,,1
19212,rozpustilost,frolic,fɹˈɑːlɪk,frolic,8976,6,,1
19213,minové pole,minefield,mˈaɪnfiːld,minefield,8977,6,,1
19214,úkrok,side-step,sˈaɪdstˈɛp,sidestep,8978,6,,1
19215,hojně,abundantly,ɐbˈʌndəntli,abundantly,8979,6,,1
19216,anarchický,anarchic,ænˈɑːɹkɪk,anarchic,8980,6,,1
19217,krystalizovat,crystallise,kɹˈɪstɐlˌaɪz,crystallise,8981,6,,1
19218,krystalizace,crystallisation,kɹˌɪstɐləzˈeɪʃən,crystallisation,8982,6,,1
19219,nařizovací,prescriptive,pɹɪskɹˈɪptɪv,prescriptive,8983,6,,1
19220,všeobjímající,all-encompassing,ˈɔːlɛŋkˈʌmpəsɪŋ,allencompassing,8984,6,,1
19221,označení,denotation,dᵻnoʊtˈeɪʃən,denotation,8985,6,,1
19222,označovat,denote,dᵻnˈoʊt,denote,8986,6,,1
19223,hoteliér,hotelier,hoʊtˈɛliɚ,hotelier,8987,6,,1
19224,irelevantnost,irrelevancy,ɪɹˈɛlᵻvənsi,irrelevancy,8988,6,,1
19225,námořník,mariner,mˈæɹɪnɚ,mariner,8989,6,,1
19627,trhlina,rift,ɹˈɪft,rift,8990,6,,1
19226,kormidlo,helm,hˈɛlm,helm,8991,6,,1
19227,autopilota,autopilot,ˌɔːɾoʊpˈaɪlət,autopilot,8992,6,,1
19228,eminence,eminence,ˈɛmɪnəns,eminence,8993,6,,1
19229,přední,eminent,ˈɛmɪnənt,eminent,8994,6,,1
19230,přední,preeminent,pɹiːˈɛmɪnənt,preeminent,8995,6,,1
19231,plíseň,mould,mˈoʊld,mould,8996,6,,1
19232,netušený,unsuspected,ʌnsəspˈɛktᵻd,unsuspected,8997,6,,1
19233,paralyzující,paralysingly,pˈæɹəlˌaɪzɪŋli,paralysingly,8998,6,,1
19234,sláva v,glory in,ɡlˈɔːɹi ˈɪn,glory_in,8999,6,,1
19235,decentralizovat,decentralise,dᵻsˈɛntɹəlˌaɪz,decentralise,9000,6,,1
19236,zaujetí,preoccupation,pɹɪˌɑːkjʊpˈeɪʃən,preoccupation,9001,6,,1
19237,prodloužit,prolong,pɹəlˈɔŋ,prolong,9002,6,,1
19238,dřina,drudgery,dɹˈʌdʒɹi,drudgery,9003,6,,1
19239,natlakovat,pressurize,pɹˈɛʃɚɹˌaɪz,pressurize,9004,6,,1
19240,natlakování,pressurization,pɹˌɛʃɚɹᵻzˈeɪʃən,pressurization,9005,6,,1
19241,zprostředkovatel,intermediary,ˌɪntɚmˈiːdiːɚɹi,intermediary,9006,6,,1
19242,poustevník,hermit,hˈɜːmɪt,hermit,9007,6,,1
19243,regulační,regulatory,ɹˈɛɡjʊlətˌɔːɹi,regulatory,9008,6,,1
19244,vysílač,transmitter,tɹænsmˈɪɾɚ,transmitter,9009,6,,1
19245,spontánnost,spontaneity,spˌɑːntənˈeɪᵻɾi,spontaneity,9010,6,,1
19246,provokace,provocation,pɹɑːvəkˈeɪʃən,provocation,9011,6,,1
19247,portrétování,portraiture,pˈɔːɹtɹɪtʃɚ,portraiture,9012,6,,1
19248,nuda,tedium,tˈiːdiəm,tedium,9013,6,,1
19249,obeplout,circumnavigate,sˌɜːkəmnˈævᵻɡˌeɪt,circumnavigate,9014,6,,1
19250,obeplutí,circumnavigation,sˌɜːkəmnˌævɪɡˈeɪʃən,circumnavigation,9015,6,,1
19251,spojit se,liaise,liːˈeɪz,liaise,9016,6,,1
19252,smluvní,contractual,kəntɹˈæktʃuːəl,contractual,9017,6,,1
19253,smluvně,contractually,kəntɹˈæktʃuːəli,contractually,9018,6,,1
19254,pověst,repute,ɹᵻpjˈuːt,repute,9019,6,,1
19255,jednoznačně,unequivocally,ʌnᵻkwˈɪvəkəli,unequivocally,9020,6,,1
19256,ubohý,abject,ˈæbdʒɛkt,abject,9021,6,,1
19257,artikulace,articulation,ɑːɹtˌɪkjʊlˈeɪʃən,articulation,9022,6,,1
19258,falešný,spurious,spjˈʊɹɹiəs,spurious,9023,6,,1
19259,falešně,spuriously,spjˈʊɹɹiəsli,spuriously,9024,6,,1
19260,výhřevné,calorific,kˌælɔːɹˈɪfɪk,calorific,9025,6,,1
19261,fabulovat,fabulate,fˈæbjʊlˌeɪt,fabulate,9026,6,,1
19262,fabulace,fabulation,fˌæbjʊlˈeɪʃən,fabulation,9027,6,,1
19263,osmdesátník,octogenarian,ˌɑːktədʒənˈɛɹiən,octogenarian,9028,6,,1
19264,žravost,voracity,vɔːɹˈæsᵻɾi,voracity,9029,6,,1
19265,mávat,brandish,bɹˈændɪʃ,brandish,9030,6,,1
19266,snop,sheaf,ʃˈiːf,sheaf,9031,6,,1
19267,jednoznačný,unequivocal,ʌnᵻkwˈɪvəkəl,unequivocal,9032,6,,1
19268,využití,utilisation,jˌuːɾɪləzˈeɪʃən,utilisation,9033,6,,1
19269,utilitaristický,utilitarian,jˌuːɾɪlɪtˈɛɹiən,utilitarian,9034,6,,1
19270,blýskavý,glitzy,ɡlˈɪtsi,glitzy,9035,6,,1
19271,zatknout,apprehend,ˌæpɹihˈɛnd,apprehend,9036,6,,1
19272,atletičnost,athleticism,æθlˈɛɾɪsˌɪzəm,athleticism,9037,6,,1
19273,výměra,acreage,ˈeɪkɚɹɪdʒ,acreage,9038,6,,1
19274,afektovanost,affectation,ɐfɪktˈeɪʃən,affectation,9039,6,,1
19275,uvalení,imposition,ɪmpəzˈɪʃən,imposition,9040,6,,1
19276,stanovit,stipulate,stˈɪpjʊlˌeɪt,stipulate,9041,6,,1
19277,ustanovení,stipulation,stˌɪpjʊlˈeɪʃən,stipulation,9042,6,,1
19278,přidělovat,allot,ɐlˈɑːt,allot,9043,6,,1
19279,přidělování,allotment,ɐlˈɑːtmənt,allotment,9044,6,,1
19281,antiklimaticky,anticlimactically,ˌæntɪklaɪmˈæktɪkli,anticlimactically,9045,6,,1
19282,propadnutí,forfeiture,fˈɔːɹfɪtʃɚ,forfeiture,9046,6,,1
19283,prudký útok,blitz,blˈɪts,blitz,9047,6,,1
19284,prvotní,primeval,pɹaɪmˈiːvəl,primeval,9048,6,,1
19285,houževnatost,tenacity,tɛnˈæsᵻɾi,tenacity,9049,6,,1
19286,houževnatý,tenacious,tɛnˈeɪʃəs,tenacious,9050,6,,1
19287,houževnatě,tenaciously,tɛnˈeɪʃəsli,tenaciously,9051,6,,1
19288,genomický,genomic,dʒɛnˈɑːmɪk,genomic,9052,6,,1
19289,genomicky,genomically,dʒɛnˈɑːmɪkli,genomically,9053,6,,1
19290,prostorný,capacious,kəpˈeɪʃəs,capacious,9054,6,,1
19291,odpočinek,repose,ɹᵻpˈoʊz,repose,9055,6,,1
19292,odpočívat,repose,ɹᵻpˈoʊz,repose,9056,6,,1
19293,zatížit,encumber,ɛŋkˈʌmbɚ,encumber,9057,6,,1
19294,překrytí,overlay,ˌoʊvɚlˈeɪ,overlay,9058,6,,1
19295,nostalgie,nostalgia,nəstˈældʒə,nostalgia,9059,6,,1
19296,nostalgický,nostalgic,nəstˈældʒɪk,nostalgic,9060,6,,1
19297,nostalgicky,nostalgically,nəstˈældʒɪkli,nostalgically,9061,6,,1
19298,stížnost,grievance,ɡɹˈiːvəns,grievance,9062,6,,1
19299,deprivace,deprivation,dˌɛpɹɪvˈeɪʃən,deprivation,9063,6,,1
19300,zbytek,residue,ɹˈɛsɪdˌuː,residue,9064,6,,1
19301,reziduální,residual,ɹᵻsˈɪdʒuːəl,residual,9065,6,,1
19302,fyziologický,physiological,fˌɪzɪəlˈɑːdʒɪkəl,physiological,9066,6,,1
19303,fyziologicky,physiologically,fˌɪzɪəlˈɑːdʒɪkli,physiologically,9067,6,,1
19304,seznámit se s (něčím),familiarise,fəmˈɪlɪɹˌaɪz,familiarise,9068,6,,1
19305,metodologie,methodology,mˌɛθədˈɑːlədʒi,methodology,9069,6,,1
19306,metodologické,methodological,mˌɛθədəlˈɑːdʒɪkəl,methodological,9070,6,,1
19307,metodologicky,methodologically,mˌɛθədəlˈɑːdʒɪkli,methodologically,9071,6,,1
19308,úměrný,proportional,pɹəpˈɔːɹʃənəl,proportional,9072,6,,1
19309,úměrně,proportionally,pɹəpˈɔːɹʃənəli,proportionally,9073,6,,1
19310,bydlení,habitation,hˌæbɪtˈeɪʃən,habitation,9074,6,,1
19311,neumělecký,inartistic,ɪnɑːɹtˈɪstɪk,inartistic,9075,6,,1
19312,vyšperkovaný,ornate,ɔːɹnˈeɪt,ornate,9076,6,,1
19313,modernismu,modernism,mˈɑːdɚnˌɪzəm,modernism,9077,6,,1
19314,předpokládat,presuppose,pɹˌiːsəpˈoʊz,presuppose,9078,6,,1
19315,předpoklad,presupposition,pɹˌiːsəpəzˈɪʃən,presupposition,9079,6,,1
19316,centralizované,centralised,sˈɛntɹəlˌaɪzd,centralised,9080,6,,1
19317,kontextuální,contextual,kəntˈɛkstʃuːəl,contextual,9081,6,,1
19318,vis-a-vis,vis-a-vis,vˌiːzɐvˈiː,visavis,9082,6,,1
19319,deska,slab,slˈæb,slab,9083,6,,1
19320,informátor,informant,ɪnfˈɔːɹmənt,informant,9084,6,,1
19321,destilovat,distill,dɪstˈɪl,distill,9085,6,,1
19322,nezatížené,unencumbered,ˌʌnɛŋkˈʌmbɚd,unencumbered,9086,6,,1
19323,klauniáda,buffoonery,bəfˈuːnˌɛɹi,buffoonery,9087,6,,1
19324,gauche,gauche,ɡˈoʊʃ,gauche,9088,6,,1
19325,rodinný život,domesticity,dəmɪstˈɪsᵻɾi,domesticity,9089,6,,1
19326,narůstat,accrue,ɐkɹˈuː,accrue,9090,6,,1
19327,lichocení,blandishment,blˈændɪʃmənt,blandishment,9091,6,,1
19328,škubnutí,pluck,plˈʌk,pluck,9092,6,,1
19329,antropologické,anthropological,ˌænθɹəpəlˈɑːdʒɪkəl,anthropological,9093,6,,1
19330,antropologicky,anthropologically,ˌænθɹəpəlˈɑːdʒɪkli,anthropologically,9094,6,,1
19331,karbonizovat,carbonise,kˈɑːɹbənˌaɪz,carbonise,9095,6,,1
19332,klášterní,monastic,mənˈæstɪk,monastic,9096,6,,1
19333,roubovat,graft,ɡɹˈæft,graft,9097,6,,1
19334,porodnictví,midwifery,mˈɪdwɪfˌɛɹi,midwifery,9098,6,,1
19335,ozdoba,adornment,ɐdˈɔːɹnmənt,adornment,9099,6,,1
19336,nečinný,idle,ˈaɪdəl,idle,9100,6,,1
19337,dohad,conjecture,kəndʒˈɛktʃɚ,conjecture,9101,6,,1
19338,domnívat se,conjecture,kəndʒˈɛktʃɚ,conjecture,9102,6,,1
19339,tvárný,malleable,mˈæləbəl,malleable,9103,6,,1
19340,kujnost,malleability,mˌæləbˈɪlᵻɾi,malleability,9104,6,,1
19341,ruda,ore,ˈɔːɹ,ore,9105,6,,1
19342,vichřice,gale,ɡˈeɪl,gale,9106,6,,1
19343,promenáda,promenade,pɹˌɑːmənˈɑːd,promenade,9107,6,,1
19344,svědectví,testimonial,tˌɛstᵻmˈoʊnɪəl,testimonial,9108,6,,1
19345,destilace,distillation,dɪstɪlˈeɪʃən,distillation,9109,6,,1
19346,zpětný pohled,retrospect,ɹˈɛtɹəspˌɛkt,retrospect,9110,6,,1
19347,retrospektivní,retrospective,ɹˌɛtɹoʊspˈɛktɪv,retrospective,9111,6,,1
19348,retrospekce,retrospection,ɹˌɛtɹoʊspˈɛkʃən,retrospection,9112,6,,1
19349,nedbale,bereftly,bᵻɹˈɛftli,bereftly,9113,6,,1
19350,samomluva,soliloquy,səlˈɪləkwi,soliloquy,9114,6,,1
19351,solipsismus,solipsism,sˈɑːlɪpsˌɪzəm,solipsism,9115,6,,1
19352,vést samomluvu,soliloquize,səlˈɪləkwˌɪz,soliloquize,9116,6,,1
19353,vzpurný,mutinous,mjˈuːtɪnəs,mutinous,9117,6,,1
19354,vzbouřeně,mutinously,mjˈuːtɪnəsli,mutinously,9118,6,,1
19355,prissy,prissy,pɹˈɪsi,prissy,9119,6,,1
19356,plazí,reptilian,ɹɛptˈɪliən,reptilian,9120,6,,1
19357,zmenšit,diminish,dᵻmˈɪnɪʃ,diminish,9121,6,,1
19358,nezmenšující se,undiminishing,ʌndᵻmˈɪnɪʃɪŋ,undiminishing,9122,6,,1
19359,nákaza,contagion,kəntˈeɪdʒən,contagion,9123,6,,1
19360,opuštěný,bereft,bᵻɹˈɛft,bereft,9124,6,,1
19361,usedlost,homestead,hˈoʊmstɛd,homestead,9125,6,,1
19362,úřadující,incumbent,ɪŋkˈʌmbənt,incumbent,9126,6,,1
19363,ležící,recumbent,ɹᵻkˈʌmbənt,recumbent,9127,6,,1
19364,nonšalantní,nonchalant,nˌɑːnʃəlˈɑːnt,nonchalant,9128,6,,1
19365,nonšalantně,nonchalantly,nˌɑːnʃəlˈɑːntli,nonchalantly,9129,6,,1
19366,fascinující,mesmeric,mɛsmˈɛɹɪk,mesmeric,9130,6,,1
19367,zesměšnit,stultify,stˈʌltᵻfˌaɪ,stultify,9131,6,,1
19368,uklidňující,stultifyingly,stˈʌltᵻfˌaɪɪŋli,stultifyingly,9132,6,,1
19369,válet se,wallow,wˈɔloʊ,wallow,9133,6,,1
19370,těžkopádný,ponderous,pˈɑːndɚɹəs,ponderous,9134,6,,1
19371,těžkopádně,ponderously,pˈɑːndɚɹəsli,ponderously,9135,6,,1
19372,únava,lassitude,lˈæsɪtˌuːd,lassitude,9136,6,,1
19373,počítačovat,computerise,kəmpjˈuːɾɚɹˌaɪz,computerise,9137,6,,1
19374,mandl,mangle,mˈæŋɡəl,mangle,9138,6,,1
19375,rozebrat,dissemble,dɪsˈɛmbəl,dissemble,9139,6,,1
19376,šíření,dissemination,dɪsˌɛmᵻnˈeɪʃən,dissemination,9140,6,,1
19377,úzkostlivý,angsty,ˈæŋsti,angsty,9141,6,,1
19378,jednotvárnost,drabness,dɹˈæbnəs,drabness,9142,6,,1
19379,melodický,melodious,mɛlˈoʊdiəs,melodious,9143,6,,1
19380,melodicky,melodiously,mɛlˈoʊdiəsli,melodiously,9144,6,,1
19381,straka,magpie,mˈæɡpaɪ,magpie,9145,6,,1
19382,skřivan,lark,lˈɑːɹk,lark,9146,6,,1
19383,legrace,lark,lˈɑːɹk,lark,9147,6,,1
19384,melancholie,melancholy,mˈɛləŋkˌɑːli,melancholy,9148,6,,1
19385,meteorologie,meteorology,mˌiːɾɪɔːɹˈɑːlədʒi,meteorology,9149,6,,1
19386,meteorologické,meteorological,mˌiːɾɪˌɔːɹəlˈɑːdʒɪkəl,meteorological,9150,6,,1
19387,pokraj,brink,bɹˈɪŋk,brink,9151,6,,1
19388,nepřekonatelné,unsurpassed,ʌnsɚpˈæst,unsurpassed,9152,6,,1
19389,flákat se,loiter,lˈɔɪɾɚ,loiter,9153,6,,1
19390,svrhnout,topple,tˈɑːpəl,topple,9154,6,,1
19391,vnitřní,intrinsic,ɪntɹˈɪnsɪk,intrinsic,9155,6,,1
19392,vnitřně,intrinsically,ɪntɹˈɪnsɪkli,intrinsically,9156,6,,1
19393,zásluhy,merit,mˈɛɹɪt,merit,9157,6,,1
19394,zasloužit si,merit,mˈɛɹɪt,merit,9158,6,,1
19395,skoba,clinch,klˈɪntʃ,clinch,9159,6,,1
19396,anonymita,anonymity,ˌænənˈɪmᵻɾi,anonymity,9160,6,,1
19397,tříska,splinter,splˈɪntɚ,splinter,9161,6,,1
19398,vyčítat,reproach,ɹᵻpɹˈoʊtʃ,reproach,9162,6,,1
19399,šířit,disseminate,dɪsˈɛmᵻnˌeɪt,disseminate,9163,6,,1
19400,okolí,vicinity,vɪsˈɪnᵻɾi,vicinity,9164,6,,1
19401,odliv,ebb,ˈɛb,ebb,9165,6,,1
19402,vosk,wax,wˈæks,wax,9166,6,,1
19403,ubývat,wane,wˈeɪn,wane,9167,6,,1
19404,zaříkání,exorcism,ˈɛksɚsˌɪzəm,exorcism,9168,6,,1
19405,exorcista,exorcist,ˈɛksɚsˌɪst,exorcist,9169,6,,1
19406,všednost,mundanity,mʌndˈænᵻɾi,mundanity,9170,6,,1
19407,prostřednost,mediocrity,mˌiːdɪˈɑːkɹᵻɾi,mediocrity,9171,6,,1
19408,pochybně,dubiously,dˈuːbɪəsli,dubiously,9172,6,,1
19409,kaplan,curate,kjˈʊɹɹeɪt,curate,9173,6,,1
19410,kurátor,curator,kjʊɹɹˈeɪɾɚ,curator,9174,6,,1
19411,protiklad,antithesis,æntˈɪθəsˌɪs,antithesis,9175,6,,1
19412,protikladný,antithetical,ˌæntɪθˈɛɾɪkəl,antithetical,9176,6,,1
19413,parametr,parameter,pɚɹˈæmɪɾɚ,parameter,9177,6,,1
19414,odvrátit,detract,dɪtɹˈækt,detract,9178,6,,1
19415,vyslýchat,interrogate,ɪntˈɛɹəɡˌeɪt,interrogate,9179,6,,1
19416,výslech,interrogation,ɪntˌɛɹəɡˈeɪʃən,interrogation,9180,6,,1
19417,tázací,interrogative,ɪntˈɛɹəɡətˌɪv,interrogative,9181,6,,1
19418,tázavě,interrogatively,ɪntˈɛɹəɡətˌɪvli,interrogatively,9182,6,,1
19419,perverzní,perverse,pɚvˈɜːs,perverse,9183,6,,1
19420,zvrácenost,perversity,pɚvˈɜːsᵻɾi,perversity,9184,6,,1
19421,neprůhledný,opaque,oʊpˈeɪk,opaque,9185,6,,1
19422,neprůhlednost,opacity,ɑːpˈæsᵻɾi,opacity,9186,6,,1
19423,prominout,remit,ɹˈiːmɪt,remit,9187,6,,1
19424,převod,remittance,ɹᵻmˈɪtəns,remittance,9188,6,,1
19425,regrese,recourse,ɹᵻkˈɔːɹs,recourse,9189,6,,1
19426,podstavec,pedestal,pˈɛdɪstəl,pedestal,9190,6,,1
19427,obrazně,figuratively,fˈɪɡjɚɹətˌɪvli,figuratively,9191,6,,1
19428,úzkost,angst,ˈæŋst,angst,9192,6,,1
19429,obrazný,figurative,fˈɪɡjɚɹətˌɪv,figurative,9193,6,,1
19430,zprostředkování,mediation,mˌiːdɪˈeɪʃən,mediation,9194,6,,1
19431,předpotopní,antediluvian,ˌæntɪdɪlˈuːviən,antediluvian,9195,6,,1
19432,zdánlivý,ostensible,ɑːstˈɛnsᵻbəl,ostensible,9196,6,,1
19433,zdánlivě,ostensibly,ɑːstˈɛnsᵻbli,ostensibly,9197,6,,1
19434,blokování,interlocking,ˌɪntɚlˈɑːkɪŋ,interlocking,9198,6,,1
19435,zdrženlivý,undemonstrative,ˌʌndəmˈɑːnstɹətˌɪv,undemonstrative,9199,6,,1
19436,nedemonstrativně,undemonstratively,ˌʌndəmˈɑːnstɹətˌɪvli,undemonstratively,9200,6,,1
19437,hrozba,menace,mˈɛnɪs,menace,9201,6,,1
19438,hrozivý,menacing,mˈɛnɪsɪŋ,menacing,9202,6,,1
19439,výhružně,menacingly,mˈɛnɪsɪŋli,menacingly,9203,6,,1
19440,kalamita,calamity,kɐlˈæmᵻɾi,calamity,9204,6,,1
19441,kalamitní,calamitous,kɐlˈæmɪɾəs,calamitous,9205,6,,1
19442,kalamitně,calamitously,kɐlˈæmɪɾəsli,calamitously,9206,6,,1
19443,blízko,nigh,nˈaɪ,nigh,9207,6,,1
19444,strohý,austere,ɔːstˈɪɹ,austere,9208,6,,1
19445,stroze,austerely,ɔːstˈɪɹli,austerely,9209,6,,1
19446,přísnost,austerity,ɔːstˈɛɹᵻɾi,austerity,9210,6,,1
19447,idiosynkrazie,idiosyncrasy,ˈɪdɪˌɑːsɪŋkɹəsi,idiosyncrasy,9211,6,,1
19448,idiosynkratický,idiosyncratic,ˌɪdɪˌɑːsɪŋkɹˈæɾɪk,idiosyncratic,9212,6,,1
19449,idiomatický,idiomatic,ˌɪdɪəmˈæɾɪk,idiomatic,9213,6,,1
19450,idiomaticky,idiomatically,ˌɪdɪəmˈæɾɪkli,idiomatically,9214,6,,1
19451,kinetický,kinetic,kᵻnˈɛɾɪk,kinetic,9215,6,,1
19452,kineticky,kinetically,kᵻnˈɛɾɪkli,kinetically,9216,6,,1
19453,nezprostředkovaně,unmediated,ʌnmˈiːdɪˌeɪɾᵻd,unmediated,9217,6,,1
19454,zprostředkující,mediate,mˈiːdɪˌeɪt,mediate,9218,6,,1
19455,netrápený,unharried,ʌnhˈæɹid,unharried,9219,6,,1
19456,odporně,luridly,lˈʊɹɹɪdli,luridly,9220,6,,1
19457,dosud,hitherto,hˈɪðɚtˌuː,hitherto,9221,6,,1
19458,znalý,adept,ɐdˈɛpt,adept,9222,6,,1
19459,filantropie,philanthropy,fɪlˈænθɹəpi,philanthropy,9223,6,,1
19460,filantrop,philanthropist,fɪlˈænθɹəpˌɪst,philanthropist,9224,6,,1
19461,dobročinný,philanthropic,fɪlɐnθɹˈɑːpɪk,philanthropic,9225,6,,1
19462,filantropicky,philanthropically,fɪlɐnθɹˈɑːpɪkli,philanthropically,9226,6,,1
19463,předčasný,precocious,pɹɪkˈoʊʃəs,precocious,9227,6,,1
19464,předčasně,precociously,pɹɪkˈoʊʃəsli,precociously,9228,6,,1
19465,slovní mistr,wordsmith,wˈɜːdsmɪθ,wordsmith,9229,6,,1
19466,konotovat,connote,kənˈoʊt,connote,9230,6,,1
19467,konotace,connotation,kɑːnətˈeɪʃən,connotation,9231,6,,1
19468,hlasatel,herald,hˈɛɹəld,herald,9232,6,,1
19469,ohlašovat,herald,hˈɛɹəld,herald,9233,6,,1
19470,filištín,philistine,fˈɪlᵻstˌaɪn,philistine,9234,6,,1
19471,vyvolat,induce,ɪndˈuːs,induce,9235,6,,1
19472,pobídka,inducement,ɪndˈuːsmənt,inducement,9236,6,,1
19473,antologie,anthology,ænθˈɑːlədʒi,anthology,9237,6,,1
19474,nářek,lament,lɐmˈɛnt,lament,9238,6,,1
19475,bědování,lamentation,lɐməntˈeɪʃən,lamentation,9239,6,,1
19476,potrubí,conduit,kˈɑːnduːˌɪt,conduit,9240,6,,1
19477,chronologicky,chronologically,kɹˌɑːnəlˈɑːdʒɪkli,chronologically,9241,6,,1
19478,rovnováha,equilibrium,ˌiːkwɪlˈɪbɹiəm,equilibrium,9242,6,,1
19479,odraz,rebound,ɹᵻbˈaʊnd,rebound,9243,6,,1
19480,narážka,innuendo,ɪnnjuːˈɛndoʊ,innuendo,9244,6,,1
19481,žádat,solicit,səlˈɪsɪt,solicit,9245,6,,1
19482,hřad,perch,pˈɜːtʃ,perch,9246,6,,1
19483,okoun,perch,pˈɜːtʃ,perch,9247,6,,1
19484,slovní spojení,wordage,wˈɜːdɪdʒ,wordage,9248,6,,1
19485,stručnost,brevity,bɹˈɛvᵻɾi,brevity,9249,6,,1
19486,podivné,uncanny,ʌŋkˈæni,uncanny,9250,6,,1
19487,taktika,tactic,tˈæktɪk,tactic,9251,6,,1
19488,taktický,tactical,tˈæktɪkəl,tactical,9252,6,,1
19489,takticky,tactically,tˈæktɪkli,tactically,9253,6,,1
19490,gambit,gambit,ɡˈæmbɪt,gambit,9254,6,,1
19491,blábolit,babble,bˈæbəl,babble,9255,6,,1
19492,cetka,bauble,bˈɔːbəl,bauble,9256,6,,1
19493,souviset,correlate,kˈɔɹɪlˌeɪt,correlate,9257,6,,1
19494,korelace,correlation,kˌɔɹɪlˈeɪʃən,correlation,9258,6,,1
19495,spalování,combustion,kəmbˈʌstʃən,combustion,9259,6,,1
19496,pečlivý,painstaking,pˈeɪnsteɪkɪŋ,painstaking,9260,6,,1
19497,pečlivě,painstakingly,pˈeɪnsteɪkɪŋli,painstakingly,9261,6,,1
19498,mašinka,contraption,kəntɹˈæpʃən,contraption,9262,6,,1
19499,pletivo,mesh,mˈɛʃ,mesh,9263,6,,1
19500,aktivátor,enabler,ɛnˈeɪblɚ,enabler,9264,6,,1
19501,kolísat,fluctuate,flˈʌktʃuːˌeɪt,fluctuate,9265,6,,1
19502,kolísání,fluctuation,flˌʌktʃuːˈeɪʃən,fluctuation,9266,6,,1
19503,textař,lyricist,lˈɪɹɪsˌɪst,lyricist,9267,6,,1
19504,lyrický,lyrical,lˈɪɹɪkəl,lyrical,9268,6,,1
19505,lyricky,lyrically,lˈɪɹɪkli,lyrically,9269,6,,1
19506,v dobré víře,bona fide,bˈoʊnə fˈaɪd,bona_fide,9270,6,,1
19507,skomírající,moribund,mˈɔːɹɪbˌʌnd,moribund,9271,6,,1
19508,odskočit,rebound,ɹᵻbˈaʊnd,rebound,9272,6,,1
19509,tvrzení,proposition,pɹˌɑːpəzˈɪʃən,proposition,9273,6,,1
19510,označování,flagging,flˈæɡɪŋ,flagging,9274,6,,1
19511,elektroda,electrode,ᵻlˈɛktɹoʊd,electrode,9275,6,,1
19512,katastrofálně,catastrophically,kˌæɾəstɹˈɑːfɪkli,catastrophically,9276,6,,1
19513,nevyzpytatelný,wayward,wˈeɪwɚd,wayward,9277,6,,1
19514,reklama,blurb,blˈɜːb,blurb,9278,6,,1
19515,provinční,provincial,pɹəvˈɪnʃəl,provincial,9279,6,,1
19516,indolentní,indolent,ˈɪndələnt,indolent,9280,6,,1
19517,netečně,indolently,ˈɪndələntli,indolently,9281,6,,1
19518,indolence,indolence,ˈɪndələns,indolence,9282,6,,1
19519,tvůrce chuti,taste-maker,tˈeɪstmˈeɪkɚ,tastemaker,9283,6,,1
19520,deviantní,deviant,dˈiːviənt,deviant,9284,6,,1
19521,deviantně,deviantly,dˈiːviəntli,deviantly,9285,6,,1
19522,zplodit,engender,ɛndʒˈɛndɚ,engender,9286,6,,1
19523,zisk,emolument,ɪmˈɑːljuːmənt,emolument,9287,6,,1
19524,velkomyslnost,munificence,mjuːnˈɪfɪsəns,munificence,9288,6,,1
19526,potomstvo,posterity,pɑːstˈɛɹᵻɾi,posterity,9289,6,,1
19527,jedovatý,venomous,vˈɛnəməs,venomous,9290,6,,1
19528,jedovatě,venomously,vˈɛnəməsli,venomously,9291,6,,1
19529,choreografie,choreography,kˌɔːɹɪˈɑːɡɹəfi,choreography,9292,6,,1
19530,choreografické,choreographical,kˌɔːɹɪəɡɹˈæfɪkəl,choreographical,9293,6,,1
19531,archetyp,archetype,ˈɑːɹkɪtˌaɪp,archetype,9294,6,,1
19532,typický,archetypal,ˌɑːɹkɪtˈaɪpəl,archetypal,9295,6,,1
19533,neshoda,dissension,dɪsˈɛnʃən,dissension,9296,6,,1
19534,vznešený,exalted,ɛɡzˈɑːltᵻd,exalted,9297,6,,1
19535,vznešeně,exaltedly,ɛɡzˈɑːltᵻdli,exaltedly,9298,6,,1
19536,nešťastný,hapless,hˈæpləs,hapless,9299,6,,1
19537,inertní,inert,ɪnˈɜːt,inert,9300,6,,1
19538,neznatelně,imperceptibly,ɪmpɚsˈɛptᵻbli,imperceptibly,9301,6,,1
19539,stavidla,floodgates,flˈʌdɡeɪts,floodgates,9302,6,,1
19540,kofeinát,caffeinate,kˈæfɪnˌeɪt,caffeinate,9303,6,,1
19541,vesmírný,cosmic,kˈɑːzmɪk,cosmic,9304,6,,1
19542,mezihra,interlude,ˈɪntɚlˌuːd,interlude,9305,6,,1
19543,útočiště,haven,hˈeɪvən,haven,9306,6,,1
19544,příjemce,beneficiary,bˌɛnɪfˈɪʃɚɹi,beneficiary,9307,6,,1
19545,zotavit se,recuperate,ɹᵻkjˈuːpɚɹˌeɪt,recuperate,9308,6,,1
19546,zotavení,recuperation,ɹᵻkjˌuːpɚɹˈeɪʃən,recuperation,9309,6,,1
19547,rekuperační,recuperative,ɹᵻkjˈuːpɚɹətˌɪv,recuperative,9310,6,,1
19548,kultovní,cultish,kˈʌltɪʃ,cultish,9311,6,,1
19549,seismické,seismic,sˈaɪzmɪk,seismic,9312,6,,1
19550,neodvolatelně,irrevocably,ɪɹᵻvˈɑːkəbli,irrevocably,9313,6,,1
19551,neodvolatelný,irrevocable,ɪɹᵻvˈɑːkəbəl,irrevocable,9314,6,,1
19552,pohybovat se klouzavě,slither,slˈɪðɚ,slither,9315,6,,1
19553,vynervovat,unnerve,ʌnnˈɜːv,unnerve,9316,6,,1
19554,znervózňující,unnerving,ʌnnˈɜːvɪŋ,unnerving,9317,6,,1
19628,znepokojivě,unnervingly,ʌnnˈɜːvɪŋli,unnervingly,9318,6,,1
19629,vyčnívat,protrude,pɹətɹˈuːd,protrude,9319,6,,1
19630,výčnělek,protrusion,pɹətɹˈuːʒən,protrusion,9320,6,,1
19631,kvalitativní,qualitative,kwˈɔlᵻtˌeɪɾɪv,qualitative,9321,6,,1
19632,procesní,procedural,pɹəsˈiːdʒɚɹəl,procedural,9322,6,,1
19633,demystifikovat,demystify,dˌiːmˈɪstᵻfˌaɪ,demystify,9323,6,,1
19634,demystifikace,demystification,dˌiːmˌɪstɪfɪkˈeɪʃən,demystification,9324,6,,1
19635,proprietární,proprietary,pɹəpɹˈaɪətɛɹi,proprietary,9325,6,,1
19636,vlastnické,proprietorial,pɹəpɹaɪətˈɔːɹɪəl,proprietorial,9326,6,,1
19637,neznatelný,imperceptible,ɪmpɚsˈɛptᵻbəl,imperceptible,9327,6,,1
19638,pochvalný,laudatory,lˈɔːdətˌɔːɹi,laudatory,9328,6,,1
